cliente_id,plano,contrato,forma_pagamento,canal_aquisicao,tempo_cliente_meses,receita_mensal,desconto_pct,horas_uso_semana,queda_uso_30d_pct,dias_sem_acesso,nota_satisfacao,chamados_90d,falhas_pagamento_90d,reajuste_recente,cancelou_60d
CLI00001,Plus,Mensal,Débito automático,Mídia paga,13,67.92,15,2.6,19.6,8,6,0,1,0,0
CLI00002,Essencial,Mensal,Pix,Indicação,68,49.9,0,1.7,38.2,4,5,1,0,0,0
CLI00003,Premium,Mensal,Cartão,Busca orgânica,17,113.9,5,3.1,37.3,9,7,2,1,0,0
CLI00004,Plus,Anual,Cartão,Indicação,42,75.9,5,4.5,9.8,2,7,1,0,0,0
CLI00005,Essencial,Mensal,Cartão,Busca orgânica,21,44.91,10,2.7,4.8,6,10,0,0,0,0
CLI00006,Premium,Mensal,Cartão,Mídia paga,12,113.9,5,4.8,26.0,4,7,0,0,1,1
CLI00007,Plus,Mensal,Cartão,Parceiro,8,71.91,10,11.8,29.5,6,6,1,0,0,0
CLI00008,Plus,Anual,Débito automático,Busca orgânica,45,71.91,10,5.2,30.1,6,5,1,0,0,0
CLI00009,Essencial,Anual,Cartão,Busca orgânica,31,47.4,5,4.0,49.7,5,9,0,0,1,0
CLI00010,Essencial,Mensal,Débito automático,Mídia paga,14,49.9,0,3.2,3.6,7,7,2,0,0,0
CLI00011,Essencial,Anual,Boleto,Mídia paga,45,44.91,10,1.1,20.8,9,9,0,0,0,0
CLI00012,Premium,Mensal,Cartão,Busca orgânica,15,119.9,0,0.9,19.8,2,9,0,0,0,0
CLI00013,Plus,Anual,Boleto,Busca orgânica,30,71.91,10,2.7,35.1,8,8,1,1,0,0
CLI00014,Premium,Mensal,Cartão,Busca orgânica,33,119.9,0,5.3,47.4,5,7,1,1,1,1
CLI00015,Essencial,Mensal,Pix,Busca orgânica,86,49.9,0,3.2,35.4,7,4,0,1,1,0
CLI00016,Essencial,Mensal,Boleto,Busca orgânica,83,47.4,5,1.5,9.3,8,8,0,1,0,0
CLI00017,Plus,Anual,Débito automático,Indicação,15,75.9,5,8.1,5.2,2,9,0,0,0,0
CLI00018,Essencial,Anual,Cartão,Mídia paga,12,39.92,20,1.3,38.6,13,8,0,0,0,0
CLI00019,Premium,Mensal,Cartão,Busca orgânica,28,107.91,10,5.2,24.7,2,6,0,0,1,0
CLI00020,Plus,Mensal,Cartão,Busca orgânica,49,75.9,5,5.3,34.6,6,6,0,1,0,1
CLI00021,Plus,Mensal,Boleto,Busca orgânica,4,67.92,15,5.0,8.4,8,10,0,0,0,0
CLI00022,Essencial,Mensal,Cartão,Mídia paga,71,49.9,0,10.9,50.7,11,8,1,1,1,0
CLI00023,Premium,Mensal,Pix,Busca orgânica,18,119.9,0,8.2,40.1,9,7,2,0,0,1
CLI00024,Premium,Mensal,Cartão,Indicação,48,119.9,0,6.3,39.5,8,5,3,0,1,0
CLI00025,Plus,Anual,Cartão,Busca orgânica,18,75.9,5,8.7,30.7,11,7,0,0,0,0
CLI00026,Essencial,Mensal,Cartão,Indicação,66,44.91,10,5.0,26.1,8,5,1,0,0,0
CLI00027,Plus,Anual,Cartão,Busca orgânica,17,71.91,10,1.5,12.4,7,8,0,0,0,0
CLI00028,Essencial,Mensal,Pix,Busca orgânica,39,44.91,10,2.6,18.3,8,7,1,0,0,0
CLI00029,Essencial,Mensal,Cartão,Busca orgânica,25,49.9,0,4.8,29.5,3,7,0,2,0,1
CLI00030,Plus,Mensal,Cartão,Busca orgânica,9,71.91,10,5.8,49.8,7,7,0,1,0,0
CLI00031,Plus,Mensal,Pix,Busca orgânica,17,79.9,0,3.5,63.1,11,6,0,0,0,0
CLI00032,Premium,Mensal,Cartão,Busca orgânica,3,107.91,10,12.7,13.1,6,8,0,1,0,0
CLI00033,Essencial,Anual,Débito automático,Indicação,15,47.4,5,9.2,2.6,7,6,1,0,0,0
CLI00034,Essencial,Mensal,Pix,Parceiro,32,47.4,5,2.0,32.2,7,6,2,0,0,0
CLI00035,Plus,Mensal,Pix,Mídia paga,64,71.91,10,16.2,11.6,5,6,2,0,0,0
CLI00036,Essencial,Anual,Cartão,Mídia paga,24,49.9,0,5.2,41.5,7,5,0,0,0,0
CLI00037,Essencial,Mensal,Cartão,Indicação,96,47.4,5,3.5,71.8,5,6,1,0,0,0
CLI00038,Plus,Mensal,Débito automático,Parceiro,52,63.92,20,8.1,40.8,13,8,0,0,0,0
CLI00039,Essencial,Anual,Débito automático,Mídia paga,13,49.9,0,1.3,22.4,3,9,0,0,0,0
CLI00040,Plus,Mensal,Cartão,Busca orgânica,25,67.92,15,7.6,3.8,4,8,2,0,0,0
CLI00041,Essencial,Mensal,Cartão,Mídia paga,37,44.91,10,3.4,42.6,9,7,0,0,1,0
CLI00042,Premium,Anual,Cartão,Busca orgânica,18,101.92,15,11.8,22.7,2,6,3,1,0,0
CLI00043,Plus,Anual,Débito automático,Parceiro,32,79.9,0,7.3,8.7,4,9,0,0,0,0
CLI00044,Essencial,Mensal,Cartão,Indicação,16,44.91,10,7.5,39.5,10,4,2,0,1,0
CLI00045,Premium,Mensal,Boleto,Mídia paga,25,113.9,5,2.9,89.2,10,6,0,1,1,1
CLI00046,Plus,Anual,Cartão,Parceiro,59,79.9,0,6.9,25.5,7,7,0,1,0,0
CLI00047,Essencial,Mensal,Boleto,Busca orgânica,17,47.4,5,2.0,10.1,9,7,2,1,0,0
CLI00048,Essencial,Mensal,Cartão,Mídia paga,7,42.42,15,4.6,38.7,8,6,0,2,0,1
CLI00049,Plus,Mensal,Cartão,Indicação,85,75.9,5,5.6,24.5,11,8,1,1,0,0
CLI00050,Essencial,Anual,Cartão,Mídia paga,46,49.9,0,2.4,55.3,10,6,1,0,1,0
CLI00051,Essencial,Mensal,Cartão,Busca orgânica,35,49.9,0,2.2,23.9,10,4,1,1,1,0
CLI00052,Essencial,Mensal,Boleto,Busca orgânica,69,49.9,0,1.1,7.0,7,7,2,2,1,0
CLI00053,Plus,Mensal,Cartão,Busca orgânica,48,79.9,0,8.2,4.1,4,7,0,1,0,0
CLI00054,Plus,Mensal,Cartão,Mídia paga,18,75.9,5,6.0,15.9,4,8,1,0,1,0
CLI00055,Plus,Anual,Boleto,Mídia paga,84,79.9,0,4.2,7.4,1,9,0,1,0,0
CLI00056,Plus,Mensal,Cartão,Busca orgânica,32,67.92,15,5.7,55.0,10,8,3,0,0,0
CLI00057,Essencial,Mensal,Cartão,Busca orgânica,43,44.91,10,8.6,9.3,3,8,0,0,0,0
CLI00058,Plus,Anual,Cartão,Busca orgânica,5,75.9,5,4.0,74.1,13,6,0,2,0,0
CLI00059,Essencial,Mensal,Cartão,Mídia paga,10,49.9,0,2.5,4.0,6,8,0,0,0,0
CLI00060,Essencial,Mensal,Boleto,Indicação,8,47.4,5,2.2,55.1,11,5,1,1,0,0
CLI00061,Plus,Mensal,Cartão,Busca orgânica,8,71.91,10,6.8,2.6,3,8,0,0,0,0
CLI00062,Plus,Anual,Débito automático,Parceiro,38,79.9,0,2.6,40.5,9,6,1,0,0,0
CLI00063,Plus,Anual,Cartão,Parceiro,12,67.92,15,4.2,20.4,5,7,1,1,1,0
CLI00064,Plus,Anual,Cartão,Busca orgânica,31,71.91,10,3.0,6.0,5,6,0,1,0,0
CLI00065,Plus,Mensal,Débito automático,Busca orgânica,47,63.92,20,6.2,42.6,6,7,1,0,0,0
CLI00066,Plus,Mensal,Débito automático,Mídia paga,15,71.91,10,5.0,15.6,4,8,1,0,0,0
CLI00067,Plus,Mensal,Pix,Busca orgânica,12,79.9,0,7.1,42.6,4,6,1,0,1,1
CLI00068,Essencial,Anual,Cartão,Indicação,5,47.4,5,0.9,35.4,12,7,0,0,0,0
CLI00069,Essencial,Mensal,Cartão,Parceiro,56,49.9,0,2.1,17.8,6,9,0,1,1,0
CLI00070,Essencial,Anual,Débito automático,Busca orgânica,15,49.9,0,3.2,23.9,7,8,0,0,1,0
CLI00071,Essencial,Anual,Pix,Busca orgânica,72,49.9,0,4.7,21.0,4,8,0,0,1,0
CLI00072,Essencial,Mensal,Cartão,Busca orgânica,35,47.4,5,3.0,16.2,3,8,0,0,1,0
CLI00073,Premium,Mensal,Cartão,Parceiro,62,119.9,0,6.1,19.0,7,7,1,0,0,0
CLI00074,Essencial,Mensal,Débito automático,Mídia paga,7,47.4,5,5.9,5.6,5,5,1,0,0,1
CLI00075,Essencial,Mensal,Cartão,Indicação,41,47.4,5,2.2,35.4,10,9,0,1,1,0
CLI00076,Essencial,Anual,Pix,Mídia paga,42,49.9,0,4.1,46.5,8,6,2,0,0,0
CLI00077,Essencial,Mensal,Débito automático,Mídia paga,54,47.4,5,4.9,30.8,8,8,0,1,0,0
CLI00078,Plus,Anual,Cartão,Mídia paga,13,63.92,20,2.5,24.2,7,8,1,1,0,0
CLI00079,Plus,Mensal,Pix,Indicação,16,75.9,5,3.9,30.8,10,6,1,1,0,0
CLI00080,Plus,Mensal,Pix,Busca orgânica,55,67.92,15,6.6,6.0,4,6,0,1,0,0
CLI00081,Plus,Anual,Pix,Mídia paga,6,71.91,10,3.9,11.2,5,4,2,1,0,0
CLI00082,Essencial,Anual,Boleto,Indicação,11,47.4,5,4.0,40.4,8,5,3,1,0,1
CLI00083,Plus,Mensal,Pix,Busca orgânica,40,79.9,0,3.9,47.5,8,6,2,0,0,0
CLI00084,Essencial,Anual,Cartão,Mídia paga,18,49.9,0,7.7,37.2,9,1,3,1,1,0
CLI00085,Essencial,Anual,Cartão,Mídia paga,20,49.9,0,3.8,34.7,5,6,1,0,1,0
CLI00086,Essencial,Anual,Pix,Indicação,2,49.9,0,1.8,38.8,8,6,0,0,0,0
CLI00087,Plus,Mensal,Cartão,Busca orgânica,68,67.92,15,5.1,12.6,6,10,1,0,0,0
CLI00088,Plus,Mensal,Débito automático,Mídia paga,19,79.9,0,3.4,6.4,4,9,2,0,0,0
CLI00089,Essencial,Mensal,Cartão,Indicação,39,42.42,15,3.4,33.5,6,8,1,0,0,0
CLI00090,Plus,Mensal,Cartão,Busca orgânica,56,75.9,5,8.7,22.1,7,4,0,0,0,0
CLI00091,Essencial,Mensal,Cartão,Busca orgânica,20,44.91,10,2.4,12.3,5,8,1,0,1,0
CLI00092,Plus,Mensal,Débito automático,Indicação,3,79.9,0,3.9,49.8,9,8,0,0,0,1
CLI00093,Essencial,Mensal,Débito automático,Busca orgânica,39,44.91,10,0.7,26.2,8,5,1,0,0,0
CLI00094,Essencial,Mensal,Pix,Parceiro,69,49.9,0,3.6,58.2,8,7,1,1,0,0
CLI00095,Essencial,Mensal,Cartão,Busca orgânica,45,47.4,5,2.5,53.7,15,4,2,1,0,0
CLI00096,Plus,Mensal,Boleto,Busca orgânica,34,79.9,0,7.3,9.1,12,6,0,1,1,0
CLI00097,Essencial,Mensal,Débito automático,Busca orgânica,44,42.42,15,1.5,52.0,6,6,1,0,1,0
CLI00098,Essencial,Mensal,Cartão,Busca orgânica,49,44.91,10,4.5,8.3,4,6,0,0,1,0
CLI00099,Essencial,Anual,Débito automático,Busca orgânica,24,47.4,5,4.3,10.4,5,6,0,0,0,0
CLI00100,Premium,Mensal,Boleto,Mídia paga,71,119.9,0,6.8,23.1,8,8,0,1,0,0
CLI00101,Premium,Mensal,Cartão,Mídia paga,29,113.9,5,14.8,32.7,12,7,0,0,0,0
CLI00102,Plus,Mensal,Cartão,Busca orgânica,51,79.9,0,14.8,19.2,3,6,1,0,0,1
CLI00103,Essencial,Mensal,Pix,Busca orgânica,11,47.4,5,6.1,43.7,7,7,2,1,0,1
CLI00104,Premium,Mensal,Cartão,Busca orgânica,25,119.9,0,1.1,32.1,8,5,1,0,1,0
CLI00105,Plus,Mensal,Débito automático,Busca orgânica,13,67.92,15,2.8,22.4,6,5,1,2,0,1
CLI00106,Plus,Anual,Pix,Busca orgânica,36,79.9,0,1.9,4.2,3,8,1,0,0,0
CLI00107,Essencial,Anual,Cartão,Busca orgânica,10,47.4,5,1.6,23.0,6,7,1,0,0,0
CLI00108,Essencial,Mensal,Cartão,Busca orgânica,45,49.9,0,6.4,5.5,4,8,0,0,1,0
CLI00109,Essencial,Mensal,Débito automático,Busca orgânica,38,44.91,10,8.9,43.3,8,6,1,1,1,0
CLI00110,Premium,Mensal,Cartão,Mídia paga,22,119.9,0,12.2,27.7,6,6,4,0,0,0
CLI00111,Essencial,Mensal,Cartão,Busca orgânica,47,39.92,20,4.0,16.8,5,9,1,1,0,0
CLI00112,Essencial,Mensal,Cartão,Parceiro,11,49.9,0,1.4,6.5,5,10,0,1,1,0
CLI00113,Essencial,Anual,Débito automático,Busca orgânica,44,44.91,10,3.0,4.4,6,5,0,0,0,0
CLI00114,Plus,Mensal,Cartão,Mídia paga,12,63.92,20,7.5,22.3,12,8,2,0,1,0
CLI00115,Essencial,Mensal,Cartão,Mídia paga,15,44.91,10,10.0,21.5,1,8,1,0,0,0
CLI00116,Premium,Mensal,Débito automático,Mídia paga,56,119.9,0,13.4,6.6,3,8,2,0,0,0
CLI00117,Plus,Mensal,Cartão,Mídia paga,57,67.92,15,3.5,36.0,7,4,1,0,0,0
CLI00118,Plus,Anual,Débito automático,Indicação,36,79.9,0,3.8,14.4,4,10,0,0,1,0
CLI00119,Essencial,Mensal,Cartão,Busca orgânica,96,44.91,10,2.9,26.1,7,5,2,0,0,0
CLI00120,Plus,Mensal,Débito automático,Parceiro,75,71.91,10,7.2,14.6,11,10,0,0,0,0
CLI00121,Plus,Mensal,Cartão,Busca orgânica,22,79.9,0,2.5,6.5,4,8,0,1,0,0
CLI00122,Plus,Anual,Cartão,Mídia paga,12,67.92,15,4.6,67.4,11,7,0,0,0,0
CLI00123,Essencial,Mensal,Cartão,Mídia paga,45,47.4,5,4.1,7.3,5,5,0,2,0,0
CLI00124,Essencial,Anual,Boleto,Busca orgânica,30,42.42,15,4.8,13.5,8,5,1,1,0,0
CLI00125,Essencial,Anual,Débito automático,Mídia paga,39,49.9,0,3.4,14.5,5,9,1,0,0,0
CLI00126,Plus,Anual,Cartão,Busca orgânica,42,67.92,15,4.5,14.1,6,8,0,0,0,0
CLI00127,Essencial,Mensal,Cartão,Indicação,14,47.4,5,5.1,7.3,8,10,1,0,0,0
CLI00128,Essencial,Anual,Cartão,Mídia paga,11,47.4,5,4.1,1.9,3,9,0,0,1,0
CLI00129,Essencial,Mensal,Cartão,Mídia paga,40,49.9,0,5.8,40.7,6,5,1,1,0,0
CLI00130,Plus,Anual,Cartão,Busca orgânica,39,79.9,0,3.5,7.1,2,10,2,0,0,0
CLI00131,Essencial,Mensal,Débito automático,Indicação,8,49.9,0,10.3,33.6,10,7,0,3,0,0
CLI00132,Premium,Mensal,Cartão,Mídia paga,15,113.9,5,12.2,24.1,4,10,1,1,0,0
CLI00133,Plus,Mensal,Débito automático,Mídia paga,11,71.91,10,9.1,18.1,5,7,1,0,0,0
CLI00134,Essencial,Anual,Cartão,Mídia paga,27,44.91,10,2.6,28.9,9,7,2,1,0,1
CLI00135,Plus,Anual,Débito automático,Busca orgânica,25,79.9,0,2.4,15.1,6,7,0,1,0,0
CLI00136,Essencial,Mensal,Cartão,Busca orgânica,5,39.92,20,1.2,15.1,5,7,0,0,0,0
CLI00137,Premium,Mensal,Cartão,Busca orgânica,28,119.9,0,26.0,52.3,9,7,1,0,0,0
CLI00138,Plus,Anual,Débito automático,Indicação,32,71.91,10,10.0,26.5,7,10,0,0,0,0
CLI00139,Plus,Anual,Cartão,Mídia paga,33,71.91,10,3.5,46.0,11,6,3,0,0,0
CLI00140,Essencial,Anual,Débito automático,Indicação,11,47.4,5,1.6,12.3,3,8,0,1,0,0
CLI00141,Plus,Mensal,Débito automático,Busca orgânica,25,75.9,5,6.9,42.4,11,9,0,0,0,0
CLI00142,Plus,Anual,Boleto,Mídia paga,62,79.9,0,4.2,50.2,15,5,1,1,1,0
CLI00143,Premium,Anual,Débito automático,Busca orgânica,15,113.9,5,10.1,6.5,5,10,1,0,0,0
CLI00144,Plus,Mensal,Cartão,Mídia paga,59,63.92,20,3.3,7.1,3,8,0,0,0,0
CLI00145,Plus,Mensal,Cartão,Indicação,18,79.9,0,5.5,54.9,13,6,1,0,0,0
CLI00146,Essencial,Mensal,Débito automático,Busca orgânica,52,42.42,15,5.2,27.1,5,6,1,0,0,0
CLI00147,Essencial,Mensal,Cartão,Mídia paga,39,44.91,10,10.3,9.9,4,8,0,1,0,0
CLI00148,Plus,Anual,Pix,Parceiro,27,67.92,15,0.1,48.5,9,7,0,1,0,0
CLI00149,Essencial,Mensal,Cartão,Mídia paga,34,49.9,0,4.3,4.9,5,10,1,0,0,0
CLI00150,Essencial,Mensal,Débito automático,Busca orgânica,3,44.91,10,2.0,36.8,6,9,1,0,0,0
CLI00151,Premium,Mensal,Cartão,Indicação,48,119.9,0,0.5,13.6,2,5,2,0,0,0
CLI00152,Premium,Anual,Cartão,Mídia paga,9,113.9,5,5.9,22.7,7,7,2,1,1,0
CLI00153,Essencial,Anual,Boleto,Mídia paga,65,44.91,10,3.8,18.9,6,7,1,0,1,0
CLI00154,Plus,Mensal,Débito automático,Indicação,35,79.9,0,6.9,78.6,10,8,0,1,1,1
CLI00155,Essencial,Anual,Cartão,Busca orgânica,11,39.92,20,9.7,22.3,7,7,1,0,0,0
CLI00156,Plus,Mensal,Cartão,Indicação,48,75.9,5,5.9,16.2,6,8,2,0,0,0
CLI00157,Essencial,Anual,Débito automático,Indicação,28,47.4,5,7.3,54.4,10,6,3,0,0,0
CLI00158,Plus,Anual,Cartão,Parceiro,41,67.92,15,7.8,12.5,8,8,0,0,1,0
CLI00159,Plus,Mensal,Pix,Busca orgânica,24,67.92,15,3.9,22.0,5,6,1,0,0,0
CLI00160,Plus,Anual,Débito automático,Busca orgânica,44,67.92,15,5.5,30.6,5,4,1,1,0,0
CLI00161,Essencial,Mensal,Cartão,Parceiro,16,44.91,10,7.5,62.4,15,6,1,0,0,1
CLI00162,Premium,Mensal,Cartão,Parceiro,20,107.91,10,1.8,18.9,8,8,3,2,0,0
CLI00163,Essencial,Mensal,Cartão,Parceiro,38,49.9,0,3.7,10.1,6,7,1,1,0,0
CLI00164,Essencial,Anual,Cartão,Mídia paga,66,44.91,10,1.2,16.4,5,6,1,1,0,0
CLI00165,Plus,Mensal,Pix,Parceiro,26,71.91,10,2.7,34.4,5,5,0,0,1,0
CLI00166,Essencial,Mensal,Cartão,Indicação,46,49.9,0,7.8,33.9,4,8,1,1,0,0
CLI00167,Premium,Mensal,Boleto,Mídia paga,43,95.92,20,3.1,22.0,10,6,1,0,0,0
CLI00168,Plus,Anual,Débito automático,Busca orgânica,63,75.9,5,1.3,11.6,5,8,1,0,0,0
CLI00169,Essencial,Mensal,Cartão,Indicação,12,44.91,10,3.5,11.9,4,6,0,1,1,0
CLI00170,Premium,Mensal,Pix,Indicação,34,107.91,10,9.2,2.7,3,9,2,0,0,0
CLI00171,Essencial,Mensal,Cartão,Indicação,32,49.9,0,0.7,26.3,6,10,0,0,0,0
CLI00172,Plus,Anual,Cartão,Mídia paga,34,75.9,5,15.1,8.4,3,6,1,0,0,1
CLI00173,Essencial,Mensal,Pix,Parceiro,18,44.91,10,2.9,42.3,7,6,1,0,0,0
CLI00174,Premium,Mensal,Cartão,Indicação,27,95.92,20,9.9,54.7,12,5,4,0,0,1
CLI00175,Essencial,Anual,Cartão,Mídia paga,52,49.9,0,1.7,43.0,7,6,2,1,0,0
CLI00176,Essencial,Mensal,Cartão,Mídia paga,13,44.91,10,5.0,48.9,10,6,0,1,0,0
CLI00177,Essencial,Mensal,Cartão,Indicação,38,47.4,5,3.2,5.3,3,8,0,2,1,0
CLI00178,Premium,Anual,Débito automático,Mídia paga,23,113.9,5,7.8,36.6,7,5,2,0,0,1
CLI00179,Premium,Mensal,Boleto,Indicação,32,119.9,0,10.9,18.7,3,6,2,1,1,0
CLI00180,Plus,Mensal,Débito automático,Busca orgânica,22,75.9,5,7.2,3.0,5,7,0,0,0,0
CLI00181,Premium,Mensal,Boleto,Busca orgânica,51,119.9,0,2.7,39.5,5,6,0,3,0,0
CLI00182,Premium,Anual,Pix,Parceiro,11,113.9,5,2.2,18.4,9,8,1,0,0,0
CLI00183,Plus,Anual,Cartão,Indicação,33,75.9,5,7.9,48.4,7,7,0,0,0,0
CLI00184,Essencial,Mensal,Débito automático,Busca orgânica,54,49.9,0,2.8,4.3,5,8,1,0,0,0
CLI00185,Plus,Mensal,Cartão,Mídia paga,34,63.92,20,5.6,46.7,4,5,2,0,0,0
CLI00186,Plus,Mensal,Cartão,Mídia paga,15,71.91,10,5.8,70.9,9,6,1,0,0,0
CLI00187,Essencial,Mensal,Boleto,Parceiro,14,39.92,20,6.5,8.8,8,5,3,1,0,0
CLI00188,Essencial,Mensal,Débito automático,Busca orgânica,32,44.91,10,3.0,44.1,8,7,1,0,0,0
CLI00189,Plus,Mensal,Boleto,Mídia paga,6,75.9,5,6.1,9.0,5,7,1,1,1,0
CLI00190,Essencial,Mensal,Cartão,Mídia paga,39,44.91,10,3.5,33.5,7,7,0,1,0,0
CLI00191,Premium,Anual,Débito automático,Indicação,8,119.9,0,3.4,15.5,5,10,2,0,1,0
CLI00192,Essencial,Mensal,Cartão,Mídia paga,11,49.9,0,3.4,4.1,3,6,0,0,0,0
CLI00193,Essencial,Mensal,Cartão,Busca orgânica,74,47.4,5,1.9,54.6,7,6,2,0,0,1
CLI00194,Premium,Mensal,Boleto,Mídia paga,65,119.9,0,8.1,14.8,3,8,0,1,0,0
CLI00195,Essencial,Mensal,Cartão,Busca orgânica,20,44.91,10,4.1,29.2,5,5,2,1,1,0
CLI00196,Essencial,Mensal,Débito automático,Busca orgânica,57,49.9,0,1.6,0.7,2,7,3,0,0,0
CLI00197,Plus,Mensal,Débito automático,Parceiro,15,79.9,0,0.6,36.9,7,7,1,0,1,0
CLI00198,Premium,Mensal,Débito automático,Parceiro,39,107.91,10,6.5,7.1,2,8,0,0,0,0
CLI00199,Essencial,Mensal,Cartão,Busca orgânica,60,47.4,5,3.9,66.1,17,7,2,4,0,1
CLI00200,Essencial,Anual,Cartão,Mídia paga,17,49.9,0,2.4,76.4,12,7,0,0,1,0
CLI00201,Plus,Anual,Boleto,Parceiro,8,79.9,0,11.5,5.4,5,7,1,1,0,0
CLI00202,Premium,Anual,Pix,Indicação,30,107.91,10,7.6,12.4,6,7,3,1,0,0
CLI00203,Plus,Mensal,Pix,Mídia paga,16,71.91,10,3.0,13.3,3,5,2,1,0,0
CLI00204,Essencial,Anual,Cartão,Busca orgânica,17,49.9,0,1.5,6.2,3,7,1,0,1,0
CLI00205,Essencial,Mensal,Cartão,Mídia paga,11,44.91,10,1.6,36.9,8,8,2,1,1,0
CLI00206,Essencial,Mensal,Boleto,Indicação,2,44.91,10,1.7,53.9,11,6,0,0,1,0
CLI00207,Essencial,Mensal,Pix,Mídia paga,18,44.91,10,1.1,31.7,5,4,0,0,0,0
CLI00208,Plus,Mensal,Débito automático,Indicação,20,79.9,0,7.7,32.9,9,5,0,1,0,0
CLI00209,Essencial,Mensal,Cartão,Busca orgânica,15,39.92,20,6.0,38.4,5,7,0,0,0,1
CLI00210,Plus,Mensal,Cartão,Mídia paga,11,71.91,10,10.7,23.5,7,9,1,0,0,0
CLI00211,Plus,Anual,Pix,Indicação,49,79.9,0,1.4,68.2,15,6,0,0,0,0
CLI00212,Plus,Mensal,Débito automático,Parceiro,34,67.92,15,10.6,18.2,8,7,1,1,0,0
CLI00213,Essencial,Anual,Cartão,Indicação,9,44.91,10,2.9,3.5,3,8,0,1,1,0
CLI00214,Plus,Anual,Cartão,Busca orgânica,31,79.9,0,6.2,11.2,3,6,1,2,0,0
CLI00215,Plus,Mensal,Pix,Mídia paga,13,67.92,15,7.1,21.7,3,8,0,0,0,0
CLI00216,Plus,Mensal,Cartão,Indicação,46,71.91,10,4.7,16.3,4,8,0,0,1,0
CLI00217,Essencial,Mensal,Cartão,Mídia paga,15,49.9,0,7.5,27.5,8,7,2,2,1,1
CLI00218,Essencial,Mensal,Pix,Busca orgânica,52,47.4,5,9.8,54.6,9,6,2,1,1,0
CLI00219,Premium,Anual,Cartão,Mídia paga,49,113.9,5,11.7,18.0,6,8,1,1,0,0
CLI00220,Essencial,Anual,Pix,Mídia paga,37,49.9,0,5.9,15.8,3,7,0,0,0,0
CLI00221,Essencial,Anual,Cartão,Busca orgânica,15,47.4,5,6.9,58.5,8,6,1,0,0,0
CLI00222,Plus,Mensal,Débito automático,Busca orgânica,22,79.9,0,4.6,25.6,6,7,2,0,0,0
CLI00223,Plus,Anual,Débito automático,Indicação,24,79.9,0,2.5,30.0,8,6,3,0,0,0
CLI00224,Premium,Anual,Débito automático,Parceiro,29,119.9,0,0.8,32.6,15,7,2,0,0,0
CLI00225,Essencial,Mensal,Débito automático,Busca orgânica,55,49.9,0,3.8,40.9,3,4,2,0,0,0
CLI00226,Premium,Mensal,Pix,Busca orgânica,20,107.91,10,4.9,2.3,7,7,0,0,1,0
CLI00227,Essencial,Mensal,Cartão,Indicação,45,49.9,0,1.9,36.7,11,8,0,1,0,0
CLI00228,Plus,Mensal,Cartão,Mídia paga,10,79.9,0,1.0,11.3,4,8,2,0,1,0
CLI00229,Plus,Anual,Cartão,Busca orgânica,16,79.9,0,1.6,6.6,4,8,1,0,0,0
CLI00230,Essencial,Mensal,Débito automático,Indicação,14,44.91,10,7.2,32.6,6,7,0,0,1,0
CLI00231,Essencial,Mensal,Cartão,Parceiro,46,47.4,5,6.4,55.8,11,6,1,0,0,0
CLI00232,Essencial,Anual,Cartão,Parceiro,61,44.91,10,8.8,52.0,15,5,1,1,0,0
CLI00233,Premium,Mensal,Pix,Parceiro,18,119.9,0,1.7,24.1,3,7,4,1,0,0
CLI00234,Plus,Mensal,Débito automático,Mídia paga,14,71.91,10,3.5,17.3,8,9,1,0,1,0
CLI00235,Premium,Anual,Cartão,Busca orgânica,23,95.92,20,4.2,29.0,8,7,3,1,0,0
CLI00236,Plus,Anual,Cartão,Indicação,13,71.91,10,6.9,31.4,3,7,0,0,0,0
CLI00237,Plus,Anual,Pix,Busca orgânica,18,71.91,10,2.9,48.6,11,6,4,0,0,0
CLI00238,Plus,Mensal,Boleto,Mídia paga,23,79.9,0,2.6,34.9,10,7,1,0,0,1
CLI00239,Essencial,Anual,Débito automático,Indicação,23,47.4,5,1.9,15.8,11,8,0,0,0,0
CLI00240,Essencial,Anual,Cartão,Busca orgânica,7,49.9,0,3.2,8.7,5,10,0,2,0,0
CLI00241,Premium,Anual,Débito automático,Mídia paga,18,107.91,10,7.5,52.6,8,7,0,0,0,0
CLI00242,Plus,Mensal,Cartão,Mídia paga,71,71.91,10,4.0,46.2,9,4,0,1,1,0
CLI00243,Essencial,Mensal,Cartão,Indicação,8,49.9,0,2.3,55.1,12,8,2,0,0,1
CLI00244,Plus,Anual,Cartão,Mídia paga,29,71.91,10,10.4,18.8,6,9,0,1,0,0
CLI00245,Plus,Anual,Cartão,Busca orgânica,27,75.9,5,2.0,12.8,4,8,0,0,0,0
CLI00246,Premium,Mensal,Pix,Mídia paga,84,95.92,20,4.4,2.1,5,9,1,0,0,0
CLI00247,Plus,Mensal,Pix,Parceiro,28,63.92,20,6.1,21.4,7,6,1,0,0,0
CLI00248,Essencial,Anual,Débito automático,Indicação,67,49.9,0,3.3,32.3,5,6,1,0,0,0
CLI00249,Essencial,Mensal,Pix,Parceiro,27,42.42,15,5.3,18.8,6,7,0,0,0,0
CLI00250,Essencial,Mensal,Cartão,Mídia paga,17,49.9,0,1.5,6.1,4,9,0,0,0,0
CLI00251,Plus,Mensal,Pix,Parceiro,28,75.9,5,0.6,49.6,8,8,0,0,0,0
CLI00252,Premium,Mensal,Débito automático,Busca orgânica,10,113.9,5,5.3,17.5,8,8,1,0,0,0
CLI00253,Essencial,Anual,Pix,Indicação,30,49.9,0,6.3,5.8,5,6,2,0,0,0
CLI00254,Essencial,Mensal,Cartão,Indicação,18,44.91,10,5.8,6.1,2,8,1,0,0,0
CLI00255,Essencial,Mensal,Pix,Mídia paga,17,47.4,5,4.3,17.4,12,7,0,1,1,0
CLI00256,Plus,Anual,Pix,Indicação,48,71.91,10,3.1,60.3,7,4,1,0,0,1
CLI00257,Plus,Anual,Cartão,Busca orgânica,21,71.91,10,3.9,13.4,2,7,2,1,1,0
CLI00258,Essencial,Mensal,Débito automático,Parceiro,5,47.4,5,4.1,33.2,7,4,2,0,0,0
CLI00259,Essencial,Mensal,Cartão,Busca orgânica,35,49.9,0,3.7,11.9,8,7,1,1,0,0
CLI00260,Plus,Anual,Cartão,Indicação,40,79.9,0,8.3,3.9,6,9,1,0,0,0
CLI00261,Essencial,Mensal,Débito automático,Mídia paga,91,49.9,0,0.5,45.4,4,6,1,0,0,0
CLI00262,Premium,Mensal,Débito automático,Busca orgânica,30,107.91,10,6.5,46.9,6,6,0,0,0,0
CLI00263,Essencial,Mensal,Pix,Busca orgânica,20,49.9,0,5.2,66.3,8,5,1,0,0,1
CLI00264,Essencial,Mensal,Cartão,Indicação,36,49.9,0,2.4,24.3,7,9,0,1,0,0
CLI00265,Premium,Anual,Boleto,Busca orgânica,10,113.9,5,4.0,57.8,7,6,0,1,0,1
CLI00266,Essencial,Mensal,Cartão,Indicação,17,42.42,15,1.9,7.0,3,4,1,1,1,0
CLI00267,Essencial,Mensal,Cartão,Mídia paga,38,42.42,15,4.8,12.6,9,7,3,1,0,1
CLI00268,Essencial,Mensal,Pix,Busca orgânica,22,49.9,0,2.7,28.9,10,5,3,0,0,0
CLI00269,Essencial,Mensal,Cartão,Busca orgânica,6,47.4,5,9.4,25.0,9,5,1,1,1,0
CLI00270,Essencial,Mensal,Pix,Parceiro,21,49.9,0,2.7,24.5,7,7,1,0,0,0
CLI00271,Essencial,Anual,Boleto,Mídia paga,28,39.92,20,0.4,33.9,11,6,0,0,0,0
CLI00272,Essencial,Mensal,Cartão,Mídia paga,21,47.4,5,9.0,17.5,11,7,1,0,0,0
CLI00273,Essencial,Mensal,Cartão,Parceiro,7,49.9,0,8.0,14.7,7,4,3,1,0,1
CLI00274,Plus,Mensal,Cartão,Indicação,3,79.9,0,1.4,48.3,14,5,0,2,0,1
CLI00275,Plus,Anual,Pix,Mídia paga,43,67.92,15,2.6,22.5,5,7,1,0,0,0
CLI00276,Essencial,Mensal,Débito automático,Parceiro,40,47.4,5,6.2,37.3,15,8,0,0,0,1
CLI00277,Essencial,Anual,Boleto,Mídia paga,16,42.42,15,1.1,14.6,3,6,0,1,0,0
CLI00278,Plus,Anual,Débito automático,Busca orgânica,15,71.91,10,3.7,12.1,4,8,2,0,0,0
CLI00279,Premium,Mensal,Boleto,Mídia paga,20,113.9,5,3.4,40.3,9,6,2,5,0,1
CLI00280,Premium,Anual,Cartão,Indicação,44,101.92,15,11.7,13.0,4,7,0,0,0,0
CLI00281,Essencial,Mensal,Cartão,Indicação,28,44.91,10,7.3,4.7,2,8,0,1,0,0
CLI00282,Essencial,Anual,Cartão,Mídia paga,58,44.91,10,6.9,8.6,8,9,0,1,0,0
CLI00283,Essencial,Anual,Débito automático,Indicação,28,49.9,0,4.2,42.3,8,5,0,0,1,0
CLI00284,Essencial,Mensal,Cartão,Indicação,13,44.91,10,4.9,28.3,8,7,1,0,1,0
CLI00285,Plus,Mensal,Cartão,Busca orgânica,16,67.92,15,13.4,57.9,10,5,0,0,0,0
CLI00286,Essencial,Mensal,Cartão,Busca orgânica,36,42.42,15,2.8,47.3,11,8,0,0,1,0
CLI00287,Essencial,Mensal,Cartão,Busca orgânica,67,49.9,0,3.4,56.2,14,8,0,0,0,0
CLI00288,Essencial,Anual,Pix,Mídia paga,29,39.92,20,0.9,29.5,7,10,0,0,0,0
CLI00289,Plus,Anual,Boleto,Mídia paga,49,75.9,5,0.9,3.1,3,7,0,1,0,0
CLI00290,Essencial,Mensal,Cartão,Mídia paga,33,49.9,0,5.5,53.2,10,4,1,3,1,1
CLI00291,Premium,Anual,Pix,Indicação,31,107.91,10,24.3,28.8,5,6,0,0,1,0
CLI00292,Essencial,Anual,Cartão,Busca orgânica,72,44.91,10,4.5,13.2,7,6,0,1,1,0
CLI00293,Premium,Mensal,Cartão,Parceiro,11,119.9,0,4.6,14.0,3,9,0,1,0,0
CLI00294,Essencial,Mensal,Cartão,Busca orgânica,20,49.9,0,8.4,15.1,5,7,1,0,0,0
CLI00295,Premium,Anual,Pix,Indicação,18,113.9,5,11.1,19.8,2,8,1,0,0,0
CLI00296,Premium,Anual,Pix,Parceiro,25,101.92,15,8.6,27.8,13,9,1,0,1,0
CLI00297,Premium,Anual,Pix,Busca orgânica,8,119.9,0,10.7,12.5,5,9,0,0,0,0
CLI00298,Plus,Mensal,Débito automático,Busca orgânica,24,71.91,10,5.8,46.5,9,6,0,0,0,0
CLI00299,Plus,Mensal,Cartão,Indicação,15,63.92,20,9.2,33.7,9,8,1,1,0,0
CLI00300,Plus,Mensal,Débito automático,Mídia paga,16,63.92,20,1.9,52.8,8,7,1,0,1,1
CLI00301,Plus,Mensal,Débito automático,Indicação,52,79.9,0,5.9,6.7,1,7,0,1,0,0
CLI00302,Essencial,Mensal,Cartão,Mídia paga,14,44.91,10,2.5,31.4,5,4,2,0,0,1
CLI00303,Plus,Anual,Cartão,Mídia paga,85,75.9,5,0.7,19.1,8,6,1,1,0,0
CLI00304,Plus,Mensal,Cartão,Mídia paga,28,71.91,10,6.4,10.6,6,6,0,0,0,0
CLI00305,Premium,Anual,Cartão,Indicação,4,113.9,5,9.8,30.0,7,5,2,0,0,0
CLI00306,Plus,Mensal,Cartão,Indicação,49,67.92,15,11.0,15.3,2,8,1,0,0,0
CLI00307,Essencial,Mensal,Cartão,Mídia paga,3,44.91,10,2.1,26.9,6,7,2,1,0,1
CLI00308,Plus,Anual,Boleto,Parceiro,10,75.9,5,4.9,63.9,7,5,1,1,0,1
CLI00309,Essencial,Anual,Boleto,Indicação,33,39.92,20,5.0,44.3,10,6,0,0,0,0
CLI00310,Essencial,Mensal,Pix,Busca orgânica,21,39.92,20,2.4,49.2,10,5,1,0,0,1
CLI00311,Plus,Anual,Débito automático,Mídia paga,40,79.9,0,0.6,10.2,3,9,2,0,0,0
CLI00312,Essencial,Mensal,Boleto,Mídia paga,16,44.91,10,1.1,43.5,8,3,2,1,1,1
CLI00313,Essencial,Mensal,Cartão,Parceiro,16,39.92,20,3.6,10.8,7,4,1,1,0,0
CLI00314,Essencial,Mensal,Pix,Mídia paga,18,42.42,15,3.8,20.6,6,7,3,0,0,0
CLI00315,Essencial,Anual,Débito automático,Indicação,34,42.42,15,2.3,13.3,4,6,1,0,0,0
CLI00316,Essencial,Mensal,Boleto,Mídia paga,40,44.91,10,2.0,80.0,14,5,2,0,0,1
CLI00317,Essencial,Anual,Débito automático,Mídia paga,10,49.9,0,2.5,28.3,5,9,0,1,0,0
CLI00318,Plus,Mensal,Cartão,Busca orgânica,54,79.9,0,2.8,42.7,11,6,0,1,0,0
CLI00319,Essencial,Mensal,Débito automático,Busca orgânica,82,49.9,0,2.8,50.1,8,6,0,0,1,0
CLI00320,Premium,Anual,Cartão,Indicação,25,107.91,10,18.4,27.5,7,6,2,1,0,1
CLI00321,Premium,Mensal,Cartão,Busca orgânica,30,101.92,15,18.3,53.6,17,5,2,2,0,0
CLI00322,Plus,Mensal,Pix,Mídia paga,15,75.9,5,5.3,26.0,12,10,0,0,0,0
CLI00323,Essencial,Mensal,Débito automático,Indicação,48,44.91,10,1.5,52.0,13,7,2,0,1,0
CLI00324,Plus,Mensal,Cartão,Mídia paga,3,75.9,5,5.2,37.7,9,6,1,0,1,1
CLI00325,Premium,Mensal,Cartão,Indicação,64,119.9,0,3.7,1.0,3,9,0,0,0,0
CLI00326,Plus,Mensal,Débito automático,Busca orgânica,60,79.9,0,4.2,15.4,5,8,0,1,1,1
CLI00327,Plus,Mensal,Cartão,Mídia paga,9,79.9,0,8.8,2.0,3,10,0,1,0,0
CLI00328,Plus,Mensal,Débito automático,Indicação,14,71.91,10,3.2,17.4,4,8,0,0,0,0
CLI00329,Plus,Mensal,Cartão,Mídia paga,22,71.91,10,7.0,12.3,8,7,1,1,0,0
CLI00330,Essencial,Mensal,Pix,Busca orgânica,44,47.4,5,2.4,40.7,12,10,1,1,0,0
CLI00331,Plus,Mensal,Cartão,Mídia paga,7,63.92,20,8.8,40.6,7,6,3,0,1,1
CLI00332,Essencial,Mensal,Boleto,Parceiro,17,49.9,0,3.4,21.9,5,8,0,2,0,0
CLI00333,Plus,Anual,Boleto,Busca orgânica,37,71.91,10,8.8,21.1,6,8,0,1,0,0
CLI00334,Premium,Mensal,Cartão,Indicação,9,119.9,0,3.2,4.9,6,10,1,0,0,0
CLI00335,Essencial,Mensal,Débito automático,Mídia paga,23,47.4,5,5.2,18.0,10,6,2,1,0,0
CLI00336,Plus,Mensal,Débito automático,Busca orgânica,26,71.91,10,4.6,50.5,8,5,1,0,0,0
CLI00337,Essencial,Mensal,Cartão,Indicação,11,47.4,5,3.8,19.6,4,7,1,0,0,0
CLI00338,Plus,Mensal,Pix,Mídia paga,26,71.91,10,8.1,20.5,12,7,0,0,0,0
CLI00339,Essencial,Anual,Débito automático,Indicação,27,47.4,5,2.7,32.1,6,5,4,1,1,1
CLI00340,Premium,Mensal,Pix,Mídia paga,15,119.9,0,9.2,25.4,6,7,0,0,0,0
CLI00341,Essencial,Mensal,Boleto,Busca orgânica,6,42.42,15,1.9,7.3,2,9,1,1,0,0
CLI00342,Premium,Anual,Cartão,Mídia paga,6,107.91,10,14.7,27.5,13,9,1,0,0,0
CLI00343,Plus,Mensal,Boleto,Mídia paga,35,71.91,10,11.4,18.2,1,6,0,0,1,0
CLI00344,Plus,Anual,Boleto,Busca orgânica,35,63.92,20,5.1,2.6,5,8,1,0,0,0
CLI00345,Plus,Anual,Cartão,Mídia paga,19,71.91,10,12.8,24.4,8,6,0,0,0,0
CLI00346,Plus,Mensal,Cartão,Indicação,22,79.9,0,9.9,26.3,5,8,0,1,1,0
CLI00347,Premium,Mensal,Pix,Indicação,17,107.91,10,2.5,33.2,4,7,1,1,0,0
CLI00348,Essencial,Mensal,Boleto,Mídia paga,55,47.4,5,3.5,91.6,12,6,2,0,0,1
CLI00349,Plus,Anual,Cartão,Parceiro,17,79.9,0,6.4,8.0,2,9,1,0,0,0
CLI00350,Essencial,Mensal,Cartão,Mídia paga,73,44.91,10,2.7,43.3,13,6,0,1,0,0
CLI00351,Plus,Anual,Débito automático,Mídia paga,13,71.91,10,7.2,39.8,8,8,1,0,0,0
CLI00352,Essencial,Mensal,Cartão,Busca orgânica,48,47.4,5,3.4,54.7,7,4,2,1,0,1
CLI00353,Plus,Mensal,Pix,Mídia paga,9,79.9,0,4.0,0.6,4,9,0,0,0,0
CLI00354,Plus,Mensal,Pix,Mídia paga,31,71.91,10,8.6,9.4,5,8,0,0,1,0
CLI00355,Plus,Mensal,Boleto,Indicação,8,79.9,0,16.6,14.0,4,8,1,0,1,0
CLI00356,Plus,Mensal,Cartão,Busca orgânica,15,79.9,0,3.4,12.8,6,9,1,0,0,0
CLI00357,Plus,Anual,Boleto,Indicação,47,71.91,10,9.3,21.0,7,8,2,0,0,0
CLI00358,Plus,Mensal,Pix,Busca orgânica,8,75.9,5,0.8,66.0,8,7,0,0,0,1
CLI00359,Plus,Anual,Boleto,Mídia paga,62,71.91,10,3.0,22.0,1,7,1,0,0,0
CLI00360,Plus,Anual,Cartão,Busca orgânica,42,79.9,0,2.6,13.2,5,7,1,0,0,0
CLI00361,Premium,Mensal,Pix,Mídia paga,42,113.9,5,1.7,60.1,6,7,0,0,0,0
CLI00362,Essencial,Mensal,Débito automático,Parceiro,42,49.9,0,9.3,34.6,6,7,1,1,0,0
CLI00363,Essencial,Mensal,Débito automático,Parceiro,65,49.9,0,5.7,4.5,4,10,0,1,1,0
CLI00364,Essencial,Mensal,Cartão,Mídia paga,31,42.42,15,3.2,12.1,4,9,0,0,1,0
CLI00365,Plus,Anual,Cartão,Mídia paga,15,79.9,0,1.7,17.2,6,6,2,1,0,0
CLI00366,Essencial,Anual,Cartão,Busca orgânica,37,44.91,10,1.6,25.5,3,7,1,0,0,0
CLI00367,Plus,Anual,Cartão,Mídia paga,23,75.9,5,8.9,28.3,7,6,0,1,0,0
CLI00368,Plus,Mensal,Débito automático,Mídia paga,57,79.9,0,8.7,36.2,9,8,0,1,0,0
CLI00369,Essencial,Mensal,Boleto,Parceiro,24,49.9,0,0.8,15.2,9,6,2,2,1,1
CLI00370,Premium,Mensal,Pix,Mídia paga,44,119.9,0,5.4,5.3,5,7,1,0,1,0
CLI00371,Plus,Anual,Cartão,Busca orgânica,11,75.9,5,2.1,13.5,6,6,1,2,0,0
CLI00372,Essencial,Mensal,Cartão,Mídia paga,23,49.9,0,1.4,25.3,8,8,0,1,0,0
CLI00373,Essencial,Mensal,Cartão,Mídia paga,23,39.92,20,2.5,22.6,4,9,1,0,0,0
CLI00374,Essencial,Mensal,Cartão,Indicação,57,49.9,0,2.9,15.6,3,9,1,0,0,0
CLI00375,Essencial,Mensal,Débito automático,Mídia paga,42,47.4,5,4.8,3.7,6,7,0,0,1,0
CLI00376,Essencial,Mensal,Cartão,Mídia paga,11,49.9,0,4.3,12.4,4,7,0,0,1,1
CLI00377,Premium,Mensal,Cartão,Mídia paga,25,107.91,10,4.1,23.3,9,7,2,0,0,1
CLI00378,Essencial,Anual,Débito automático,Parceiro,19,49.9,0,4.2,30.6,4,7,0,0,0,0
CLI00379,Essencial,Anual,Cartão,Mídia paga,42,44.91,10,10.8,34.2,11,7,1,0,0,0
CLI00380,Plus,Mensal,Cartão,Mídia paga,45,71.91,10,2.2,44.0,4,7,0,0,1,0
CLI00381,Plus,Anual,Pix,Busca orgânica,54,63.92,20,10.1,21.5,5,6,2,1,0,0
CLI00382,Premium,Mensal,Cartão,Indicação,45,119.9,0,3.7,40.3,6,2,2,2,1,0
CLI00383,Plus,Anual,Pix,Busca orgânica,13,71.91,10,4.1,86.0,16,5,1,0,1,1
CLI00384,Plus,Mensal,Pix,Busca orgânica,23,79.9,0,2.9,33.0,8,7,1,0,0,0
CLI00385,Essencial,Mensal,Débito automático,Mídia paga,48,49.9,0,1.6,40.4,8,6,1,0,0,0
CLI00386,Premium,Mensal,Cartão,Mídia paga,60,101.92,15,1.6,27.1,9,7,0,0,0,0
CLI00387,Plus,Mensal,Cartão,Busca orgânica,8,67.92,15,5.6,20.5,11,6,0,0,0,0
CLI00388,Premium,Mensal,Débito automático,Busca orgânica,36,119.9,0,3.6,4.1,4,6,0,1,0,0
CLI00389,Essencial,Anual,Cartão,Parceiro,24,44.91,10,2.5,23.0,4,8,1,1,0,0
CLI00390,Premium,Anual,Cartão,Indicação,30,107.91,10,6.1,4.0,2,8,0,0,0,0
CLI00391,Plus,Mensal,Cartão,Indicação,42,79.9,0,3.2,7.0,8,9,1,0,0,0
CLI00392,Essencial,Mensal,Cartão,Mídia paga,26,49.9,0,0.5,18.2,5,8,1,0,0,1
CLI00393,Plus,Anual,Cartão,Mídia paga,28,67.92,15,11.9,57.7,7,7,1,2,0,0
CLI00394,Plus,Mensal,Boleto,Busca orgânica,11,75.9,5,2.6,52.8,8,6,1,0,0,0
CLI00395,Essencial,Mensal,Cartão,Indicação,23,49.9,0,3.2,1.3,3,8,0,0,0,0
CLI00396,Essencial,Mensal,Pix,Busca orgânica,22,49.9,0,1.8,33.9,5,10,0,0,0,0
CLI00397,Premium,Mensal,Cartão,Indicação,22,101.92,15,3.3,2.1,2,6,2,0,1,0
CLI00398,Essencial,Mensal,Cartão,Indicação,21,47.4,5,4.0,28.9,12,4,2,1,1,0
CLI00399,Essencial,Mensal,Débito automático,Busca orgânica,70,47.4,5,2.7,67.1,11,5,0,0,1,0
CLI00400,Essencial,Mensal,Débito automático,Indicação,41,49.9,0,2.0,15.8,5,10,1,1,0,0
CLI00401,Essencial,Anual,Boleto,Busca orgânica,9,49.9,0,3.8,32.0,11,4,0,2,0,0
CLI00402,Premium,Anual,Cartão,Mídia paga,5,119.9,0,5.3,38.2,6,6,2,0,0,0
CLI00403,Plus,Anual,Cartão,Indicação,23,79.9,0,4.7,20.8,6,6,2,0,0,0
CLI00404,Essencial,Mensal,Débito automático,Busca orgânica,51,49.9,0,1.2,34.3,4,7,3,0,0,0
CLI00405,Premium,Anual,Cartão,Busca orgânica,12,119.9,0,3.0,18.7,13,8,1,1,0,0
CLI00406,Premium,Anual,Cartão,Indicação,46,107.91,10,6.3,26.9,7,7,0,0,0,0
CLI00407,Essencial,Mensal,Cartão,Mídia paga,14,49.9,0,4.4,17.5,4,7,0,0,0,0
CLI00408,Premium,Mensal,Cartão,Indicação,19,95.92,20,5.1,16.6,6,9,0,0,1,0
CLI00409,Essencial,Anual,Débito automático,Parceiro,22,42.42,15,2.1,1.6,3,7,1,0,1,0
CLI00410,Premium,Mensal,Débito automático,Mídia paga,26,119.9,0,8.1,37.0,9,8,0,0,0,0
CLI00411,Plus,Anual,Pix,Busca orgânica,7,71.91,10,2.3,3.9,1,9,1,1,0,0
CLI00412,Plus,Anual,Cartão,Parceiro,9,79.9,0,16.5,21.4,9,7,0,1,0,0
CLI00413,Essencial,Anual,Débito automático,Busca orgânica,19,47.4,5,2.2,3.7,7,10,0,0,0,0
CLI00414,Premium,Anual,Pix,Busca orgânica,6,113.9,5,22.8,18.9,3,6,2,1,1,0
CLI00415,Essencial,Mensal,Débito automático,Busca orgânica,17,42.42,15,1.3,8.0,2,8,0,0,0,0
CLI00416,Essencial,Anual,Pix,Mídia paga,30,47.4,5,5.3,32.8,7,8,0,0,0,0
CLI00417,Essencial,Anual,Boleto,Mídia paga,11,49.9,0,2.6,9.7,6,8,1,1,0,1
CLI00418,Plus,Mensal,Cartão,Mídia paga,17,71.91,10,3.6,33.1,8,3,0,1,0,1
CLI00419,Essencial,Mensal,Pix,Parceiro,27,44.91,10,5.8,2.3,3,8,1,0,1,0
CLI00420,Premium,Mensal,Débito automático,Parceiro,8,119.9,0,5.8,19.0,5,8,1,0,1,0
CLI00421,Plus,Mensal,Boleto,Indicação,30,71.91,10,8.4,21.7,4,9,1,1,0,0
CLI00422,Essencial,Mensal,Boleto,Parceiro,24,44.91,10,6.4,30.0,11,6,0,1,0,0
CLI00423,Essencial,Mensal,Cartão,Indicação,13,49.9,0,9.5,55.5,12,8,0,0,0,0
CLI00424,Essencial,Mensal,Débito automático,Parceiro,54,49.9,0,2.3,27.7,5,9,0,0,0,0
CLI00425,Plus,Mensal,Cartão,Busca orgânica,10,71.91,10,3.8,65.2,5,7,0,0,0,0
CLI00426,Plus,Mensal,Pix,Busca orgânica,32,71.91,10,4.6,20.8,2,6,3,1,1,0
CLI00427,Essencial,Anual,Cartão,Busca orgânica,32,49.9,0,6.9,44.4,12,6,2,0,0,0
CLI00428,Premium,Anual,Cartão,Indicação,11,119.9,0,8.0,35.0,9,9,0,0,0,0
CLI00429,Essencial,Anual,Boleto,Mídia paga,13,49.9,0,2.5,39.4,5,8,0,1,0,0
CLI00430,Plus,Mensal,Débito automático,Indicação,36,63.92,20,1.4,2.6,5,8,0,0,0,0
CLI00431,Premium,Mensal,Pix,Busca orgânica,44,113.9,5,5.0,10.4,4,8,1,1,0,0
CLI00432,Plus,Anual,Cartão,Parceiro,31,75.9,5,2.0,11.5,4,8,3,0,0,0
CLI00433,Plus,Mensal,Cartão,Mídia paga,36,79.9,0,10.0,18.2,4,4,1,0,0,0
CLI00434,Premium,Anual,Cartão,Mídia paga,17,113.9,5,6.4,17.2,4,8,1,0,0,0
CLI00435,Essencial,Anual,Cartão,Parceiro,50,39.92,20,2.4,9.4,3,7,0,0,0,0
CLI00436,Essencial,Mensal,Boleto,Indicação,6,42.42,15,0.6,33.9,6,8,2,2,1,0
CLI00437,Essencial,Mensal,Pix,Busca orgânica,29,47.4,5,0.5,8.1,8,9,1,0,0,0
CLI00438,Plus,Mensal,Cartão,Indicação,49,67.92,15,3.6,48.3,4,6,1,1,1,1
CLI00439,Plus,Mensal,Débito automático,Indicação,45,75.9,5,4.2,6.1,4,8,0,0,0,0
CLI00440,Plus,Mensal,Cartão,Indicação,2,71.91,10,8.6,38.9,5,7,1,1,1,0
CLI00441,Premium,Anual,Cartão,Mídia paga,42,119.9,0,2.5,33.7,6,8,0,0,1,0
CLI00442,Essencial,Anual,Cartão,Busca orgânica,17,44.91,10,2.0,13.6,8,7,2,0,0,0
CLI00443,Plus,Mensal,Cartão,Mídia paga,17,71.91,10,14.3,27.0,5,9,0,1,0,0
CLI00444,Essencial,Mensal,Pix,Mídia paga,29,49.9,0,7.6,12.7,4,8,1,0,0,0
CLI00445,Essencial,Mensal,Débito automático,Busca orgânica,10,42.42,15,2.6,22.8,9,7,1,0,0,0
CLI00446,Plus,Mensal,Pix,Busca orgânica,32,79.9,0,3.4,11.9,3,5,0,0,0,0
CLI00447,Premium,Anual,Débito automático,Indicação,47,107.91,10,9.5,19.5,1,8,1,0,0,0
CLI00448,Plus,Mensal,Boleto,Mídia paga,60,63.92,20,6.1,60.0,12,7,0,2,1,1
CLI00449,Essencial,Anual,Débito automático,Busca orgânica,77,49.9,0,1.6,32.8,4,7,0,0,0,0
CLI00450,Plus,Mensal,Boleto,Mídia paga,30,63.92,20,5.2,7.9,4,5,1,1,1,0
CLI00451,Essencial,Mensal,Boleto,Busca orgânica,15,44.91,10,2.9,48.5,7,7,1,2,0,1
CLI00452,Premium,Anual,Débito automático,Mídia paga,12,107.91,10,3.1,42.0,6,6,0,0,0,0
CLI00453,Plus,Anual,Cartão,Busca orgânica,86,79.9,0,3.6,12.0,5,8,0,1,0,0
CLI00454,Essencial,Anual,Cartão,Busca orgânica,20,47.4,5,3.4,11.8,5,6,0,0,0,0
CLI00455,Essencial,Mensal,Débito automático,Busca orgânica,3,47.4,5,1.4,73.0,12,2,1,1,0,1
CLI00456,Essencial,Anual,Débito automático,Mídia paga,13,42.42,15,5.7,10.6,11,9,0,0,0,0
CLI00457,Premium,Mensal,Débito automático,Busca orgânica,16,113.9,5,7.4,58.2,14,7,0,0,0,0
CLI00458,Essencial,Mensal,Pix,Mídia paga,42,49.9,0,2.5,27.9,5,8,0,0,1,0
CLI00459,Plus,Anual,Débito automático,Indicação,62,75.9,5,9.1,23.4,6,7,2,0,1,0
CLI00460,Plus,Mensal,Débito automático,Parceiro,45,63.92,20,10.2,37.5,12,9,0,0,1,0
CLI00461,Plus,Anual,Débito automático,Parceiro,37,71.91,10,9.6,34.1,7,7,2,0,0,0
CLI00462,Essencial,Mensal,Cartão,Busca orgânica,63,47.4,5,2.0,13.1,7,9,0,0,0,0
CLI00463,Premium,Mensal,Cartão,Indicação,44,107.91,10,2.1,36.8,4,4,0,1,1,0
CLI00464,Essencial,Mensal,Cartão,Mídia paga,54,49.9,0,5.8,65.7,12,8,0,0,0,0
CLI00465,Plus,Anual,Cartão,Indicação,16,67.92,15,2.5,39.8,7,7,1,0,0,0
CLI00466,Plus,Anual,Pix,Indicação,9,71.91,10,1.8,14.9,6,7,0,0,0,0
CLI00467,Plus,Mensal,Cartão,Busca orgânica,12,79.9,0,3.5,18.3,5,7,1,0,1,0
CLI00468,Premium,Mensal,Boleto,Mídia paga,22,119.9,0,8.2,10.2,5,8,1,0,0,0
CLI00469,Essencial,Mensal,Cartão,Indicação,78,47.4,5,1.3,17.2,10,7,0,0,0,0
CLI00470,Plus,Mensal,Débito automático,Parceiro,17,71.91,10,4.5,8.0,6,10,0,0,0,0
CLI00471,Essencial,Anual,Cartão,Indicação,12,49.9,0,2.0,26.4,10,6,1,0,0,0
CLI00472,Plus,Mensal,Débito automático,Indicação,96,63.92,20,5.1,50.6,7,4,1,0,1,0
CLI00473,Essencial,Mensal,Pix,Indicação,31,47.4,5,3.1,9.2,7,7,0,0,0,0
CLI00474,Essencial,Mensal,Pix,Parceiro,18,42.42,15,1.6,12.6,5,10,0,0,0,0
CLI00475,Essencial,Mensal,Pix,Mídia paga,8,49.9,0,2.6,33.1,5,6,0,1,1,0
CLI00476,Essencial,Anual,Pix,Indicação,8,47.4,5,0.4,31.5,6,6,0,0,1,0
CLI00477,Essencial,Anual,Pix,Mídia paga,48,39.92,20,3.0,5.3,7,7,0,0,0,0
CLI00478,Plus,Mensal,Débito automático,Indicação,4,75.9,5,5.5,21.9,1,7,1,0,0,0
CLI00479,Plus,Anual,Débito automático,Indicação,24,71.91,10,5.6,40.3,7,6,3,0,0,0
CLI00480,Essencial,Mensal,Cartão,Indicação,61,44.91,10,9.7,16.3,4,7,1,1,0,0
CLI00481,Essencial,Anual,Boleto,Mídia paga,17,49.9,0,6.9,14.9,6,9,0,2,0,0
CLI00482,Essencial,Anual,Cartão,Busca orgânica,31,42.42,15,2.6,23.1,8,8,2,0,0,0
CLI00483,Plus,Mensal,Cartão,Mídia paga,14,75.9,5,7.9,6.4,5,8,0,0,0,0
CLI00484,Essencial,Anual,Cartão,Indicação,80,49.9,0,2.8,11.4,7,8,1,1,1,0
CLI00485,Essencial,Mensal,Cartão,Parceiro,34,44.91,10,3.5,27.1,4,5,1,1,1,0
CLI00486,Essencial,Anual,Cartão,Parceiro,60,49.9,0,6.5,53.8,12,7,1,0,0,0
CLI00487,Plus,Mensal,Débito automático,Indicação,26,67.92,15,2.1,41.7,12,7,1,0,0,0
CLI00488,Essencial,Mensal,Pix,Mídia paga,31,49.9,0,2.3,37.1,12,5,1,1,1,1
CLI00489,Plus,Anual,Boleto,Mídia paga,37,67.92,15,4.7,31.9,4,6,1,1,0,0
CLI00490,Plus,Mensal,Cartão,Parceiro,22,75.9,5,4.4,46.0,10,8,0,1,0,0
CLI00491,Plus,Mensal,Pix,Busca orgânica,44,71.91,10,2.6,8.7,2,9,0,0,0,0
CLI00492,Plus,Mensal,Cartão,Indicação,25,63.92,20,2.4,62.5,12,7,1,0,0,0
CLI00493,Plus,Mensal,Cartão,Busca orgânica,40,63.92,20,3.1,15.2,9,4,2,2,0,1
CLI00494,Essencial,Anual,Cartão,Mídia paga,61,42.42,15,1.5,42.0,5,8,1,0,0,0
CLI00495,Plus,Anual,Débito automático,Busca orgânica,29,71.91,10,2.4,34.3,8,6,0,0,1,0
CLI00496,Plus,Anual,Débito automático,Indicação,16,75.9,5,6.0,49.7,9,7,0,0,0,0
CLI00497,Essencial,Mensal,Cartão,Mídia paga,58,49.9,0,4.1,36.3,3,8,0,0,0,0
CLI00498,Plus,Mensal,Cartão,Mídia paga,37,75.9,5,3.0,62.3,10,2,1,1,0,1
CLI00499,Essencial,Mensal,Cartão,Busca orgânica,19,47.4,5,3.4,23.9,5,7,0,0,0,0
CLI00500,Plus,Mensal,Cartão,Busca orgânica,14,79.9,0,5.3,6.9,4,8,1,0,1,0
CLI00501,Plus,Anual,Débito automático,Busca orgânica,1,71.91,10,14.2,41.2,8,2,2,0,1,0
CLI00502,Premium,Mensal,Pix,Busca orgânica,26,113.9,5,2.2,14.7,5,7,1,1,0,0
CLI00503,Premium,Mensal,Débito automático,Indicação,25,107.91,10,1.9,15.3,8,8,0,0,0,0
CLI00504,Plus,Anual,Boleto,Busca orgânica,13,71.91,10,5.8,62.2,10,5,0,1,0,0
CLI00505,Plus,Mensal,Cartão,Busca orgânica,13,67.92,15,8.6,17.4,4,7,1,1,1,0
CLI00506,Plus,Mensal,Boleto,Parceiro,14,75.9,5,4.8,49.7,8,8,1,1,0,0
CLI00507,Essencial,Anual,Débito automático,Indicação,24,47.4,5,6.9,16.4,5,7,0,1,0,0
CLI00508,Premium,Mensal,Cartão,Busca orgânica,49,107.91,10,9.7,6.2,4,9,0,2,0,0
CLI00509,Plus,Anual,Débito automático,Busca orgânica,22,79.9,0,6.8,36.0,8,5,1,1,0,0
CLI00510,Essencial,Anual,Pix,Mídia paga,18,44.91,10,3.1,38.3,9,9,0,0,0,0
CLI00511,Essencial,Mensal,Débito automático,Busca orgânica,10,49.9,0,0.9,6.3,7,8,0,0,0,0
CLI00512,Premium,Mensal,Débito automático,Busca orgânica,4,107.91,10,5.9,10.0,10,8,2,0,0,0
CLI00513,Essencial,Mensal,Débito automático,Busca orgânica,10,42.42,15,5.5,5.6,8,8,1,0,1,0
CLI00514,Essencial,Anual,Débito automático,Busca orgânica,17,49.9,0,4.8,26.9,3,9,0,0,0,0
CLI00515,Essencial,Mensal,Débito automático,Busca orgânica,15,44.91,10,4.7,17.1,3,9,0,0,0,0
CLI00516,Essencial,Anual,Cartão,Mídia paga,30,42.42,15,4.4,25.5,5,4,1,0,1,0
CLI00517,Essencial,Mensal,Boleto,Busca orgânica,27,44.91,10,3.4,14.3,7,8,1,0,0,0
CLI00518,Plus,Mensal,Débito automático,Mídia paga,10,75.9,5,3.5,37.5,5,6,1,0,0,0
CLI00519,Essencial,Mensal,Débito automático,Indicação,30,44.91,10,3.3,26.2,4,8,3,0,0,0
CLI00520,Premium,Mensal,Débito automático,Mídia paga,13,113.9,5,17.5,43.5,8,7,1,0,1,0
CLI00521,Premium,Mensal,Cartão,Parceiro,23,113.9,5,6.0,62.9,7,6,0,0,0,0
CLI00522,Essencial,Mensal,Cartão,Busca orgânica,10,39.92,20,4.2,34.3,13,8,0,0,0,0
CLI00523,Essencial,Anual,Débito automático,Mídia paga,30,49.9,0,4.3,23.5,3,9,0,0,0,0
CLI00524,Plus,Mensal,Boleto,Busca orgânica,14,67.92,15,2.1,29.4,6,4,0,2,0,0
CLI00525,Essencial,Anual,Débito automático,Mídia paga,58,44.91,10,10.1,32.0,5,6,1,0,1,0
CLI00526,Essencial,Mensal,Pix,Busca orgânica,15,47.4,5,1.6,47.6,4,6,1,0,1,0
CLI00527,Premium,Anual,Cartão,Parceiro,9,101.92,15,6.8,42.6,12,8,0,0,1,0
CLI00528,Premium,Mensal,Pix,Indicação,15,119.9,0,7.2,17.6,9,9,2,0,0,0
CLI00529,Plus,Anual,Cartão,Indicação,12,63.92,20,0.7,59.4,9,8,0,0,1,1
CLI00530,Essencial,Mensal,Débito automático,Indicação,3,44.91,10,1.2,33.1,9,7,0,0,0,0
CLI00531,Plus,Mensal,Pix,Busca orgânica,62,75.9,5,3.3,27.7,9,6,0,1,1,0
CLI00532,Plus,Mensal,Cartão,Mídia paga,34,75.9,5,8.6,38.4,8,6,0,0,0,0
CLI00533,Essencial,Mensal,Pix,Mídia paga,27,42.42,15,0.5,29.9,7,8,0,0,0,0
CLI00534,Plus,Mensal,Boleto,Indicação,20,71.91,10,6.2,68.2,7,5,1,0,1,0
CLI00535,Essencial,Mensal,Pix,Mídia paga,10,47.4,5,2.0,7.3,5,7,1,0,1,0
CLI00536,Essencial,Anual,Cartão,Indicação,5,42.42,15,4.7,35.3,15,7,2,0,0,0
CLI00537,Plus,Mensal,Pix,Mídia paga,22,75.9,5,5.3,38.2,10,9,0,0,0,0
CLI00538,Essencial,Mensal,Cartão,Busca orgânica,24,44.91,10,2.0,72.1,11,6,1,0,0,0
CLI00539,Essencial,Anual,Cartão,Busca orgânica,19,44.91,10,2.3,12.0,7,8,1,0,0,0
CLI00540,Premium,Anual,Débito automático,Busca orgânica,82,119.9,0,3.6,5.9,2,6,1,0,1,0
CLI00541,Premium,Mensal,Cartão,Busca orgânica,3,119.9,0,10.8,12.3,5,5,2,1,0,0
CLI00542,Plus,Mensal,Pix,Mídia paga,21,71.91,10,2.0,20.7,6,6,0,0,0,0
CLI00543,Premium,Mensal,Cartão,Parceiro,3,119.9,0,1.8,25.0,7,8,1,1,1,0
CLI00544,Premium,Mensal,Cartão,Busca orgânica,18,101.92,15,8.9,31.8,8,8,2,0,0,0
CLI00545,Essencial,Mensal,Pix,Busca orgânica,17,47.4,5,4.2,42.0,9,7,0,0,0,1
CLI00546,Essencial,Anual,Débito automático,Busca orgânica,6,49.9,0,2.1,15.3,4,5,0,1,1,0
CLI00547,Essencial,Anual,Cartão,Mídia paga,11,44.91,10,2.6,23.7,5,9,1,0,0,0
CLI00548,Essencial,Mensal,Cartão,Busca orgânica,19,44.91,10,8.9,2.7,8,7,1,1,1,0
CLI00549,Plus,Mensal,Débito automático,Mídia paga,20,71.91,10,11.3,44.5,9,7,1,0,0,0
CLI00550,Essencial,Mensal,Boleto,Mídia paga,14,42.42,15,2.4,43.8,12,4,1,0,0,1
CLI00551,Plus,Mensal,Cartão,Busca orgânica,53,71.91,10,14.1,43.1,4,6,0,1,0,0
CLI00552,Essencial,Mensal,Cartão,Parceiro,43,44.91,10,3.2,46.8,8,6,1,1,1,1
CLI00553,Essencial,Mensal,Boleto,Indicação,9,47.4,5,4.3,36.4,6,9,1,0,0,0
CLI00554,Premium,Mensal,Cartão,Mídia paga,8,107.91,10,9.9,12.7,2,10,0,2,0,0
CLI00555,Essencial,Anual,Boleto,Busca orgânica,12,47.4,5,6.3,6.7,5,6,1,0,0,0
CLI00556,Essencial,Mensal,Débito automático,Indicação,28,47.4,5,4.3,32.5,5,8,0,1,0,0
CLI00557,Essencial,Mensal,Cartão,Indicação,17,44.91,10,2.0,25.3,6,6,0,1,0,0
CLI00558,Plus,Mensal,Cartão,Mídia paga,25,71.91,10,1.0,19.0,6,7,2,1,1,0
CLI00559,Plus,Mensal,Boleto,Indicação,44,79.9,0,9.7,24.4,7,7,0,2,0,0
CLI00560,Plus,Mensal,Cartão,Mídia paga,11,75.9,5,1.8,49.2,9,6,1,0,1,0
CLI00561,Essencial,Mensal,Pix,Busca orgânica,4,49.9,0,1.5,19.1,2,8,0,0,0,0
CLI00562,Essencial,Mensal,Cartão,Busca orgânica,31,47.4,5,4.6,46.9,11,5,2,0,1,0
CLI00563,Premium,Anual,Pix,Mídia paga,11,113.9,5,4.9,6.7,5,8,1,0,0,0
CLI00564,Plus,Anual,Débito automático,Indicação,30,79.9,0,5.6,37.7,5,3,3,0,1,0
CLI00565,Plus,Mensal,Débito automático,Indicação,27,79.9,0,5.7,53.4,9,8,1,1,0,0
CLI00566,Plus,Mensal,Cartão,Busca orgânica,48,79.9,0,3.6,11.4,10,8,1,0,0,0
CLI00567,Plus,Mensal,Pix,Busca orgânica,29,67.92,15,2.5,8.5,3,7,0,1,0,0
CLI00568,Essencial,Mensal,Débito automático,Busca orgânica,23,47.4,5,5.9,17.9,10,9,3,0,0,0
CLI00569,Essencial,Anual,Cartão,Busca orgânica,22,49.9,0,4.9,54.7,14,5,2,0,0,0
CLI00570,Plus,Mensal,Débito automático,Mídia paga,69,75.9,5,4.2,17.9,5,8,0,0,1,0
CLI00571,Essencial,Anual,Pix,Mídia paga,26,44.91,10,0.7,37.8,6,8,1,0,0,0
CLI00572,Premium,Anual,Cartão,Busca orgânica,18,101.92,15,4.8,28.7,11,7,1,0,0,0
CLI00573,Plus,Mensal,Boleto,Mídia paga,15,67.92,15,3.8,23.7,7,3,4,0,0,0
CLI00574,Plus,Mensal,Cartão,Indicação,31,75.9,5,10.5,53.0,4,7,0,0,0,0
CLI00575,Premium,Mensal,Cartão,Busca orgânica,63,107.91,10,15.2,8.2,9,10,0,0,0,0
CLI00576,Plus,Mensal,Cartão,Busca orgânica,36,63.92,20,5.3,36.9,7,8,1,0,0,0
CLI00577,Premium,Mensal,Cartão,Busca orgânica,56,119.9,0,7.5,45.3,7,7,0,0,1,0
CLI00578,Plus,Anual,Cartão,Indicação,37,67.92,15,1.9,14.3,3,9,0,0,0,0
CLI00579,Premium,Mensal,Cartão,Indicação,7,101.92,15,9.3,2.9,4,7,2,0,0,0
CLI00580,Essencial,Mensal,Débito automático,Busca orgânica,86,42.42,15,0.6,6.0,5,5,4,0,0,0
CLI00581,Plus,Mensal,Pix,Busca orgânica,27,63.92,20,2.6,13.9,8,10,0,0,0,0
CLI00582,Plus,Mensal,Cartão,Busca orgânica,70,79.9,0,3.4,6.0,4,7,1,2,0,0
CLI00583,Essencial,Mensal,Débito automático,Busca orgânica,56,47.4,5,3.8,62.3,17,6,0,0,0,0
CLI00584,Essencial,Anual,Débito automático,Indicação,6,49.9,0,1.2,52.6,3,6,0,0,0,0
CLI00585,Premium,Mensal,Pix,Mídia paga,23,119.9,0,6.5,7.5,5,9,1,0,0,0
CLI00586,Plus,Mensal,Boleto,Busca orgânica,13,71.91,10,1.7,52.4,8,5,0,0,0,0
CLI00587,Essencial,Mensal,Cartão,Indicação,12,42.42,15,7.9,43.0,7,10,0,0,1,0
CLI00588,Essencial,Mensal,Cartão,Busca orgânica,30,47.4,5,2.0,42.8,8,6,1,0,0,0
CLI00589,Essencial,Mensal,Cartão,Mídia paga,42,44.91,10,4.8,16.8,5,10,1,0,0,0
CLI00590,Essencial,Anual,Cartão,Mídia paga,8,49.9,0,2.7,15.4,1,10,0,0,0,0
CLI00591,Premium,Anual,Pix,Mídia paga,7,113.9,5,4.7,6.2,4,9,1,0,1,1
CLI00592,Essencial,Anual,Cartão,Busca orgânica,25,49.9,0,4.9,26.8,12,7,2,1,1,0
CLI00593,Essencial,Anual,Pix,Mídia paga,37,44.91,10,2.0,5.3,5,9,1,0,0,0
CLI00594,Plus,Mensal,Boleto,Busca orgânica,47,79.9,0,3.1,37.9,10,7,1,1,0,0
CLI00595,Essencial,Mensal,Débito automático,Mídia paga,67,49.9,0,2.6,19.2,5,9,0,0,0,0
CLI00596,Essencial,Anual,Débito automático,Mídia paga,62,49.9,0,3.5,48.2,8,7,1,0,1,0
CLI00597,Plus,Anual,Débito automático,Indicação,33,79.9,0,3.8,43.9,11,4,1,0,0,0
CLI00598,Plus,Mensal,Débito automático,Parceiro,37,71.91,10,3.0,31.5,12,7,1,0,0,0
CLI00599,Premium,Anual,Pix,Busca orgânica,45,119.9,0,4.3,29.3,15,8,1,0,1,0
CLI00600,Plus,Mensal,Cartão,Parceiro,8,79.9,0,4.6,24.4,6,5,0,1,0,0
CLI00601,Plus,Anual,Cartão,Busca orgânica,22,79.9,0,3.7,41.7,5,5,0,0,0,0
CLI00602,Plus,Anual,Cartão,Busca orgânica,56,71.91,10,14.0,53.9,11,7,0,0,0,0
CLI00603,Premium,Anual,Pix,Mídia paga,12,119.9,0,6.0,26.0,8,7,3,0,1,0
CLI00604,Plus,Mensal,Pix,Indicação,6,79.9,0,4.7,3.0,4,8,0,0,0,0
CLI00605,Premium,Mensal,Cartão,Mídia paga,12,119.9,0,6.0,19.7,5,6,0,0,1,0
CLI00606,Plus,Anual,Cartão,Indicação,15,63.92,20,4.5,30.8,9,7,0,0,0,0
CLI00607,Premium,Mensal,Débito automático,Indicação,25,107.91,10,3.2,11.2,3,6,1,1,0,0
CLI00608,Essencial,Anual,Cartão,Busca orgânica,37,49.9,0,3.3,29.0,3,7,1,0,0,0
CLI00609,Plus,Mensal,Cartão,Parceiro,46,71.91,10,6.4,37.4,10,5,0,0,1,0
CLI00610,Essencial,Anual,Cartão,Parceiro,34,42.42,15,1.6,10.7,4,7,1,0,0,0
CLI00611,Plus,Anual,Cartão,Busca orgânica,58,71.91,10,4.7,20.6,5,6,0,1,0,0
CLI00612,Plus,Mensal,Débito automático,Busca orgânica,14,75.9,5,7.6,48.9,6,7,1,1,0,1
CLI00613,Premium,Mensal,Cartão,Indicação,14,119.9,0,3.8,23.0,8,8,1,1,1,0
CLI00614,Premium,Anual,Cartão,Busca orgânica,9,107.91,10,4.9,19.4,4,6,2,1,1,0
CLI00615,Essencial,Mensal,Boleto,Parceiro,23,49.9,0,4.5,4.4,5,6,1,0,0,0
CLI00616,Plus,Anual,Pix,Mídia paga,13,79.9,0,7.0,13.5,5,5,1,0,1,0
CLI00617,Plus,Mensal,Pix,Mídia paga,48,67.92,15,4.1,19.7,6,6,2,0,1,0
CLI00618,Essencial,Mensal,Pix,Busca orgânica,7,44.91,10,5.5,35.1,7,7,1,0,0,0
CLI00619,Essencial,Mensal,Cartão,Mídia paga,56,49.9,0,0.8,52.1,14,6,1,3,0,1
CLI00620,Essencial,Anual,Cartão,Parceiro,12,44.91,10,1.5,21.1,9,5,2,0,0,0
CLI00621,Plus,Anual,Cartão,Parceiro,51,67.92,15,2.2,21.7,6,7,1,2,0,0
CLI00622,Plus,Anual,Cartão,Mídia paga,15,71.91,10,1.4,11.6,7,8,0,0,0,0
CLI00623,Premium,Anual,Cartão,Indicação,41,107.91,10,4.4,12.6,7,10,0,0,0,0
CLI00624,Plus,Mensal,Pix,Parceiro,25,75.9,5,4.5,40.9,6,7,0,0,0,0
CLI00625,Premium,Anual,Cartão,Busca orgânica,40,107.91,10,7.6,32.2,4,9,0,0,0,0
CLI00626,Essencial,Mensal,Cartão,Indicação,4,42.42,15,1.2,54.8,13,2,3,0,1,1
CLI00627,Plus,Mensal,Pix,Indicação,20,79.9,0,3.4,15.6,7,6,0,1,1,0
CLI00628,Essencial,Mensal,Cartão,Mídia paga,53,44.91,10,2.3,51.5,4,6,0,2,1,0
CLI00629,Plus,Mensal,Pix,Mídia paga,23,71.91,10,10.7,25.2,9,7,2,0,1,0
CLI00630,Plus,Anual,Cartão,Parceiro,14,79.9,0,3.6,13.5,4,9,0,0,1,0
CLI00631,Premium,Mensal,Débito automático,Parceiro,7,119.9,0,10.8,29.6,4,7,0,0,0,0
CLI00632,Premium,Anual,Débito automático,Mídia paga,12,101.92,15,7.7,6.8,3,10,0,0,0,0
CLI00633,Essencial,Anual,Pix,Parceiro,59,49.9,0,6.3,29.7,3,6,1,0,0,0
CLI00634,Essencial,Mensal,Débito automático,Indicação,35,47.4,5,4.6,9.3,7,10,1,1,0,0
CLI00635,Essencial,Mensal,Cartão,Indicação,42,49.9,0,3.4,12.6,1,7,0,0,0,0
CLI00636,Essencial,Anual,Cartão,Indicação,19,47.4,5,2.1,15.1,7,9,1,0,0,0
CLI00637,Plus,Mensal,Cartão,Mídia paga,17,79.9,0,4.8,7.9,1,7,0,0,0,0
CLI00638,Plus,Anual,Cartão,Parceiro,41,75.9,5,6.2,5.0,3,7,1,0,0,0
CLI00639,Plus,Mensal,Débito automático,Mídia paga,49,75.9,5,5.2,15.4,3,10,1,0,0,0
CLI00640,Premium,Mensal,Cartão,Parceiro,16,101.92,15,5.8,31.8,4,8,1,0,0,0
CLI00641,Plus,Mensal,Cartão,Busca orgânica,35,79.9,0,11.3,37.3,8,6,0,1,0,0
CLI00642,Plus,Mensal,Débito automático,Mídia paga,31,79.9,0,1.6,22.4,4,9,1,0,0,0
CLI00643,Essencial,Mensal,Cartão,Busca orgânica,7,47.4,5,1.8,37.0,6,5,1,2,0,0
CLI00644,Essencial,Mensal,Pix,Mídia paga,30,44.91,10,3.6,52.7,14,6,1,0,0,0
CLI00645,Plus,Mensal,Cartão,Mídia paga,24,71.91,10,2.0,28.7,3,8,0,1,0,0
CLI00646,Premium,Anual,Boleto,Busca orgânica,8,119.9,0,5.6,40.5,6,6,1,0,0,0
CLI00647,Essencial,Mensal,Cartão,Indicação,39,49.9,0,5.5,49.3,7,9,1,0,0,0
CLI00648,Plus,Mensal,Débito automático,Busca orgânica,10,79.9,0,2.1,43.7,9,8,0,0,0,0
CLI00649,Plus,Mensal,Pix,Parceiro,14,79.9,0,3.6,11.9,4,8,0,0,1,0
CLI00650,Essencial,Mensal,Boleto,Mídia paga,96,49.9,0,1.8,4.6,6,9,0,1,0,0
CLI00651,Essencial,Mensal,Boleto,Busca orgânica,14,47.4,5,1.5,58.6,15,6,0,0,1,0
CLI00652,Premium,Anual,Débito automático,Parceiro,19,101.92,15,4.1,20.8,7,4,0,1,1,0
CLI00653,Plus,Mensal,Cartão,Busca orgânica,6,67.92,15,5.2,11.0,6,9,0,0,0,0
CLI00654,Essencial,Anual,Cartão,Busca orgânica,83,49.9,0,2.3,38.3,10,5,1,0,0,0
CLI00655,Premium,Mensal,Débito automático,Mídia paga,62,119.9,0,7.3,45.1,11,6,3,0,1,0
CLI00656,Essencial,Mensal,Pix,Busca orgânica,3,47.4,5,3.4,16.1,3,9,1,1,0,0
CLI00657,Premium,Mensal,Débito automático,Busca orgânica,96,107.91,10,9.5,37.5,8,6,1,0,0,0
CLI00658,Essencial,Anual,Débito automático,Mídia paga,74,47.4,5,4.0,34.5,12,10,0,0,0,0
CLI00659,Plus,Anual,Cartão,Busca orgânica,27,67.92,15,2.4,22.2,8,6,0,0,0,0
CLI00660,Essencial,Mensal,Cartão,Busca orgânica,12,47.4,5,3.1,28.1,6,8,2,1,1,1
CLI00661,Essencial,Anual,Cartão,Indicação,58,49.9,0,1.9,43.2,11,4,2,0,1,0
CLI00662,Premium,Mensal,Débito automático,Mídia paga,41,113.9,5,12.8,8.7,3,5,2,0,1,0
CLI00663,Essencial,Mensal,Pix,Busca orgânica,90,44.91,10,7.8,23.1,6,7,1,0,0,0
CLI00664,Essencial,Anual,Cartão,Mídia paga,84,49.9,0,1.9,37.6,12,7,2,0,0,0
CLI00665,Essencial,Mensal,Débito automático,Mídia paga,24,49.9,0,8.5,42.7,12,8,1,0,1,0
CLI00666,Plus,Mensal,Cartão,Indicação,28,63.92,20,7.3,29.8,10,8,0,0,0,0
CLI00667,Plus,Mensal,Cartão,Busca orgânica,11,71.91,10,4.5,54.3,15,8,1,0,0,0
CLI00668,Premium,Anual,Cartão,Busca orgânica,12,107.91,10,21.1,9.0,1,6,0,0,1,0
CLI00669,Essencial,Mensal,Pix,Mídia paga,22,49.9,0,3.2,11.0,3,7,0,2,0,0
CLI00670,Essencial,Anual,Cartão,Busca orgânica,39,42.42,15,0.9,16.7,4,5,1,0,0,0
CLI00671,Essencial,Mensal,Débito automático,Mídia paga,89,47.4,5,2.1,47.6,9,6,0,0,0,0
CLI00672,Plus,Anual,Débito automático,Mídia paga,13,79.9,0,3.3,53.8,7,6,1,0,1,0
CLI00673,Premium,Mensal,Débito automático,Busca orgânica,23,119.9,0,10.2,18.5,7,8,2,0,0,0
CLI00674,Plus,Mensal,Boleto,Parceiro,45,79.9,0,0.7,25.6,3,6,0,1,1,0
CLI00675,Plus,Mensal,Cartão,Busca orgânica,27,79.9,0,6.6,26.4,5,7,1,0,0,0
CLI00676,Essencial,Mensal,Cartão,Mídia paga,37,47.4,5,4.5,19.1,6,8,2,0,1,0
CLI00677,Premium,Mensal,Cartão,Indicação,26,119.9,0,7.7,66.2,6,5,1,2,1,1
CLI00678,Plus,Anual,Débito automático,Indicação,9,75.9,5,5.5,13.2,2,8,0,1,0,0
CLI00679,Essencial,Mensal,Cartão,Mídia paga,57,47.4,5,7.4,41.9,8,8,0,0,0,0
CLI00680,Essencial,Mensal,Boleto,Busca orgânica,37,49.9,0,6.8,17.1,3,8,1,0,0,0
CLI00681,Essencial,Anual,Pix,Mídia paga,16,49.9,0,4.6,21.7,5,10,0,0,0,0
CLI00682,Essencial,Mensal,Débito automático,Mídia paga,21,42.42,15,4.0,22.1,4,8,0,0,0,0
CLI00683,Essencial,Mensal,Cartão,Mídia paga,14,49.9,0,0.7,41.5,9,7,0,0,0,0
CLI00684,Essencial,Mensal,Débito automático,Busca orgânica,41,49.9,0,1.7,56.5,11,6,1,0,1,0
CLI00685,Plus,Mensal,Cartão,Parceiro,5,71.91,10,4.3,43.4,8,7,3,0,0,0
CLI00686,Essencial,Mensal,Pix,Parceiro,14,42.42,15,1.2,9.6,1,9,0,1,1,0
CLI00687,Essencial,Anual,Débito automático,Busca orgânica,19,44.91,10,2.3,49.7,7,8,1,0,0,0
CLI00688,Premium,Mensal,Cartão,Busca orgânica,19,119.9,0,10.4,82.9,8,3,4,0,1,1
CLI00689,Plus,Mensal,Débito automático,Parceiro,10,71.91,10,3.5,43.6,7,5,0,3,0,1
CLI00690,Plus,Anual,Débito automático,Indicação,26,75.9,5,5.3,37.2,13,6,1,0,1,0
CLI00691,Essencial,Mensal,Débito automático,Busca orgânica,5,44.91,10,4.1,23.6,7,5,0,0,0,0
CLI00692,Premium,Mensal,Cartão,Parceiro,41,113.9,5,8.5,3.1,3,6,1,2,0,0
CLI00693,Essencial,Anual,Cartão,Busca orgânica,71,49.9,0,4.7,11.6,6,7,0,0,0,0
CLI00694,Essencial,Mensal,Cartão,Parceiro,31,47.4,5,4.7,11.3,4,8,0,1,0,1
CLI00695,Premium,Mensal,Pix,Busca orgânica,11,119.9,0,1.2,25.8,8,6,2,0,0,0
CLI00696,Plus,Anual,Cartão,Busca orgânica,38,71.91,10,8.3,15.7,6,4,1,1,1,0
CLI00697,Plus,Anual,Boleto,Busca orgânica,19,79.9,0,5.4,36.1,13,8,0,1,1,0
CLI00698,Plus,Anual,Boleto,Busca orgânica,31,67.92,15,3.9,8.4,5,7,0,1,0,0
CLI00699,Plus,Anual,Cartão,Parceiro,26,75.9,5,3.4,35.9,3,8,2,0,1,0
CLI00700,Essencial,Mensal,Débito automático,Mídia paga,44,49.9,0,0.4,47.7,5,6,3,1,0,0
CLI00701,Essencial,Mensal,Cartão,Parceiro,31,44.91,10,1.4,16.3,2,5,2,0,1,0
CLI00702,Essencial,Anual,Cartão,Busca orgânica,18,42.42,15,1.4,21.7,4,7,0,0,0,0
CLI00703,Essencial,Anual,Cartão,Parceiro,13,49.9,0,1.4,10.9,11,9,2,0,0,0
CLI00704,Premium,Anual,Débito automático,Mídia paga,20,107.91,10,1.5,21.1,6,5,3,0,1,0
CLI00705,Essencial,Mensal,Boleto,Indicação,49,44.91,10,4.5,42.6,4,7,0,0,0,0
CLI00706,Plus,Anual,Cartão,Busca orgânica,20,71.91,10,4.5,5.1,5,8,2,0,0,0
CLI00707,Plus,Mensal,Cartão,Busca orgânica,36,75.9,5,4.7,15.0,6,7,0,1,0,0
CLI00708,Plus,Mensal,Cartão,Indicação,38,71.91,10,9.5,7.9,6,8,1,1,0,0
CLI00709,Essencial,Mensal,Pix,Parceiro,22,47.4,5,0.8,66.2,13,8,0,0,0,0
CLI00710,Plus,Mensal,Cartão,Parceiro,20,79.9,0,9.0,46.1,13,5,1,1,0,1
CLI00711,Premium,Anual,Débito automático,Indicação,24,119.9,0,4.8,43.2,5,6,2,0,0,0
CLI00712,Plus,Mensal,Boleto,Indicação,6,75.9,5,7.2,11.7,2,7,0,1,0,0
CLI00713,Plus,Anual,Cartão,Busca orgânica,34,71.91,10,0.7,26.0,9,6,1,0,0,0
CLI00714,Premium,Mensal,Débito automático,Mídia paga,17,119.9,0,11.8,33.5,8,8,2,0,0,0
CLI00715,Plus,Mensal,Débito automático,Mídia paga,29,79.9,0,1.7,3.9,2,8,1,1,0,0
CLI00716,Essencial,Mensal,Pix,Mídia paga,15,49.9,0,2.7,14.7,5,9,1,0,0,0
CLI00717,Plus,Mensal,Débito automático,Mídia paga,61,79.9,0,9.4,7.6,3,8,0,0,0,0
CLI00718,Essencial,Anual,Pix,Parceiro,62,47.4,5,4.1,32.3,6,9,0,0,0,0
CLI00719,Plus,Mensal,Pix,Busca orgânica,38,67.92,15,4.1,0.7,2,8,0,1,0,0
CLI00720,Premium,Mensal,Cartão,Indicação,2,119.9,0,9.5,71.7,8,9,1,0,0,0
CLI00721,Plus,Mensal,Débito automático,Mídia paga,22,71.91,10,3.6,47.1,13,4,1,1,1,1
CLI00722,Essencial,Mensal,Cartão,Parceiro,45,44.91,10,5.6,10.8,3,8,1,2,0,0
CLI00723,Essencial,Mensal,Cartão,Mídia paga,96,47.4,5,3.3,69.1,10,7,1,1,0,0
CLI00724,Premium,Anual,Pix,Parceiro,8,119.9,0,1.1,32.7,4,10,0,0,0,0
CLI00725,Essencial,Mensal,Cartão,Parceiro,3,49.9,0,2.5,16.0,3,8,1,0,1,0
CLI00726,Essencial,Mensal,Cartão,Indicação,17,49.9,0,3.6,15.5,5,7,0,1,0,0
CLI00727,Essencial,Anual,Cartão,Mídia paga,15,49.9,0,4.3,7.4,1,6,2,0,0,0
CLI00728,Essencial,Anual,Débito automático,Mídia paga,37,47.4,5,5.2,8.7,5,9,2,0,0,0
CLI00729,Essencial,Mensal,Pix,Indicação,10,49.9,0,2.4,35.7,9,6,0,1,1,0
CLI00730,Plus,Anual,Cartão,Mídia paga,16,75.9,5,5.5,23.1,3,8,1,0,0,0
CLI00731,Essencial,Anual,Débito automático,Busca orgânica,17,42.42,15,1.9,19.3,6,8,2,0,0,0
CLI00732,Essencial,Mensal,Débito automático,Mídia paga,29,49.9,0,8.7,63.7,7,5,1,0,1,1
CLI00733,Essencial,Mensal,Cartão,Indicação,36,42.42,15,4.8,11.1,8,6,0,0,0,0
CLI00734,Essencial,Anual,Pix,Busca orgânica,14,49.9,0,5.2,43.8,9,6,1,0,0,0
CLI00735,Essencial,Anual,Cartão,Mídia paga,29,47.4,5,6.9,31.2,5,6,1,1,1,1
CLI00736,Plus,Anual,Pix,Mídia paga,3,71.91,10,4.9,39.5,9,8,0,0,0,0
CLI00737,Essencial,Mensal,Débito automático,Indicação,64,44.91,10,6.6,21.0,2,6,1,1,1,0
CLI00738,Essencial,Anual,Cartão,Indicação,12,44.91,10,4.6,6.5,2,8,0,0,0,0
CLI00739,Essencial,Mensal,Pix,Parceiro,51,44.91,10,4.7,12.2,2,7,1,0,0,0
CLI00740,Essencial,Anual,Cartão,Parceiro,15,49.9,0,2.5,22.5,4,8,1,1,0,0
CLI00741,Essencial,Anual,Pix,Mídia paga,37,47.4,5,5.7,52.7,6,7,1,0,0,0
CLI00742,Essencial,Mensal,Cartão,Indicação,19,49.9,0,4.0,18.0,4,4,2,1,0,0
CLI00743,Premium,Mensal,Débito automático,Mídia paga,43,101.92,15,5.1,39.0,8,4,0,1,0,0
CLI00744,Essencial,Mensal,Pix,Mídia paga,49,39.92,20,0.7,8.9,6,8,0,0,1,0
CLI00745,Plus,Anual,Cartão,Busca orgânica,60,79.9,0,5.2,8.0,5,8,2,0,0,0
CLI00746,Plus,Mensal,Débito automático,Indicação,33,71.91,10,3.8,20.3,6,9,0,0,0,0
CLI00747,Essencial,Anual,Cartão,Indicação,4,49.9,0,2.7,6.0,5,8,1,1,0,0
CLI00748,Essencial,Mensal,Pix,Indicação,11,44.91,10,3.3,37.4,8,8,1,0,0,0
CLI00749,Plus,Mensal,Pix,Mídia paga,62,79.9,0,7.5,15.6,6,6,1,0,0,0
CLI00750,Premium,Mensal,Cartão,Busca orgânica,21,107.91,10,13.5,26.4,4,5,1,1,0,0
CLI00751,Essencial,Anual,Cartão,Busca orgânica,20,49.9,0,5.9,47.1,6,8,1,0,1,0
CLI00752,Essencial,Mensal,Cartão,Busca orgânica,38,44.91,10,4.2,19.1,11,8,0,0,0,0
CLI00753,Essencial,Mensal,Débito automático,Mídia paga,34,47.4,5,4.3,54.9,12,4,2,1,0,0
CLI00754,Plus,Mensal,Débito automático,Mídia paga,84,71.91,10,4.4,32.0,10,8,0,1,0,0
CLI00755,Plus,Anual,Cartão,Busca orgânica,24,79.9,0,10.5,8.1,5,8,1,0,0,0
CLI00756,Essencial,Anual,Cartão,Indicação,21,42.42,15,1.7,18.4,6,8,1,0,1,0
CLI00757,Essencial,Mensal,Débito automático,Indicação,48,44.91,10,1.4,7.7,3,9,0,0,1,0
CLI00758,Premium,Mensal,Cartão,Mídia paga,40,119.9,0,4.9,43.4,16,4,1,0,0,1
CLI00759,Essencial,Mensal,Cartão,Busca orgânica,8,49.9,0,1.0,37.7,5,5,0,2,1,0
CLI00760,Plus,Mensal,Débito automático,Busca orgânica,21,79.9,0,5.7,0.4,8,10,1,0,0,0
CLI00761,Plus,Anual,Cartão,Busca orgânica,88,71.91,10,18.7,26.1,4,6,2,0,0,0
CLI00762,Essencial,Mensal,Boleto,Indicação,13,49.9,0,8.3,11.5,2,7,1,3,0,0
CLI00763,Essencial,Mensal,Cartão,Indicação,21,44.91,10,4.0,46.0,12,7,1,0,0,0
CLI00764,Essencial,Anual,Débito automático,Mídia paga,75,44.91,10,1.2,5.7,4,8,1,0,0,0
CLI00765,Premium,Mensal,Cartão,Busca orgânica,74,119.9,0,10.4,28.6,5,9,0,1,0,0
CLI00766,Essencial,Mensal,Cartão,Mídia paga,57,49.9,0,6.9,9.2,5,8,2,1,1,0
CLI00767,Essencial,Mensal,Cartão,Indicação,19,39.92,20,2.2,2.8,9,6,2,1,1,0
CLI00768,Essencial,Mensal,Boleto,Mídia paga,14,44.91,10,3.7,30.0,9,5,2,1,0,0
CLI00769,Essencial,Mensal,Pix,Busca orgânica,47,44.91,10,0.6,27.8,6,5,0,0,1,0
CLI00770,Plus,Mensal,Cartão,Mídia paga,64,71.91,10,6.2,61.8,9,3,1,1,0,0
CLI00771,Essencial,Mensal,Boleto,Busca orgânica,23,49.9,0,2.9,50.3,9,6,1,0,1,0
CLI00772,Plus,Mensal,Cartão,Busca orgânica,33,71.91,10,2.4,2.6,3,7,1,1,0,0
CLI00773,Plus,Anual,Cartão,Mídia paga,13,75.9,5,3.8,21.8,5,6,1,0,1,0
CLI00774,Premium,Mensal,Cartão,Indicação,7,119.9,0,4.0,23.0,7,7,1,0,1,0
CLI00775,Essencial,Mensal,Débito automático,Indicação,7,44.91,10,2.5,26.8,8,4,2,0,0,0
CLI00776,Premium,Mensal,Cartão,Indicação,23,101.92,15,5.8,20.8,2,7,1,0,0,0
CLI00777,Plus,Mensal,Cartão,Parceiro,12,71.91,10,2.6,34.3,6,9,1,0,0,0
CLI00778,Essencial,Mensal,Boleto,Parceiro,31,44.91,10,4.9,48.7,10,6,0,1,1,1
CLI00779,Plus,Mensal,Pix,Mídia paga,14,79.9,0,7.1,41.8,13,6,2,0,0,0
CLI00780,Premium,Anual,Cartão,Busca orgânica,55,119.9,0,3.0,15.6,5,10,1,0,0,0
CLI00781,Essencial,Mensal,Pix,Indicação,18,42.42,15,10.0,17.7,5,8,2,0,0,0
CLI00782,Premium,Anual,Cartão,Mídia paga,20,107.91,10,3.4,23.3,4,9,0,0,0,0
CLI00783,Essencial,Mensal,Pix,Indicação,62,42.42,15,3.9,44.6,11,7,0,0,1,0
CLI00784,Plus,Mensal,Cartão,Busca orgânica,29,63.92,20,1.7,46.4,7,7,0,1,1,0
CLI00785,Premium,Mensal,Pix,Mídia paga,31,119.9,0,2.5,31.5,13,6,2,0,0,0
CLI00786,Essencial,Mensal,Débito automático,Busca orgânica,20,44.91,10,5.5,13.1,10,10,1,1,0,0
CLI00787,Plus,Anual,Cartão,Mídia paga,27,75.9,5,10.7,8.5,3,8,0,1,1,0
CLI00788,Essencial,Anual,Cartão,Mídia paga,9,49.9,0,7.7,4.2,4,10,1,0,0,0
CLI00789,Plus,Anual,Cartão,Mídia paga,48,75.9,5,9.2,22.2,9,8,0,1,1,0
CLI00790,Plus,Mensal,Débito automático,Mídia paga,15,63.92,20,3.0,43.5,14,7,2,0,0,0
CLI00791,Essencial,Anual,Débito automático,Busca orgânica,8,39.92,20,5.9,31.6,4,8,0,0,0,0
CLI00792,Essencial,Mensal,Débito automático,Mídia paga,48,47.4,5,1.5,73.0,15,5,0,0,1,1
CLI00793,Essencial,Mensal,Boleto,Mídia paga,35,49.9,0,3.3,39.0,5,4,0,0,0,0
CLI00794,Essencial,Mensal,Débito automático,Mídia paga,38,42.42,15,4.8,31.4,8,7,1,0,0,0
CLI00795,Essencial,Mensal,Boleto,Mídia paga,25,42.42,15,3.3,16.2,6,7,0,1,1,0
CLI00796,Essencial,Mensal,Pix,Parceiro,66,47.4,5,5.1,30.4,5,5,1,0,0,0
CLI00797,Essencial,Anual,Cartão,Mídia paga,15,47.4,5,8.5,22.0,3,8,0,0,0,0
CLI00798,Essencial,Mensal,Pix,Parceiro,23,49.9,0,2.1,58.1,9,7,0,0,0,1
CLI00799,Plus,Mensal,Cartão,Busca orgânica,4,79.9,0,11.9,15.2,7,8,0,1,1,0
CLI00800,Plus,Mensal,Cartão,Parceiro,1,79.9,0,7.4,22.1,7,7,1,0,0,0
CLI00801,Plus,Anual,Cartão,Parceiro,29,75.9,5,11.2,39.9,9,7,1,1,0,0
CLI00802,Essencial,Anual,Cartão,Indicação,35,49.9,0,6.3,1.4,6,5,2,0,0,0
CLI00803,Premium,Mensal,Débito automático,Mídia paga,28,113.9,5,16.8,51.2,11,6,0,2,1,0
CLI00804,Plus,Mensal,Cartão,Busca orgânica,35,79.9,0,10.2,50.8,19,7,1,2,0,0
CLI00805,Essencial,Mensal,Cartão,Mídia paga,47,42.42,15,4.5,36.7,15,7,0,0,0,0
CLI00806,Essencial,Mensal,Boleto,Indicação,23,49.9,0,5.2,24.8,8,6,1,0,1,1
CLI00807,Plus,Anual,Pix,Busca orgânica,19,75.9,5,4.8,11.1,6,9,1,0,0,0
CLI00808,Essencial,Anual,Cartão,Busca orgânica,11,49.9,0,4.7,23.1,5,7,1,1,1,0
CLI00809,Plus,Anual,Cartão,Busca orgânica,31,75.9,5,7.5,50.4,5,7,0,0,0,0
CLI00810,Premium,Mensal,Cartão,Parceiro,51,119.9,0,8.6,26.0,12,8,2,0,0,1
CLI00811,Essencial,Anual,Boleto,Busca orgânica,40,49.9,0,1.7,36.7,9,7,1,0,0,0
CLI00812,Essencial,Anual,Cartão,Busca orgânica,84,44.91,10,3.2,35.6,3,6,1,0,1,0
CLI00813,Premium,Mensal,Boleto,Mídia paga,26,113.9,5,1.3,36.1,7,6,2,1,1,0
CLI00814,Plus,Mensal,Cartão,Indicação,18,79.9,0,1.0,15.4,3,7,2,1,0,0
CLI00815,Essencial,Mensal,Débito automático,Busca orgânica,22,39.92,20,2.1,18.7,3,10,2,0,0,0
CLI00816,Premium,Mensal,Cartão,Busca orgânica,43,107.91,10,2.5,18.8,7,7,0,0,0,0
CLI00817,Premium,Anual,Pix,Parceiro,35,107.91,10,13.9,34.2,5,8,1,1,0,0
CLI00818,Plus,Anual,Cartão,Parceiro,15,63.92,20,5.9,65.1,13,6,0,1,0,0
CLI00819,Plus,Mensal,Cartão,Mídia paga,30,71.91,10,15.0,23.3,3,8,0,1,1,0
CLI00820,Essencial,Mensal,Boleto,Busca orgânica,14,47.4,5,3.4,61.7,11,6,0,0,0,0
CLI00821,Essencial,Mensal,Débito automático,Busca orgânica,35,39.92,20,4.3,5.7,2,7,1,0,0,0
CLI00822,Plus,Mensal,Cartão,Mídia paga,5,71.91,10,9.2,11.5,4,7,0,0,1,0
CLI00823,Essencial,Mensal,Débito automático,Busca orgânica,6,49.9,0,6.9,49.5,12,7,2,2,0,1
CLI00824,Plus,Anual,Cartão,Busca orgânica,8,79.9,0,6.0,1.0,4,8,0,1,0,0
CLI00825,Premium,Anual,Boleto,Indicação,11,119.9,0,2.3,19.7,4,8,0,0,1,0
CLI00826,Essencial,Anual,Cartão,Parceiro,33,49.9,0,5.6,49.8,9,8,0,0,1,0
CLI00827,Plus,Anual,Cartão,Mídia paga,42,79.9,0,1.7,11.2,7,7,1,0,0,0
CLI00828,Essencial,Mensal,Cartão,Indicação,24,47.4,5,4.0,10.3,6,7,0,0,1,0
CLI00829,Premium,Anual,Cartão,Parceiro,8,113.9,5,2.5,14.9,3,8,0,0,1,0
CLI00830,Essencial,Mensal,Boleto,Busca orgânica,48,49.9,0,2.5,22.2,5,9,0,2,0,0
CLI00831,Plus,Mensal,Cartão,Mídia paga,23,75.9,5,3.9,37.6,6,5,1,0,1,0
CLI00832,Plus,Mensal,Cartão,Indicação,55,75.9,5,0.7,10.7,5,8,1,0,1,0
CLI00833,Essencial,Mensal,Débito automático,Parceiro,26,39.92,20,10.3,15.1,4,7,1,0,0,0
CLI00834,Plus,Mensal,Cartão,Indicação,6,75.9,5,3.8,36.1,6,7,0,1,0,0
CLI00835,Plus,Mensal,Cartão,Parceiro,13,67.92,15,1.4,10.2,7,6,0,2,0,0
CLI00836,Plus,Mensal,Débito automático,Mídia paga,5,67.92,15,2.6,31.2,5,9,1,0,0,0
CLI00837,Plus,Anual,Cartão,Indicação,2,75.9,5,6.0,80.0,4,6,1,0,0,1
CLI00838,Premium,Mensal,Débito automático,Indicação,18,119.9,0,3.0,6.4,1,8,1,0,0,0
CLI00839,Essencial,Mensal,Pix,Mídia paga,26,42.42,15,3.2,55.1,13,5,2,1,0,0
CLI00840,Plus,Anual,Cartão,Indicação,33,79.9,0,0.4,50.7,11,6,1,1,0,0
CLI00841,Essencial,Mensal,Pix,Indicação,44,49.9,0,10.9,1.4,6,9,0,0,0,0
CLI00842,Plus,Mensal,Cartão,Mídia paga,16,67.92,15,8.4,44.8,9,5,1,0,0,0
CLI00843,Plus,Anual,Pix,Indicação,8,71.91,10,2.1,6.8,4,8,0,0,0,0
CLI00844,Essencial,Mensal,Pix,Busca orgânica,26,49.9,0,7.6,48.2,7,7,1,0,0,0
CLI00845,Essencial,Mensal,Débito automático,Mídia paga,16,49.9,0,2.9,19.1,7,8,0,0,1,0
CLI00846,Premium,Mensal,Cartão,Indicação,41,107.91,10,8.9,32.0,6,8,0,0,0,0
CLI00847,Essencial,Mensal,Débito automático,Busca orgânica,17,49.9,0,3.9,11.2,5,9,0,0,1,0
CLI00848,Plus,Anual,Cartão,Indicação,33,71.91,10,6.6,25.7,10,9,0,0,0,0
CLI00849,Essencial,Mensal,Boleto,Parceiro,73,47.4,5,2.9,8.6,3,8,0,0,0,0
CLI00850,Premium,Mensal,Cartão,Indicação,39,101.92,15,5.3,68.3,10,6,1,1,0,0
CLI00851,Essencial,Anual,Débito automático,Mídia paga,59,44.91,10,3.7,32.5,7,6,2,0,0,0
CLI00852,Essencial,Anual,Pix,Mídia paga,6,39.92,20,2.3,1.6,4,6,1,0,0,0
CLI00853,Premium,Mensal,Cartão,Mídia paga,7,101.92,15,11.3,40.3,10,6,2,1,1,0
CLI00854,Premium,Mensal,Cartão,Busca orgânica,27,119.9,0,6.1,31.7,9,6,1,0,0,0
CLI00855,Essencial,Anual,Boleto,Indicação,39,47.4,5,8.1,41.2,11,7,0,1,1,0
CLI00856,Plus,Mensal,Débito automático,Busca orgânica,33,63.92,20,7.2,38.3,5,5,1,0,0,0
CLI00857,Plus,Mensal,Débito automático,Mídia paga,12,79.9,0,4.2,8.8,3,7,0,2,1,0
CLI00858,Premium,Mensal,Cartão,Mídia paga,37,113.9,5,11.1,82.3,6,3,1,2,0,1
CLI00859,Essencial,Anual,Pix,Indicação,29,47.4,5,1.2,23.7,5,9,0,0,0,0
CLI00860,Plus,Mensal,Cartão,Mídia paga,17,79.9,0,2.9,22.2,4,5,1,1,1,1
CLI00861,Plus,Mensal,Pix,Indicação,57,79.9,0,8.2,11.9,9,7,0,0,0,0
CLI00862,Plus,Anual,Cartão,Busca orgânica,39,79.9,0,3.9,28.2,9,7,0,0,0,0
CLI00863,Plus,Mensal,Débito automático,Mídia paga,51,75.9,5,5.3,45.6,5,6,1,1,1,0
CLI00864,Plus,Mensal,Débito automático,Indicação,27,67.92,15,4.0,27.7,1,7,2,0,0,0
CLI00865,Essencial,Mensal,Cartão,Parceiro,36,47.4,5,4.2,48.4,4,6,0,0,0,0
CLI00866,Premium,Anual,Débito automático,Mídia paga,32,119.9,0,7.2,18.0,2,9,0,1,0,0
CLI00867,Premium,Mensal,Cartão,Indicação,5,119.9,0,3.0,21.6,3,5,3,0,1,0
CLI00868,Plus,Anual,Cartão,Indicação,24,71.91,10,11.6,13.7,4,7,2,0,0,0
CLI00869,Essencial,Mensal,Cartão,Mídia paga,31,49.9,0,6.1,23.4,6,7,0,0,0,0
CLI00870,Essencial,Mensal,Cartão,Mídia paga,46,49.9,0,0.6,72.5,5,8,0,0,0,0
CLI00871,Plus,Anual,Cartão,Indicação,12,79.9,0,1.2,5.1,2,10,0,0,0,0
CLI00872,Essencial,Mensal,Débito automático,Busca orgânica,26,44.91,10,0.6,19.6,9,7,1,0,0,0
CLI00873,Premium,Mensal,Débito automático,Mídia paga,55,101.92,15,3.6,16.8,4,7,5,0,0,0
CLI00874,Essencial,Anual,Cartão,Busca orgânica,20,47.4,5,5.5,20.2,4,7,1,2,0,0
CLI00875,Plus,Mensal,Boleto,Busca orgânica,6,79.9,0,4.6,6.3,9,9,1,1,0,0
CLI00876,Premium,Mensal,Boleto,Busca orgânica,39,119.9,0,4.7,4.1,4,8,0,1,0,0
CLI00877,Essencial,Anual,Cartão,Busca orgânica,27,49.9,0,0.8,7.8,6,8,1,0,0,0
CLI00878,Essencial,Mensal,Cartão,Indicação,5,49.9,0,3.9,16.1,2,7,0,2,0,0
CLI00879,Plus,Anual,Boleto,Busca orgânica,22,71.91,10,6.1,25.0,9,9,1,0,0,0
CLI00880,Plus,Mensal,Cartão,Indicação,25,67.92,15,4.2,22.3,7,7,2,1,0,0
CLI00881,Essencial,Mensal,Cartão,Indicação,20,49.9,0,6.3,17.7,9,4,3,1,0,0
CLI00882,Plus,Anual,Boleto,Parceiro,26,79.9,0,9.2,32.1,3,8,0,0,1,0
CLI00883,Premium,Mensal,Débito automático,Indicação,28,107.91,10,3.8,14.4,5,6,2,2,1,0
CLI00884,Plus,Anual,Débito automático,Indicação,30,75.9,5,3.8,29.8,10,5,1,0,1,0
CLI00885,Essencial,Anual,Débito automático,Parceiro,23,49.9,0,6.4,36.2,9,8,3,0,1,0
CLI00886,Essencial,Anual,Cartão,Parceiro,41,49.9,0,2.8,15.6,3,8,0,0,0,0
CLI00887,Essencial,Mensal,Débito automático,Mídia paga,40,47.4,5,2.1,67.8,10,6,1,0,0,0
CLI00888,Essencial,Mensal,Débito automático,Indicação,15,44.91,10,3.9,21.2,7,6,0,0,0,0
CLI00889,Essencial,Anual,Cartão,Mídia paga,63,44.91,10,6.1,8.1,3,9,0,1,0,0
CLI00890,Plus,Mensal,Cartão,Mídia paga,14,67.92,15,5.7,7.0,6,6,2,1,1,0
CLI00891,Essencial,Anual,Cartão,Mídia paga,30,49.9,0,2.0,19.1,4,9,0,0,0,0
CLI00892,Premium,Anual,Débito automático,Indicação,31,113.9,5,4.5,9.3,9,10,1,0,0,0
CLI00893,Essencial,Mensal,Débito automático,Busca orgânica,9,47.4,5,4.5,59.0,3,9,1,0,0,0
CLI00894,Essencial,Mensal,Boleto,Busca orgânica,7,49.9,0,2.8,5.6,7,6,0,0,0,1
CLI00895,Plus,Mensal,Cartão,Mídia paga,16,71.91,10,8.5,38.7,11,9,2,0,0,0
CLI00896,Premium,Mensal,Pix,Busca orgânica,38,119.9,0,5.3,10.7,7,5,1,1,0,0
CLI00897,Essencial,Mensal,Cartão,Busca orgânica,2,44.91,10,2.9,28.0,6,5,2,0,0,0
CLI00898,Essencial,Mensal,Boleto,Mídia paga,19,47.4,5,3.2,15.8,5,9,0,1,1,0
CLI00899,Essencial,Anual,Pix,Mídia paga,9,49.9,0,3.1,16.2,3,8,1,0,0,0
CLI00900,Plus,Mensal,Débito automático,Parceiro,45,79.9,0,1.8,62.4,9,6,2,0,0,0
CLI00901,Plus,Mensal,Cartão,Mídia paga,18,75.9,5,6.9,17.5,4,8,0,1,0,0
CLI00902,Essencial,Anual,Cartão,Indicação,32,49.9,0,7.3,22.4,4,6,1,1,0,0
CLI00903,Essencial,Anual,Cartão,Parceiro,23,44.91,10,4.1,11.9,9,8,1,1,0,1
CLI00904,Plus,Anual,Débito automático,Indicação,41,71.91,10,6.5,9.8,3,9,0,0,0,0
CLI00905,Premium,Mensal,Cartão,Indicação,18,107.91,10,4.6,9.9,3,7,1,2,1,0
CLI00906,Plus,Anual,Débito automático,Busca orgânica,14,79.9,0,5.9,17.8,5,8,0,0,1,0
CLI00907,Plus,Anual,Cartão,Mídia paga,8,67.92,15,10.3,35.6,8,6,0,1,1,0
CLI00908,Essencial,Anual,Pix,Indicação,29,47.4,5,3.2,37.1,4,8,1,0,1,0
CLI00909,Essencial,Mensal,Cartão,Busca orgânica,38,44.91,10,5.2,22.0,7,8,0,1,0,0
CLI00910,Essencial,Mensal,Cartão,Indicação,10,39.92,20,4.9,25.0,4,7,0,1,0,0
CLI00911,Plus,Mensal,Pix,Mídia paga,22,75.9,5,8.4,49.1,12,6,2,0,0,0
CLI00912,Premium,Mensal,Cartão,Mídia paga,62,101.92,15,8.2,13.0,2,10,0,0,0,0
CLI00913,Premium,Mensal,Cartão,Busca orgânica,19,119.9,0,8.1,3.0,5,9,0,1,1,0
CLI00914,Premium,Anual,Pix,Busca orgânica,10,101.92,15,11.0,69.3,7,5,0,1,1,0
CLI00915,Premium,Mensal,Cartão,Mídia paga,18,95.92,20,10.3,55.2,9,5,0,0,0,0
CLI00916,Premium,Anual,Pix,Busca orgânica,17,119.9,0,5.5,53.8,5,6,2,0,0,0
CLI00917,Essencial,Mensal,Débito automático,Busca orgânica,40,47.4,5,3.8,41.9,6,7,2,1,0,0
CLI00918,Essencial,Anual,Cartão,Mídia paga,26,42.42,15,0.7,62.3,13,4,2,0,0,0
CLI00919,Essencial,Mensal,Cartão,Mídia paga,5,49.9,0,2.8,39.3,9,5,0,1,0,0
CLI00920,Plus,Mensal,Cartão,Mídia paga,47,71.91,10,4.5,43.9,9,8,0,0,0,0
CLI00921,Essencial,Mensal,Cartão,Indicação,12,49.9,0,2.8,64.3,8,7,0,0,0,0
CLI00922,Premium,Anual,Cartão,Mídia paga,9,119.9,0,5.8,1.0,4,10,0,2,0,0
CLI00923,Plus,Mensal,Pix,Busca orgânica,23,71.91,10,5.4,50.7,11,8,0,0,0,0
CLI00924,Plus,Mensal,Cartão,Parceiro,14,75.9,5,7.0,17.8,5,8,1,2,0,0
CLI00925,Essencial,Anual,Débito automático,Busca orgânica,42,44.91,10,4.0,38.4,7,9,0,0,0,0
CLI00926,Essencial,Mensal,Débito automático,Busca orgânica,28,47.4,5,3.4,18.6,8,3,0,1,0,0
CLI00927,Essencial,Mensal,Cartão,Indicação,18,42.42,15,2.3,10.8,6,6,1,0,1,0
CLI00928,Premium,Mensal,Pix,Busca orgânica,13,119.9,0,4.1,53.4,9,6,1,2,0,1
CLI00929,Plus,Mensal,Cartão,Busca orgânica,64,71.91,10,4.4,27.8,6,8,1,0,1,0
CLI00930,Plus,Mensal,Cartão,Parceiro,54,75.9,5,1.4,9.0,5,7,2,0,1,0
CLI00931,Essencial,Mensal,Boleto,Parceiro,22,42.42,15,2.0,43.0,15,6,2,0,0,0
CLI00932,Essencial,Mensal,Cartão,Busca orgânica,4,42.42,15,8.2,16.2,8,6,0,0,0,0
CLI00933,Essencial,Mensal,Cartão,Mídia paga,18,49.9,0,1.5,32.8,8,7,1,0,0,0
CLI00934,Plus,Anual,Débito automático,Mídia paga,39,67.92,15,1.7,30.6,6,5,0,0,0,0
CLI00935,Plus,Anual,Boleto,Parceiro,11,75.9,5,6.7,19.3,8,9,0,0,0,0
CLI00936,Essencial,Mensal,Pix,Busca orgânica,67,49.9,0,5.2,38.5,6,6,1,1,1,0
CLI00937,Premium,Mensal,Débito automático,Indicação,62,119.9,0,5.1,41.0,11,6,0,0,0,0
CLI00938,Essencial,Mensal,Débito automático,Parceiro,15,49.9,0,2.7,4.6,6,5,1,0,0,0
CLI00939,Premium,Anual,Débito automático,Mídia paga,12,107.91,10,0.5,12.7,7,7,1,0,0,0
CLI00940,Essencial,Mensal,Pix,Busca orgânica,44,47.4,5,3.2,63.2,11,7,2,0,1,1
CLI00941,Essencial,Anual,Débito automático,Busca orgânica,33,49.9,0,5.4,9.3,3,6,1,0,0,0
CLI00942,Premium,Mensal,Pix,Indicação,19,101.92,15,8.1,34.6,7,6,0,0,0,0
CLI00943,Essencial,Mensal,Cartão,Indicação,46,47.4,5,2.9,18.2,9,6,3,0,0,0
CLI00944,Essencial,Anual,Cartão,Busca orgânica,8,39.92,20,1.9,53.8,9,7,1,1,0,0
CLI00945,Essencial,Mensal,Cartão,Mídia paga,21,49.9,0,7.5,27.3,8,8,1,0,0,0
CLI00946,Essencial,Mensal,Cartão,Busca orgânica,54,49.9,0,1.5,10.4,4,7,1,1,1,0
CLI00947,Plus,Mensal,Cartão,Busca orgânica,38,67.92,15,1.8,36.6,4,7,1,0,0,0
CLI00948,Premium,Mensal,Cartão,Indicação,43,107.91,10,8.1,69.6,8,6,0,0,0,1
CLI00949,Premium,Mensal,Boleto,Indicação,96,119.9,0,1.6,30.3,16,6,2,1,0,0
CLI00950,Essencial,Anual,Cartão,Busca orgânica,31,49.9,0,3.4,46.0,9,5,2,1,1,0
CLI00951,Plus,Mensal,Cartão,Indicação,31,79.9,0,2.7,14.0,6,7,0,1,0,0
CLI00952,Essencial,Mensal,Débito automático,Parceiro,9,44.91,10,3.0,35.9,8,4,0,0,0,0
CLI00953,Essencial,Mensal,Cartão,Busca orgânica,18,49.9,0,4.2,63.1,9,5,2,2,0,1
CLI00954,Essencial,Mensal,Débito automático,Busca orgânica,36,49.9,0,1.6,18.1,8,7,0,0,1,0
CLI00955,Premium,Anual,Pix,Busca orgânica,35,101.92,15,6.8,15.0,2,7,0,0,0,0
CLI00956,Premium,Mensal,Pix,Mídia paga,45,119.9,0,4.9,4.9,6,7,2,0,1,0
CLI00957,Plus,Mensal,Cartão,Indicação,25,71.91,10,2.8,16.9,5,4,1,2,0,0
CLI00958,Plus,Mensal,Cartão,Mídia paga,25,79.9,0,5.5,46.9,7,6,0,2,1,0
CLI00959,Plus,Anual,Pix,Indicação,22,75.9,5,5.4,18.3,7,5,2,0,0,0
CLI00960,Plus,Anual,Cartão,Busca orgânica,5,79.9,0,6.0,7.7,5,6,1,0,1,1
CLI00961,Plus,Mensal,Cartão,Busca orgânica,9,79.9,0,0.7,50.9,9,7,1,0,1,1
CLI00962,Essencial,Mensal,Cartão,Mídia paga,21,47.4,5,2.5,5.0,6,8,2,1,1,0
CLI00963,Essencial,Anual,Débito automático,Mídia paga,50,49.9,0,3.1,55.5,7,7,0,0,0,0
CLI00964,Essencial,Anual,Pix,Mídia paga,26,47.4,5,3.8,76.8,8,7,0,0,0,0
CLI00965,Premium,Mensal,Débito automático,Busca orgânica,22,119.9,0,4.8,35.0,10,7,1,0,0,0
CLI00966,Plus,Anual,Débito automático,Indicação,23,67.92,15,3.3,21.2,5,9,1,0,0,0
CLI00967,Premium,Mensal,Cartão,Mídia paga,20,113.9,5,4.6,27.2,8,5,4,1,0,0
CLI00968,Essencial,Mensal,Boleto,Busca orgânica,20,47.4,5,2.0,29.2,5,5,1,1,0,1
CLI00969,Plus,Mensal,Débito automático,Mídia paga,13,67.92,15,1.9,70.7,14,5,0,0,0,0
CLI00970,Essencial,Mensal,Cartão,Busca orgânica,28,49.9,0,3.9,48.5,11,4,3,2,0,1
CLI00971,Essencial,Mensal,Pix,Busca orgânica,50,47.4,5,5.1,16.5,4,7,1,0,0,0
CLI00972,Essencial,Mensal,Cartão,Mídia paga,25,47.4,5,1.1,1.2,3,8,1,1,0,0
CLI00973,Essencial,Anual,Boleto,Busca orgânica,30,49.9,0,3.1,58.6,11,5,2,1,0,1
CLI00974,Premium,Anual,Cartão,Mídia paga,26,119.9,0,12.5,36.7,14,7,0,0,0,0
CLI00975,Essencial,Mensal,Cartão,Mídia paga,35,49.9,0,10.9,37.9,11,6,2,1,0,1
CLI00976,Plus,Mensal,Boleto,Busca orgânica,21,71.91,10,1.9,31.9,10,6,1,0,0,0
CLI00977,Plus,Anual,Pix,Indicação,4,71.91,10,2.2,3.6,7,8,0,0,1,0
CLI00978,Essencial,Mensal,Cartão,Indicação,12,47.4,5,5.1,10.2,3,9,1,1,1,0
CLI00979,Plus,Mensal,Pix,Indicação,22,79.9,0,14.9,22.0,4,9,0,1,0,0
CLI00980,Essencial,Anual,Débito automático,Busca orgânica,71,49.9,0,2.0,17.1,4,7,1,0,1,0
CLI00981,Premium,Mensal,Cartão,Indicação,13,113.9,5,2.9,41.9,11,7,0,1,0,1
CLI00982,Plus,Mensal,Pix,Mídia paga,16,79.9,0,4.7,46.1,12,7,0,1,0,0
CLI00983,Plus,Anual,Pix,Busca orgânica,15,71.91,10,2.5,52.5,13,5,0,0,0,0
CLI00984,Plus,Mensal,Pix,Indicação,5,79.9,0,7.3,10.8,7,5,0,0,1,0
CLI00985,Essencial,Mensal,Boleto,Busca orgânica,23,47.4,5,3.5,7.2,2,8,0,0,0,0
CLI00986,Premium,Anual,Pix,Mídia paga,4,101.92,15,10.3,18.1,4,9,2,0,0,0
CLI00987,Essencial,Anual,Pix,Busca orgânica,29,49.9,0,6.2,12.3,7,5,0,0,0,0
CLI00988,Essencial,Mensal,Débito automático,Parceiro,35,44.91,10,1.3,32.2,5,9,0,0,1,0
CLI00989,Essencial,Mensal,Cartão,Mídia paga,3,49.9,0,4.3,55.7,9,6,0,3,0,0
CLI00990,Plus,Mensal,Cartão,Parceiro,96,71.91,10,5.2,33.8,7,7,0,0,0,0
CLI00991,Plus,Mensal,Boleto,Mídia paga,7,75.9,5,2.4,2.5,3,5,0,3,0,0
CLI00992,Plus,Mensal,Débito automático,Mídia paga,10,75.9,5,0.8,10.2,6,7,1,0,0,0
CLI00993,Plus,Mensal,Cartão,Busca orgânica,83,79.9,0,5.6,34.4,7,8,0,1,0,0
CLI00994,Essencial,Mensal,Cartão,Mídia paga,6,49.9,0,9.9,43.3,9,7,1,0,1,0
CLI00995,Premium,Anual,Cartão,Indicação,25,119.9,0,3.6,21.1,5,6,0,1,1,1
CLI00996,Essencial,Mensal,Cartão,Indicação,31,44.91,10,4.1,11.0,8,8,1,1,1,0
CLI00997,Plus,Anual,Cartão,Parceiro,19,63.92,20,5.6,10.7,7,9,1,0,0,0
CLI00998,Essencial,Mensal,Pix,Busca orgânica,19,49.9,0,2.5,2.2,3,9,0,1,0,0
CLI00999,Premium,Anual,Cartão,Indicação,31,119.9,0,8.1,8.6,4,8,0,0,0,0
CLI01000,Essencial,Mensal,Pix,Indicação,52,49.9,0,1.8,32.2,2,6,1,0,1,0
CLI01001,Essencial,Mensal,Boleto,Busca orgânica,25,49.9,0,5.5,45.7,9,6,1,1,0,0
CLI01002,Essencial,Anual,Boleto,Mídia paga,74,44.91,10,11.8,12.9,2,10,0,0,0,0
CLI01003,Essencial,Anual,Débito automático,Parceiro,6,47.4,5,2.3,57.4,15,9,0,0,0,0
CLI01004,Essencial,Mensal,Cartão,Indicação,72,44.91,10,5.8,11.7,2,8,0,0,1,0
CLI01005,Plus,Mensal,Pix,Indicação,18,79.9,0,4.4,41.8,10,10,0,1,0,0
CLI01006,Essencial,Mensal,Pix,Indicação,72,44.91,10,3.7,6.4,7,8,0,0,1,0
CLI01007,Premium,Mensal,Cartão,Mídia paga,37,107.91,10,5.5,36.2,7,7,5,4,0,1
CLI01008,Essencial,Mensal,Débito automático,Busca orgânica,11,39.92,20,2.6,55.8,10,6,0,0,0,0
CLI01009,Plus,Anual,Débito automático,Mídia paga,29,71.91,10,4.6,7.6,5,9,1,0,1,0
CLI01010,Plus,Mensal,Pix,Mídia paga,4,75.9,5,2.7,24.8,5,6,2,0,1,0
CLI01011,Plus,Mensal,Cartão,Indicação,14,71.91,10,3.6,5.4,8,8,2,0,0,0
CLI01012,Plus,Mensal,Cartão,Busca orgânica,19,79.9,0,12.1,34.6,2,7,1,0,0,1
CLI01013,Plus,Anual,Débito automático,Busca orgânica,23,79.9,0,6.1,59.8,16,5,0,0,0,0
CLI01014,Premium,Mensal,Cartão,Mídia paga,53,101.92,15,3.5,12.5,3,9,1,1,0,0
CLI01015,Essencial,Mensal,Cartão,Mídia paga,16,42.42,15,2.4,37.6,5,6,1,1,0,0
CLI01016,Essencial,Mensal,Pix,Parceiro,12,39.92,20,2.2,4.4,6,9,0,1,0,0
CLI01017,Plus,Anual,Débito automático,Indicação,11,71.91,10,3.0,14.3,6,6,0,0,0,0
CLI01018,Premium,Mensal,Cartão,Parceiro,28,119.9,0,5.5,49.1,5,6,1,0,0,0
CLI01019,Essencial,Mensal,Cartão,Indicação,41,42.42,15,1.7,16.9,6,7,0,1,0,0
CLI01020,Essencial,Mensal,Débito automático,Busca orgânica,14,47.4,5,5.0,9.4,8,8,1,0,0,0
CLI01021,Premium,Anual,Boleto,Indicação,28,119.9,0,28.0,53.4,4,6,0,1,1,0
CLI01022,Plus,Mensal,Pix,Busca orgânica,16,79.9,0,1.3,6.8,6,4,2,0,0,0
CLI01023,Premium,Mensal,Débito automático,Indicação,5,107.91,10,21.7,41.9,14,7,0,0,0,0
CLI01024,Plus,Mensal,Cartão,Indicação,67,71.91,10,4.5,24.5,8,6,1,0,1,0
CLI01025,Plus,Mensal,Débito automático,Mídia paga,69,79.9,0,3.7,45.4,10,4,0,0,1,0
CLI01026,Essencial,Mensal,Pix,Mídia paga,27,39.92,20,1.7,6.0,3,9,0,0,0,0
CLI01027,Premium,Mensal,Débito automático,Mídia paga,6,119.9,0,6.9,36.0,14,8,0,0,1,0
CLI01028,Essencial,Mensal,Débito automático,Mídia paga,7,49.9,0,2.6,29.6,7,8,0,0,0,0
CLI01029,Plus,Mensal,Cartão,Mídia paga,26,79.9,0,5.4,29.0,3,7,0,1,0,0
CLI01030,Essencial,Mensal,Cartão,Parceiro,25,47.4,5,6.7,29.0,9,7,2,1,0,0
CLI01031,Plus,Mensal,Débito automático,Indicação,4,75.9,5,0.4,12.6,4,8,1,0,1,0
CLI01032,Plus,Mensal,Cartão,Parceiro,15,71.91,10,5.2,8.3,2,10,0,0,0,0
CLI01033,Plus,Mensal,Débito automático,Busca orgânica,22,79.9,0,1.0,7.0,4,10,0,0,0,0
CLI01034,Premium,Mensal,Pix,Busca orgânica,54,113.9,5,1.5,48.3,6,7,0,0,0,0
CLI01035,Essencial,Mensal,Cartão,Mídia paga,33,47.4,5,4.8,22.4,7,8,0,1,0,0
CLI01036,Plus,Anual,Débito automático,Indicação,16,67.92,15,2.2,11.1,12,8,1,0,0,0
CLI01037,Essencial,Anual,Pix,Indicação,58,44.91,10,0.8,48.8,6,8,1,0,0,0
CLI01038,Essencial,Mensal,Débito automático,Busca orgânica,65,42.42,15,11.2,24.4,5,6,1,0,0,0
CLI01039,Essencial,Mensal,Cartão,Mídia paga,40,42.42,15,5.5,18.6,6,6,2,0,1,0
CLI01040,Essencial,Anual,Cartão,Mídia paga,6,49.9,0,3.5,35.4,3,5,3,0,0,0
CLI01041,Essencial,Anual,Cartão,Indicação,20,47.4,5,5.3,45.1,11,5,1,0,0,0
CLI01042,Plus,Mensal,Cartão,Busca orgânica,15,67.92,15,1.7,16.3,5,7,0,0,0,0
CLI01043,Plus,Mensal,Débito automático,Mídia paga,14,67.92,15,2.6,11.2,8,4,3,0,1,1
CLI01044,Plus,Anual,Cartão,Busca orgânica,59,67.92,15,8.9,23.4,6,9,0,1,0,0
CLI01045,Essencial,Anual,Cartão,Busca orgânica,63,49.9,0,3.9,22.4,6,10,1,0,0,0
CLI01046,Essencial,Anual,Boleto,Busca orgânica,16,47.4,5,1.7,48.1,10,9,0,0,1,0
CLI01047,Essencial,Mensal,Cartão,Mídia paga,19,49.9,0,3.4,6.7,1,9,0,0,0,0
CLI01048,Plus,Mensal,Cartão,Indicação,7,79.9,0,6.1,22.5,5,7,1,0,0,0
CLI01049,Premium,Anual,Débito automático,Indicação,55,113.9,5,14.2,4.1,3,7,2,0,0,0
CLI01050,Essencial,Mensal,Débito automático,Indicação,46,39.92,20,0.9,40.9,12,7,0,1,1,0
CLI01051,Plus,Mensal,Cartão,Busca orgânica,13,71.91,10,1.4,1.2,6,7,2,0,0,0
CLI01052,Essencial,Anual,Boleto,Busca orgânica,14,47.4,5,2.6,15.8,4,4,1,2,1,1
CLI01053,Essencial,Mensal,Pix,Mídia paga,31,42.42,15,4.7,17.3,5,7,0,0,0,0
CLI01054,Essencial,Mensal,Cartão,Parceiro,31,44.91,10,2.0,74.8,14,6,1,1,0,0
CLI01055,Essencial,Mensal,Cartão,Busca orgânica,23,49.9,0,2.7,53.5,9,3,1,1,0,1
CLI01056,Plus,Mensal,Boleto,Indicação,44,71.91,10,1.1,35.1,6,7,0,1,0,0
CLI01057,Premium,Mensal,Cartão,Indicação,34,119.9,0,1.1,20.9,4,4,0,3,0,0
CLI01058,Essencial,Mensal,Débito automático,Parceiro,28,49.9,0,0.8,45.2,11,4,1,0,1,0
CLI01059,Plus,Mensal,Cartão,Busca orgânica,15,79.9,0,7.9,50.5,3,4,1,0,0,1
CLI01060,Plus,Mensal,Cartão,Mídia paga,35,63.92,20,1.0,38.4,9,4,1,1,0,1
CLI01061,Premium,Mensal,Débito automático,Mídia paga,28,119.9,0,6.7,49.0,10,4,0,0,0,0
CLI01062,Plus,Anual,Boleto,Parceiro,16,67.92,15,1.8,27.5,4,9,0,0,0,0
CLI01063,Essencial,Mensal,Cartão,Mídia paga,18,49.9,0,1.8,16.4,8,9,0,0,0,0
CLI01064,Plus,Anual,Cartão,Busca orgânica,13,75.9,5,0.8,17.4,6,4,2,0,0,1
CLI01065,Essencial,Mensal,Débito automático,Mídia paga,26,42.42,15,3.8,20.0,6,6,1,1,0,1
CLI01066,Premium,Mensal,Pix,Parceiro,40,113.9,5,3.2,9.6,5,9,0,0,1,0
CLI01067,Essencial,Anual,Cartão,Mídia paga,9,44.91,10,2.0,66.1,3,5,0,0,1,0
CLI01068,Plus,Anual,Cartão,Mídia paga,17,67.92,15,4.2,3.4,4,10,0,0,0,0
CLI01069,Essencial,Mensal,Boleto,Parceiro,42,49.9,0,4.3,17.3,3,8,0,2,0,0
CLI01070,Essencial,Mensal,Cartão,Mídia paga,19,49.9,0,4.2,13.0,3,10,1,0,1,0
CLI01071,Premium,Anual,Cartão,Mídia paga,24,107.91,10,8.7,14.8,8,10,0,1,0,1
CLI01072,Plus,Mensal,Cartão,Mídia paga,11,79.9,0,7.5,2.5,2,7,2,0,1,0
CLI01073,Essencial,Mensal,Cartão,Busca orgânica,10,47.4,5,3.9,25.6,6,9,1,0,0,0
CLI01074,Premium,Mensal,Pix,Busca orgânica,16,107.91,10,5.0,36.7,12,7,2,0,0,0
CLI01075,Premium,Mensal,Cartão,Mídia paga,20,101.92,15,3.0,33.7,9,6,1,0,0,0
CLI01076,Essencial,Anual,Pix,Parceiro,30,49.9,0,2.3,46.1,7,6,1,0,1,0
CLI01077,Plus,Mensal,Cartão,Parceiro,59,79.9,0,1.5,51.7,12,5,0,0,1,0
CLI01078,Plus,Anual,Cartão,Indicação,10,71.91,10,2.2,23.2,8,10,0,0,0,0
CLI01079,Plus,Anual,Débito automático,Mídia paga,6,71.91,10,9.8,26.5,13,7,0,0,0,0
CLI01080,Essencial,Anual,Pix,Indicação,6,44.91,10,1.2,17.3,5,6,0,0,1,0
CLI01081,Essencial,Mensal,Cartão,Mídia paga,26,39.92,20,5.2,23.6,3,8,0,0,1,0
CLI01082,Premium,Mensal,Cartão,Parceiro,31,119.9,0,4.6,29.2,7,9,0,0,0,0
CLI01083,Premium,Mensal,Pix,Parceiro,14,107.91,10,7.7,19.3,5,10,0,2,0,0
CLI01084,Premium,Mensal,Débito automático,Mídia paga,25,119.9,0,0.9,48.9,8,8,1,0,0,0
CLI01085,Premium,Mensal,Débito automático,Mídia paga,44,119.9,0,5.0,56.8,15,5,1,0,0,0
CLI01086,Plus,Anual,Débito automático,Busca orgânica,19,71.91,10,5.7,36.8,11,7,1,0,1,0
CLI01087,Plus,Mensal,Cartão,Mídia paga,18,79.9,0,10.0,13.3,3,8,0,1,0,0
CLI01088,Plus,Mensal,Boleto,Busca orgânica,9,79.9,0,4.0,16.8,4,7,0,1,0,0
CLI01089,Plus,Anual,Cartão,Indicação,30,75.9,5,6.4,67.0,9,6,1,0,1,0
CLI01090,Essencial,Anual,Cartão,Mídia paga,13,49.9,0,3.0,21.6,4,8,0,0,1,0
CLI01091,Essencial,Mensal,Pix,Indicação,35,49.9,0,1.8,22.6,10,7,1,0,0,0
CLI01092,Plus,Anual,Cartão,Mídia paga,19,79.9,0,4.2,40.9,10,5,2,1,0,1
CLI01093,Essencial,Mensal,Cartão,Busca orgânica,20,49.9,0,1.5,51.3,10,4,1,0,0,1
CLI01094,Essencial,Anual,Cartão,Indicação,4,47.4,5,2.7,14.3,2,10,1,1,0,0
CLI01095,Plus,Mensal,Débito automático,Indicação,45,75.9,5,5.3,58.8,8,7,0,0,0,0
CLI01096,Essencial,Mensal,Débito automático,Indicação,39,49.9,0,4.3,1.9,4,7,1,0,1,0
CLI01097,Essencial,Mensal,Pix,Indicação,12,44.91,10,3.1,5.1,5,8,0,0,0,0
CLI01098,Plus,Mensal,Cartão,Mídia paga,35,67.92,15,4.6,61.4,7,6,0,0,0,0
CLI01099,Premium,Anual,Cartão,Mídia paga,10,107.91,10,7.7,67.1,7,7,3,1,0,0
CLI01100,Essencial,Mensal,Débito automático,Busca orgânica,35,49.9,0,3.6,22.6,3,6,0,0,0,0
CLI01101,Essencial,Mensal,Pix,Mídia paga,31,47.4,5,5.2,16.8,0,6,2,0,1,0
CLI01102,Essencial,Mensal,Pix,Mídia paga,56,49.9,0,3.0,26.3,7,8,0,0,1,0
CLI01103,Plus,Mensal,Cartão,Mídia paga,30,75.9,5,4.0,22.7,5,9,1,1,0,0
CLI01104,Premium,Anual,Cartão,Mídia paga,11,101.92,15,1.8,14.6,6,7,2,0,1,0
CLI01105,Essencial,Mensal,Cartão,Mídia paga,25,49.9,0,5.3,41.1,9,5,1,1,1,1
CLI01106,Plus,Anual,Débito automático,Indicação,18,63.92,20,4.9,19.6,8,9,0,0,0,0
CLI01107,Essencial,Anual,Débito automático,Busca orgânica,54,49.9,0,2.9,25.0,8,7,2,0,0,0
CLI01108,Essencial,Mensal,Boleto,Busca orgânica,7,44.91,10,7.1,46.6,4,4,3,3,0,1
CLI01109,Premium,Anual,Cartão,Mídia paga,24,113.9,5,12.7,21.3,6,8,0,1,0,0
CLI01110,Essencial,Mensal,Cartão,Busca orgânica,11,47.4,5,3.8,31.8,8,8,0,0,0,0
CLI01111,Essencial,Mensal,Débito automático,Parceiro,63,44.91,10,1.3,44.5,5,6,0,0,0,0
CLI01112,Essencial,Mensal,Cartão,Indicação,26,49.9,0,3.9,39.6,3,5,0,1,0,0
CLI01113,Plus,Mensal,Pix,Busca orgânica,32,79.9,0,2.4,15.3,4,6,1,0,0,0
CLI01114,Premium,Mensal,Débito automático,Indicação,19,107.91,10,8.0,27.8,11,5,1,2,0,0
CLI01115,Premium,Mensal,Cartão,Mídia paga,36,107.91,10,12.6,56.0,8,3,3,0,0,1
CLI01116,Essencial,Anual,Cartão,Busca orgânica,12,47.4,5,2.6,25.8,10,4,3,1,1,1
CLI01117,Essencial,Mensal,Cartão,Mídia paga,12,39.92,20,1.0,41.4,9,8,0,2,0,0
CLI01118,Plus,Anual,Pix,Mídia paga,54,79.9,0,9.5,9.8,9,6,1,0,1,0
CLI01119,Essencial,Mensal,Cartão,Indicação,92,42.42,15,1.2,16.2,1,7,1,0,0,0
CLI01120,Premium,Mensal,Cartão,Mídia paga,5,113.9,5,6.0,11.5,4,8,1,0,0,0
CLI01121,Plus,Mensal,Cartão,Mídia paga,15,67.92,15,3.7,23.7,3,7,0,0,0,0
CLI01122,Essencial,Mensal,Débito automático,Mídia paga,44,47.4,5,3.9,8.1,4,8,3,0,0,0
CLI01123,Premium,Mensal,Débito automático,Busca orgânica,31,107.91,10,17.9,9.7,7,7,2,1,1,0
CLI01124,Essencial,Anual,Boleto,Mídia paga,13,39.92,20,3.0,17.2,8,7,1,0,0,0
CLI01125,Essencial,Anual,Débito automático,Mídia paga,18,42.42,15,5.6,52.5,13,8,1,0,1,0
CLI01126,Plus,Mensal,Cartão,Parceiro,14,79.9,0,2.9,63.2,13,5,2,0,0,1
CLI01127,Plus,Mensal,Cartão,Indicação,34,71.91,10,5.9,40.6,5,6,0,0,0,0
CLI01128,Plus,Mensal,Pix,Parceiro,13,75.9,5,1.0,36.0,5,10,0,0,0,0
CLI01129,Plus,Mensal,Pix,Parceiro,18,79.9,0,6.7,24.1,5,9,1,0,0,0
CLI01130,Premium,Mensal,Débito automático,Busca orgânica,38,107.91,10,6.2,36.3,8,5,3,0,1,0
CLI01131,Premium,Anual,Cartão,Mídia paga,28,113.9,5,12.2,58.0,10,9,0,0,0,0
CLI01132,Plus,Anual,Boleto,Busca orgânica,48,71.91,10,3.2,20.0,5,5,2,0,0,0
CLI01133,Essencial,Mensal,Cartão,Indicação,12,44.91,10,0.8,16.4,10,3,2,0,1,1
CLI01134,Plus,Mensal,Pix,Mídia paga,17,67.92,15,3.2,62.9,9,3,1,0,0,0
CLI01135,Premium,Mensal,Débito automático,Indicação,11,113.9,5,0.8,43.7,12,7,1,0,0,0
CLI01136,Essencial,Anual,Pix,Indicação,16,47.4,5,2.3,4.0,3,8,0,0,0,0
CLI01137,Plus,Mensal,Débito automático,Mídia paga,8,75.9,5,7.4,77.9,9,5,2,0,0,1
CLI01138,Essencial,Mensal,Débito automático,Parceiro,2,44.91,10,3.7,10.0,3,8,2,0,0,0
CLI01139,Essencial,Mensal,Débito automático,Indicação,7,39.92,20,2.3,48.8,8,8,0,1,0,0
CLI01140,Plus,Anual,Débito automático,Indicação,39,79.9,0,4.1,31.1,6,7,0,0,0,0
CLI01141,Essencial,Anual,Cartão,Indicação,7,49.9,0,4.2,9.5,1,5,1,1,1,0
CLI01142,Plus,Mensal,Cartão,Indicação,30,71.91,10,3.3,1.4,6,8,0,0,1,0
CLI01143,Premium,Mensal,Débito automático,Parceiro,16,113.9,5,8.2,34.0,8,5,4,0,1,0
CLI01144,Premium,Anual,Pix,Busca orgânica,18,119.9,0,2.9,27.5,5,8,0,0,1,0
CLI01145,Essencial,Mensal,Pix,Mídia paga,8,49.9,0,4.0,20.7,6,10,0,1,0,0
CLI01146,Essencial,Mensal,Cartão,Busca orgânica,14,44.91,10,3.0,50.9,6,5,3,0,0,0
CLI01147,Plus,Anual,Cartão,Parceiro,26,79.9,0,2.2,61.8,12,5,1,1,0,1
CLI01148,Plus,Mensal,Cartão,Busca orgânica,7,71.91,10,3.1,44.8,13,9,0,1,0,0
CLI01149,Plus,Mensal,Boleto,Parceiro,13,71.91,10,2.9,17.0,7,10,0,0,1,0
CLI01150,Premium,Mensal,Cartão,Mídia paga,23,119.9,0,10.9,36.2,7,9,0,0,0,0
CLI01151,Essencial,Anual,Cartão,Parceiro,31,44.91,10,5.3,2.3,4,8,1,2,1,0
CLI01152,Premium,Anual,Cartão,Busca orgânica,19,113.9,5,3.7,3.0,3,5,1,1,1,0
CLI01153,Essencial,Mensal,Pix,Mídia paga,65,42.42,15,2.4,8.1,7,8,0,1,0,1
CLI01154,Essencial,Anual,Cartão,Busca orgânica,23,39.92,20,5.1,32.0,1,5,1,0,0,0
CLI01155,Plus,Anual,Débito automático,Mídia paga,35,71.91,10,3.9,28.1,8,5,3,1,0,0
CLI01156,Essencial,Anual,Cartão,Mídia paga,26,49.9,0,3.4,10.4,5,9,0,0,0,0
CLI01157,Essencial,Mensal,Cartão,Busca orgânica,16,39.92,20,2.6,25.8,3,7,0,1,0,0
CLI01158,Essencial,Mensal,Cartão,Busca orgânica,4,49.9,0,2.1,17.9,7,9,0,0,0,0
CLI01159,Essencial,Anual,Cartão,Indicação,38,47.4,5,6.4,34.9,9,7,1,1,0,0
CLI01160,Plus,Mensal,Débito automático,Parceiro,38,63.92,20,0.8,31.4,4,7,0,0,0,0
CLI01161,Essencial,Mensal,Boleto,Busca orgânica,63,44.91,10,10.9,19.7,10,8,1,0,0,0
CLI01162,Plus,Mensal,Débito automático,Indicação,17,75.9,5,3.7,26.4,8,9,0,0,0,1
CLI01163,Premium,Anual,Débito automático,Mídia paga,79,119.9,0,6.1,27.4,7,7,0,0,0,0
CLI01164,Essencial,Mensal,Cartão,Mídia paga,37,44.91,10,2.8,26.0,6,10,1,0,1,0
CLI01165,Essencial,Mensal,Boleto,Indicação,48,49.9,0,2.0,58.6,11,2,3,1,1,1
CLI01166,Premium,Mensal,Cartão,Busca orgânica,8,119.9,0,6.0,52.3,9,4,0,1,1,0
CLI01167,Premium,Mensal,Débito automático,Mídia paga,24,119.9,0,11.1,53.2,8,6,1,0,1,0
CLI01168,Plus,Mensal,Pix,Mídia paga,57,71.91,10,4.2,32.7,7,6,2,0,0,0
CLI01169,Plus,Mensal,Cartão,Busca orgânica,8,67.92,15,4.3,30.4,9,9,1,0,0,0
CLI01170,Essencial,Mensal,Cartão,Busca orgânica,1,49.9,0,3.2,55.1,5,6,0,0,0,0
CLI01171,Essencial,Anual,Cartão,Mídia paga,16,44.91,10,6.8,54.7,8,7,1,1,0,0
CLI01172,Plus,Mensal,Cartão,Indicação,65,75.9,5,3.7,18.0,5,7,2,1,0,0
CLI01173,Essencial,Anual,Pix,Parceiro,51,44.91,10,7.5,61.2,11,5,0,0,0,0
CLI01174,Plus,Mensal,Boleto,Mídia paga,22,71.91,10,4.0,12.7,4,8,0,3,0,0
CLI01175,Plus,Mensal,Cartão,Parceiro,13,71.91,10,5.9,23.8,9,6,1,1,0,0
CLI01176,Plus,Mensal,Pix,Busca orgânica,33,67.92,15,9.5,48.1,6,6,0,1,0,0
CLI01177,Plus,Mensal,Pix,Indicação,51,79.9,0,7.0,63.0,6,4,1,0,1,0
CLI01178,Essencial,Mensal,Cartão,Mídia paga,37,49.9,0,0.8,25.1,10,8,0,0,1,0
CLI01179,Essencial,Mensal,Cartão,Indicação,56,42.42,15,5.7,13.4,5,7,0,0,0,0
CLI01180,Essencial,Anual,Cartão,Busca orgânica,56,49.9,0,3.4,37.7,3,5,0,0,0,0
CLI01181,Plus,Mensal,Pix,Busca orgânica,31,63.92,20,5.8,8.6,3,10,1,0,0,0
CLI01182,Essencial,Anual,Cartão,Busca orgânica,38,47.4,5,7.2,49.3,9,4,2,0,1,0
CLI01183,Essencial,Mensal,Cartão,Busca orgânica,26,49.9,0,2.2,37.5,7,7,0,0,0,0
CLI01184,Essencial,Mensal,Cartão,Busca orgânica,5,47.4,5,7.0,30.4,8,5,1,1,0,0
CLI01185,Essencial,Mensal,Débito automático,Busca orgânica,27,49.9,0,2.4,5.8,2,9,0,1,0,0
CLI01186,Premium,Mensal,Débito automático,Mídia paga,8,101.92,15,2.7,55.5,9,7,2,0,0,0
CLI01187,Essencial,Mensal,Cartão,Busca orgânica,7,44.91,10,3.2,63.0,7,4,1,0,0,0
CLI01188,Premium,Mensal,Pix,Mídia paga,44,119.9,0,2.9,12.6,8,5,0,0,0,0
CLI01189,Essencial,Mensal,Boleto,Mídia paga,15,44.91,10,1.7,5.8,7,8,0,1,0,0
CLI01190,Plus,Anual,Cartão,Mídia paga,19,71.91,10,3.7,33.8,7,6,2,3,1,1
CLI01191,Essencial,Mensal,Cartão,Parceiro,10,44.91,10,6.6,0.8,3,8,0,1,0,0
CLI01192,Essencial,Anual,Cartão,Parceiro,12,47.4,5,4.4,12.3,3,8,0,0,0,0
CLI01193,Premium,Mensal,Cartão,Indicação,22,101.92,15,2.7,20.3,5,7,0,0,1,0
CLI01194,Premium,Mensal,Débito automático,Busca orgânica,28,119.9,0,18.1,4.1,1,6,0,0,0,0
CLI01195,Premium,Mensal,Débito automático,Mídia paga,21,101.92,15,14.0,16.9,1,5,1,0,0,0
CLI01196,Essencial,Mensal,Pix,Mídia paga,32,44.91,10,0.9,13.0,4,7,0,0,0,0
CLI01197,Essencial,Anual,Cartão,Indicação,39,39.92,20,0.4,38.1,9,8,1,1,1,0
CLI01198,Plus,Anual,Débito automático,Parceiro,5,63.92,20,6.9,24.0,9,6,0,0,0,0
CLI01199,Essencial,Mensal,Cartão,Mídia paga,33,49.9,0,7.7,79.6,18,4,1,1,1,1
CLI01200,Plus,Mensal,Cartão,Parceiro,27,79.9,0,5.8,47.7,8,7,0,3,1,0
CLI01201,Plus,Anual,Cartão,Indicação,26,71.91,10,5.3,79.1,15,8,1,0,0,0
CLI01202,Plus,Mensal,Débito automático,Busca orgânica,9,79.9,0,2.5,25.9,7,8,0,1,0,1
CLI01203,Premium,Mensal,Débito automático,Busca orgânica,17,113.9,5,9.3,8.3,1,7,0,0,1,0
CLI01204,Plus,Mensal,Pix,Busca orgânica,35,79.9,0,4.2,45.5,11,6,1,0,0,0
CLI01205,Essencial,Mensal,Débito automático,Indicação,8,39.92,20,1.6,30.3,11,7,1,0,0,0
CLI01206,Essencial,Mensal,Cartão,Indicação,88,49.9,0,1.7,15.0,5,7,1,1,0,0
CLI01207,Plus,Mensal,Cartão,Mídia paga,44,79.9,0,8.7,26.9,10,8,1,1,0,1
CLI01208,Plus,Anual,Débito automático,Busca orgânica,11,75.9,5,1.5,11.7,2,9,0,0,0,0
CLI01209,Essencial,Mensal,Boleto,Mídia paga,18,49.9,0,1.6,39.2,8,7,0,2,0,1
CLI01210,Essencial,Anual,Pix,Busca orgânica,7,44.91,10,10.4,18.0,4,8,1,0,0,0
CLI01211,Plus,Anual,Cartão,Parceiro,45,79.9,0,1.7,6.8,6,7,0,0,0,0
CLI01212,Premium,Mensal,Boleto,Parceiro,21,107.91,10,15.5,38.6,7,9,1,1,0,0
CLI01213,Plus,Mensal,Cartão,Mídia paga,27,75.9,5,1.6,20.2,2,7,0,0,0,0
CLI01214,Essencial,Mensal,Cartão,Busca orgânica,24,39.92,20,2.6,53.0,8,5,0,0,1,0
CLI01215,Essencial,Anual,Cartão,Indicação,37,42.42,15,1.1,11.6,3,6,1,0,1,0
CLI01216,Plus,Mensal,Cartão,Mídia paga,11,71.91,10,2.1,31.8,8,3,3,1,0,1
CLI01217,Essencial,Anual,Pix,Mídia paga,96,47.4,5,2.4,29.4,9,9,1,0,1,0
CLI01218,Plus,Mensal,Pix,Parceiro,37,75.9,5,2.9,9.8,2,8,0,0,0,0
CLI01219,Plus,Mensal,Cartão,Indicação,40,79.9,0,6.2,17.6,8,7,1,1,1,0
CLI01220,Essencial,Mensal,Cartão,Busca orgânica,29,42.42,15,2.2,50.6,9,7,0,2,0,0
CLI01221,Essencial,Mensal,Pix,Busca orgânica,11,39.92,20,1.2,32.2,5,6,1,0,0,0
CLI01222,Essencial,Anual,Cartão,Busca orgânica,18,49.9,0,3.5,7.4,5,9,0,0,1,0
CLI01223,Premium,Anual,Cartão,Mídia paga,17,113.9,5,1.7,40.9,6,4,0,0,0,0
CLI01224,Plus,Mensal,Cartão,Busca orgânica,50,75.9,5,3.7,68.8,11,5,0,1,0,0
CLI01225,Essencial,Mensal,Débito automático,Parceiro,12,47.4,5,5.2,14.6,4,5,2,0,0,0
CLI01226,Premium,Mensal,Boleto,Indicação,25,113.9,5,3.0,26.2,11,8,0,1,0,1
CLI01227,Plus,Mensal,Cartão,Busca orgânica,8,71.91,10,4.5,47.0,11,5,0,0,0,0
CLI01228,Plus,Mensal,Débito automático,Busca orgânica,36,71.91,10,5.7,40.4,5,7,0,0,0,0
CLI01229,Premium,Mensal,Débito automático,Mídia paga,14,113.9,5,3.5,10.7,7,9,0,0,0,1
CLI01230,Essencial,Anual,Cartão,Mídia paga,39,49.9,0,4.4,5.1,3,6,0,1,1,0
CLI01231,Essencial,Mensal,Boleto,Mídia paga,47,49.9,0,4.1,22.9,3,4,0,1,0,0
CLI01232,Plus,Mensal,Pix,Busca orgânica,76,79.9,0,1.1,13.9,3,7,0,0,0,0
CLI01233,Essencial,Anual,Pix,Busca orgânica,21,44.91,10,1.6,31.6,9,9,0,0,0,0
CLI01234,Plus,Anual,Pix,Mídia paga,29,75.9,5,1.6,22.3,2,9,1,0,0,0
CLI01235,Essencial,Anual,Cartão,Parceiro,23,49.9,0,4.8,22.4,6,7,2,0,0,0
CLI01236,Essencial,Mensal,Débito automático,Busca orgânica,18,49.9,0,2.0,20.6,4,10,0,0,0,0
CLI01237,Essencial,Mensal,Débito automático,Indicação,43,42.42,15,5.7,18.2,2,6,2,0,0,0
CLI01238,Essencial,Anual,Cartão,Indicação,17,42.42,15,3.0,50.5,3,8,1,0,0,0
CLI01239,Essencial,Mensal,Pix,Mídia paga,37,44.91,10,1.7,32.9,7,7,0,1,0,0
CLI01240,Essencial,Mensal,Boleto,Busca orgânica,2,49.9,0,1.4,8.1,1,9,0,0,0,0
CLI01241,Premium,Mensal,Débito automático,Indicação,14,107.91,10,6.5,14.6,3,7,3,0,0,0
CLI01242,Essencial,Mensal,Pix,Indicação,44,49.9,0,3.6,32.1,2,8,2,0,0,0
CLI01243,Essencial,Anual,Cartão,Mídia paga,24,42.42,15,2.0,13.5,5,4,2,2,0,0
CLI01244,Essencial,Mensal,Cartão,Busca orgânica,48,44.91,10,5.9,21.7,7,7,0,2,1,0
CLI01245,Essencial,Mensal,Cartão,Indicação,25,49.9,0,10.0,15.6,6,9,1,1,0,0
CLI01246,Essencial,Anual,Débito automático,Mídia paga,42,49.9,0,1.4,15.3,8,7,2,0,0,0
CLI01247,Plus,Anual,Débito automático,Indicação,14,71.91,10,4.0,31.1,7,10,0,0,1,0
CLI01248,Essencial,Mensal,Boleto,Indicação,38,49.9,0,1.5,11.0,6,6,2,0,0,0
CLI01249,Premium,Anual,Cartão,Busca orgânica,33,113.9,5,9.1,25.3,9,4,1,1,1,0
CLI01250,Premium,Mensal,Boleto,Busca orgânica,22,119.9,0,6.9,2.7,4,6,0,1,0,0
CLI01251,Essencial,Anual,Boleto,Indicação,42,42.42,15,1.5,4.4,5,7,1,0,0,0
CLI01252,Essencial,Mensal,Débito automático,Indicação,47,44.91,10,2.5,48.6,10,7,0,0,1,0
CLI01253,Essencial,Mensal,Débito automático,Indicação,40,49.9,0,3.8,32.4,7,7,0,0,0,0
CLI01254,Plus,Mensal,Cartão,Mídia paga,43,71.91,10,5.9,26.1,8,6,0,1,1,0
CLI01255,Essencial,Anual,Cartão,Mídia paga,33,47.4,5,3.9,18.7,5,8,0,0,0,0
CLI01256,Premium,Mensal,Cartão,Indicação,10,119.9,0,3.7,42.9,14,7,1,1,0,0
CLI01257,Plus,Mensal,Cartão,Mídia paga,26,75.9,5,0.7,26.1,8,6,0,1,0,1
CLI01258,Plus,Anual,Cartão,Indicação,23,79.9,0,6.3,29.6,7,6,0,3,0,1
CLI01259,Plus,Mensal,Débito automático,Parceiro,31,79.9,0,1.4,50.5,9,7,1,0,1,0
CLI01260,Premium,Anual,Cartão,Busca orgânica,47,95.92,20,4.1,68.7,10,4,0,0,0,0
CLI01261,Essencial,Mensal,Cartão,Indicação,40,49.9,0,2.8,4.7,2,8,0,0,0,0
CLI01262,Essencial,Mensal,Cartão,Busca orgânica,39,44.91,10,5.0,5.9,1,8,0,0,0,0
CLI01263,Essencial,Mensal,Débito automático,Indicação,3,39.92,20,3.9,34.0,5,6,0,0,1,0
CLI01264,Premium,Mensal,Boleto,Indicação,23,119.9,0,9.2,26.5,8,5,1,1,0,1
CLI01265,Plus,Mensal,Cartão,Busca orgânica,18,79.9,0,7.6,46.3,6,3,0,0,0,0
CLI01266,Plus,Mensal,Débito automático,Mídia paga,36,71.91,10,3.6,10.2,3,6,1,1,1,0
CLI01267,Essencial,Mensal,Boleto,Indicação,55,47.4,5,8.6,35.6,11,7,0,0,0,0
CLI01268,Premium,Mensal,Débito automático,Busca orgânica,30,101.92,15,2.3,19.8,4,8,0,1,0,0
CLI01269,Plus,Mensal,Débito automático,Mídia paga,8,75.9,5,7.0,34.1,5,5,1,0,0,0
CLI01270,Plus,Anual,Pix,Busca orgânica,25,67.92,15,4.4,14.8,5,9,0,0,0,0
CLI01271,Premium,Mensal,Boleto,Indicação,1,119.9,0,5.7,20.2,2,8,2,1,0,0
CLI01272,Essencial,Mensal,Cartão,Busca orgânica,44,47.4,5,3.2,3.4,2,10,0,1,0,0
CLI01273,Essencial,Anual,Débito automático,Indicação,18,42.42,15,2.7,50.1,10,7,2,0,0,0
CLI01274,Plus,Mensal,Cartão,Mídia paga,50,79.9,0,4.5,41.8,8,8,0,0,0,0
CLI01275,Essencial,Mensal,Cartão,Indicação,51,47.4,5,2.6,5.8,4,10,0,1,0,0
CLI01276,Essencial,Anual,Débito automático,Indicação,58,47.4,5,1.4,53.3,6,8,0,0,0,0
CLI01277,Essencial,Mensal,Débito automático,Mídia paga,17,44.91,10,3.5,21.0,5,6,0,0,0,0
CLI01278,Essencial,Anual,Débito automático,Mídia paga,82,49.9,0,2.5,15.7,6,7,0,0,1,0
CLI01279,Premium,Mensal,Boleto,Mídia paga,50,113.9,5,10.5,9.9,4,8,0,0,0,0
CLI01280,Plus,Mensal,Débito automático,Indicação,18,71.91,10,9.4,31.8,10,6,0,0,0,0
CLI01281,Essencial,Mensal,Pix,Busca orgânica,54,44.91,10,4.6,21.5,7,6,0,0,0,0
CLI01282,Essencial,Mensal,Boleto,Parceiro,18,49.9,0,5.8,8.0,4,8,0,0,0,0
CLI01283,Essencial,Anual,Cartão,Busca orgânica,32,47.4,5,5.7,5.1,3,8,1,1,0,0
CLI01284,Plus,Mensal,Cartão,Parceiro,38,75.9,5,4.5,23.6,4,7,0,0,1,0
CLI01285,Premium,Anual,Cartão,Mídia paga,36,107.91,10,6.4,23.9,3,7,0,0,0,0
CLI01286,Premium,Anual,Pix,Mídia paga,14,95.92,20,3.1,6.2,3,6,0,0,0,0
CLI01287,Essencial,Anual,Débito automático,Indicação,57,49.9,0,3.2,29.1,7,6,1,0,1,0
CLI01288,Essencial,Anual,Débito automático,Parceiro,45,39.92,20,7.1,24.1,10,6,1,0,1,0
CLI01289,Essencial,Mensal,Cartão,Mídia paga,68,42.42,15,5.9,48.8,12,6,0,1,0,0
CLI01290,Plus,Anual,Débito automático,Mídia paga,56,79.9,0,6.8,33.0,10,5,0,0,0,1
CLI01291,Plus,Anual,Pix,Parceiro,50,75.9,5,5.0,3.9,2,8,0,0,1,0
CLI01292,Plus,Mensal,Boleto,Mídia paga,50,79.9,0,6.1,36.2,6,3,1,1,1,0
CLI01293,Plus,Anual,Cartão,Mídia paga,38,75.9,5,1.8,3.9,2,6,0,0,0,0
CLI01294,Essencial,Mensal,Pix,Mídia paga,24,42.42,15,8.2,3.6,4,10,0,0,0,0
CLI01295,Essencial,Mensal,Débito automático,Mídia paga,39,49.9,0,5.4,13.9,7,5,1,0,1,0
CLI01296,Essencial,Mensal,Pix,Mídia paga,13,42.42,15,2.0,23.2,6,4,2,1,0,1
CLI01297,Essencial,Mensal,Cartão,Mídia paga,54,47.4,5,1.7,20.7,7,7,1,0,0,0
CLI01298,Essencial,Mensal,Cartão,Mídia paga,96,44.91,10,2.0,49.5,11,7,1,0,0,0
CLI01299,Plus,Mensal,Cartão,Parceiro,40,75.9,5,5.2,51.7,6,4,0,2,1,1
CLI01300,Essencial,Anual,Pix,Indicação,19,49.9,0,3.8,65.5,9,7,0,0,0,0
CLI01301,Essencial,Anual,Pix,Mídia paga,12,49.9,0,0.7,14.1,7,6,2,0,0,0
CLI01302,Plus,Anual,Pix,Mídia paga,23,75.9,5,1.5,5.9,6,7,1,0,1,0
CLI01303,Plus,Anual,Débito automático,Mídia paga,50,75.9,5,4.7,31.5,10,8,0,2,1,0
CLI01304,Essencial,Anual,Cartão,Indicação,36,44.91,10,3.1,24.3,7,7,1,0,0,0
CLI01305,Premium,Mensal,Cartão,Busca orgânica,32,119.9,0,9.0,43.4,9,3,1,2,1,1
CLI01306,Premium,Mensal,Débito automático,Indicação,25,107.91,10,11.3,6.1,3,10,2,1,0,0
CLI01307,Plus,Anual,Débito automático,Mídia paga,34,75.9,5,2.2,18.3,6,8,0,1,0,0
CLI01308,Plus,Mensal,Débito automático,Mídia paga,8,67.92,15,4.6,14.8,9,7,0,0,0,0
CLI01309,Essencial,Mensal,Débito automático,Mídia paga,21,47.4,5,1.7,60.5,10,7,1,0,1,0
CLI01310,Premium,Mensal,Boleto,Mídia paga,20,119.9,0,9.9,27.8,12,5,2,0,0,0
CLI01311,Essencial,Mensal,Boleto,Busca orgânica,20,42.42,15,2.0,19.3,2,6,0,0,0,0
CLI01312,Premium,Anual,Pix,Mídia paga,45,95.92,20,5.8,87.7,6,6,2,0,0,0
CLI01313,Plus,Mensal,Cartão,Parceiro,7,71.91,10,2.1,9.7,0,5,0,0,0,1
CLI01314,Essencial,Anual,Cartão,Mídia paga,20,49.9,0,3.1,22.7,6,9,0,2,0,0
CLI01315,Essencial,Mensal,Pix,Indicação,28,47.4,5,2.4,26.7,6,6,1,0,0,0
CLI01316,Plus,Mensal,Cartão,Busca orgânica,24,67.92,15,11.1,16.7,8,8,0,1,0,0
CLI01317,Plus,Mensal,Cartão,Mídia paga,25,79.9,0,1.6,20.5,6,8,2,0,0,1
CLI01318,Essencial,Mensal,Cartão,Busca orgânica,7,49.9,0,2.2,2.0,0,10,1,3,0,0
CLI01319,Plus,Anual,Boleto,Mídia paga,34,67.92,15,3.5,50.0,3,6,0,1,0,0
CLI01320,Premium,Mensal,Cartão,Parceiro,9,119.9,0,4.1,4.7,3,10,1,0,0,0
CLI01321,Plus,Mensal,Débito automático,Mídia paga,12,71.91,10,2.9,20.6,5,7,2,1,0,0
CLI01322,Plus,Mensal,Boleto,Indicação,45,67.92,15,4.3,44.6,10,8,0,0,1,0
CLI01323,Essencial,Anual,Débito automático,Busca orgânica,28,49.9,0,2.9,1.6,6,7,1,0,1,0
CLI01324,Plus,Anual,Cartão,Mídia paga,18,63.92,20,2.0,50.9,14,6,2,0,1,0
CLI01325,Essencial,Anual,Débito automático,Mídia paga,82,44.91,10,5.0,47.2,11,7,1,0,0,0
CLI01326,Premium,Mensal,Débito automático,Busca orgânica,21,107.91,10,8.9,38.2,4,7,1,0,0,0
CLI01327,Essencial,Anual,Cartão,Indicação,11,47.4,5,5.8,7.8,3,5,0,0,0,0
CLI01328,Plus,Mensal,Pix,Mídia paga,5,79.9,0,4.0,32.3,4,7,0,0,1,0
CLI01329,Essencial,Mensal,Cartão,Busca orgânica,50,44.91,10,0.3,39.3,7,7,0,1,0,0
CLI01330,Essencial,Mensal,Débito automático,Busca orgânica,42,49.9,0,4.9,52.5,7,4,2,1,1,1
CLI01331,Plus,Mensal,Boleto,Parceiro,26,75.9,5,5.2,5.1,7,6,1,0,0,0
CLI01332,Plus,Mensal,Pix,Busca orgânica,15,71.91,10,5.1,7.0,3,10,0,0,0,0
CLI01333,Plus,Mensal,Boleto,Indicação,38,67.92,15,10.8,10.3,2,6,1,0,0,0
CLI01334,Premium,Mensal,Cartão,Indicação,41,119.9,0,7.4,6.9,5,8,0,0,0,0
CLI01335,Premium,Mensal,Débito automático,Indicação,2,119.9,0,3.0,13.3,9,6,1,0,0,0
CLI01336,Premium,Mensal,Débito automático,Indicação,11,119.9,0,6.3,25.6,3,8,3,0,1,0
CLI01337,Essencial,Mensal,Cartão,Busca orgânica,45,42.42,15,3.2,54.7,9,7,0,0,0,0
CLI01338,Plus,Anual,Boleto,Indicação,9,79.9,0,13.5,14.9,2,7,0,1,1,0
CLI01339,Premium,Anual,Boleto,Mídia paga,20,119.9,0,8.6,48.9,9,6,0,1,0,1
CLI01340,Essencial,Mensal,Cartão,Busca orgânica,25,44.91,10,2.8,21.7,8,7,2,0,0,0
CLI01341,Essencial,Mensal,Débito automático,Mídia paga,14,49.9,0,7.3,21.1,4,7,1,0,0,0
CLI01342,Plus,Mensal,Cartão,Parceiro,29,75.9,5,14.9,20.5,6,6,0,2,0,0
CLI01343,Plus,Mensal,Cartão,Parceiro,14,71.91,10,3.6,26.7,7,8,1,0,0,0
CLI01344,Plus,Mensal,Cartão,Busca orgânica,11,67.92,15,1.6,61.1,12,3,1,0,0,0
CLI01345,Premium,Mensal,Pix,Busca orgânica,8,113.9,5,4.2,5.1,5,7,0,1,0,1
CLI01346,Plus,Anual,Cartão,Mídia paga,8,71.91,10,2.2,20.4,4,8,0,0,0,0
CLI01347,Essencial,Anual,Cartão,Busca orgânica,50,49.9,0,3.0,49.7,4,8,0,1,0,0
CLI01348,Essencial,Anual,Boleto,Mídia paga,39,47.4,5,3.4,11.0,4,6,0,0,0,0
CLI01349,Essencial,Mensal,Pix,Mídia paga,28,47.4,5,1.9,50.7,14,6,2,0,0,1
CLI01350,Essencial,Anual,Débito automático,Indicação,25,49.9,0,5.1,39.3,6,6,2,0,0,0
CLI01351,Plus,Anual,Cartão,Busca orgânica,82,67.92,15,9.8,12.5,4,9,0,0,1,0
CLI01352,Premium,Anual,Cartão,Mídia paga,46,107.91,10,15.6,23.4,4,7,1,1,0,0
CLI01353,Essencial,Anual,Débito automático,Mídia paga,59,47.4,5,6.4,33.3,8,6,0,0,1,0
CLI01354,Essencial,Anual,Cartão,Mídia paga,26,49.9,0,4.3,4.7,4,9,1,0,0,0
CLI01355,Premium,Anual,Cartão,Mídia paga,14,107.91,10,5.3,39.2,6,9,3,0,0,0
CLI01356,Essencial,Mensal,Boleto,Busca orgânica,11,47.4,5,2.8,49.9,7,5,0,2,0,1
CLI01357,Plus,Mensal,Cartão,Busca orgânica,12,71.91,10,2.8,45.1,8,6,1,0,0,1
CLI01358,Plus,Mensal,Pix,Mídia paga,15,71.91,10,1.2,26.5,6,7,0,1,1,0
CLI01359,Plus,Mensal,Pix,Indicação,25,67.92,15,14.0,28.9,5,9,0,0,1,0
CLI01360,Essencial,Mensal,Cartão,Mídia paga,28,47.4,5,7.5,11.0,5,7,0,0,1,0
CLI01361,Plus,Mensal,Débito automático,Indicação,20,67.92,15,5.4,34.9,8,6,4,1,0,0
CLI01362,Essencial,Mensal,Cartão,Parceiro,18,49.9,0,2.4,54.4,7,7,1,0,0,1
CLI01363,Plus,Mensal,Cartão,Mídia paga,9,71.91,10,2.3,30.8,9,8,1,0,0,0
CLI01364,Essencial,Anual,Cartão,Indicação,83,49.9,0,4.4,23.0,7,5,0,1,1,0
CLI01365,Plus,Mensal,Cartão,Mídia paga,7,67.92,15,8.5,20.1,5,8,1,0,0,0
CLI01366,Plus,Mensal,Pix,Mídia paga,68,75.9,5,8.1,44.3,7,5,2,0,0,0
CLI01367,Essencial,Mensal,Boleto,Mídia paga,20,49.9,0,11.7,6.7,7,5,0,1,1,0
CLI01368,Essencial,Mensal,Débito automático,Busca orgânica,20,39.92,20,0.7,5.0,3,8,0,0,1,0
CLI01369,Essencial,Anual,Cartão,Busca orgânica,14,49.9,0,2.6,48.9,8,7,0,1,0,0
CLI01370,Essencial,Mensal,Boleto,Mídia paga,38,42.42,15,0.4,10.3,2,8,2,0,0,0
CLI01371,Essencial,Mensal,Débito automático,Busca orgânica,12,42.42,15,1.9,45.9,5,7,2,0,0,0
CLI01372,Premium,Mensal,Cartão,Mídia paga,26,113.9,5,8.4,27.4,6,8,0,0,1,0
CLI01373,Essencial,Mensal,Cartão,Busca orgânica,35,49.9,0,3.1,18.5,4,8,1,0,1,0
CLI01374,Plus,Anual,Cartão,Mídia paga,4,79.9,0,3.8,68.3,9,6,1,1,1,1
CLI01375,Premium,Anual,Cartão,Parceiro,16,119.9,0,15.0,18.6,9,8,2,1,0,0
CLI01376,Essencial,Anual,Pix,Busca orgânica,86,42.42,15,1.1,35.5,9,8,1,0,0,0
CLI01377,Plus,Mensal,Cartão,Busca orgânica,15,79.9,0,3.3,14.9,2,9,2,0,0,0
CLI01378,Premium,Anual,Boleto,Indicação,13,119.9,0,6.2,17.7,3,8,1,1,0,0
CLI01379,Plus,Anual,Pix,Mídia paga,18,79.9,0,1.7,34.1,9,7,0,0,0,0
CLI01380,Essencial,Anual,Cartão,Indicação,96,47.4,5,3.8,17.9,4,9,1,0,0,0
CLI01381,Essencial,Mensal,Boleto,Mídia paga,69,47.4,5,2.1,8.4,4,8,0,0,0,0
CLI01382,Essencial,Mensal,Pix,Mídia paga,23,44.91,10,2.9,20.9,7,9,1,1,0,0
CLI01383,Plus,Mensal,Cartão,Busca orgânica,49,67.92,15,3.2,11.1,4,5,2,2,0,0
CLI01384,Premium,Mensal,Cartão,Mídia paga,23,119.9,0,8.2,20.6,3,8,0,0,0,0
CLI01385,Premium,Anual,Débito automático,Busca orgânica,26,119.9,0,4.6,36.0,9,9,0,0,0,0
CLI01386,Essencial,Mensal,Pix,Busca orgânica,32,44.91,10,0.7,31.1,9,6,0,1,0,0
CLI01387,Plus,Mensal,Pix,Parceiro,41,79.9,0,2.6,28.6,6,7,0,0,1,0
CLI01388,Essencial,Anual,Débito automático,Busca orgânica,18,49.9,0,5.6,57.0,7,5,0,0,0,1
CLI01389,Premium,Mensal,Débito automático,Indicação,12,107.91,10,4.3,63.3,8,6,1,1,0,0
CLI01390,Essencial,Anual,Débito automático,Mídia paga,34,49.9,0,4.5,20.0,4,9,0,1,1,0
CLI01391,Premium,Anual,Débito automático,Mídia paga,9,101.92,15,9.9,13.3,8,8,0,0,1,0
CLI01392,Premium,Anual,Débito automático,Mídia paga,23,107.91,10,17.8,13.5,6,7,0,1,0,0
CLI01393,Essencial,Anual,Cartão,Busca orgânica,21,49.9,0,2.2,4.2,5,9,0,1,0,0
CLI01394,Essencial,Mensal,Pix,Mídia paga,5,49.9,0,3.0,6.0,2,3,4,0,1,1
CLI01395,Premium,Mensal,Cartão,Busca orgânica,12,119.9,0,3.7,7.6,8,8,2,2,0,0
CLI01396,Essencial,Anual,Pix,Busca orgânica,23,49.9,0,6.8,13.2,7,7,1,0,0,0
CLI01397,Plus,Mensal,Cartão,Indicação,1,71.91,10,2.7,22.9,9,5,0,4,1,0
CLI01398,Premium,Mensal,Pix,Mídia paga,45,107.91,10,17.8,6.1,2,7,2,0,1,0
CLI01399,Plus,Mensal,Cartão,Mídia paga,11,79.9,0,6.8,45.7,10,6,0,0,0,0
CLI01400,Essencial,Mensal,Pix,Indicação,37,47.4,5,4.7,46.3,12,7,0,1,0,0
CLI01401,Essencial,Mensal,Cartão,Indicação,16,47.4,5,3.0,27.8,14,7,0,1,0,1
CLI01402,Essencial,Mensal,Boleto,Mídia paga,76,49.9,0,2.3,49.0,9,6,1,0,0,1
CLI01403,Premium,Mensal,Cartão,Busca orgânica,24,119.9,0,1.5,16.2,4,8,1,2,0,0
CLI01404,Essencial,Anual,Débito automático,Busca orgânica,42,49.9,0,6.3,4.2,2,6,1,0,0,0
CLI01405,Essencial,Mensal,Pix,Mídia paga,16,42.42,15,2.2,5.5,2,8,0,0,0,0
CLI01406,Essencial,Mensal,Cartão,Busca orgânica,63,49.9,0,3.9,48.3,8,8,0,2,0,0
CLI01407,Premium,Mensal,Débito automático,Indicação,96,119.9,0,3.4,13.7,6,8,1,0,0,0
CLI01408,Essencial,Mensal,Boleto,Mídia paga,12,47.4,5,2.4,21.3,3,7,2,1,0,0
CLI01409,Premium,Mensal,Débito automático,Indicação,14,119.9,0,5.7,33.4,6,7,1,2,0,1
CLI01410,Plus,Mensal,Boleto,Mídia paga,20,79.9,0,7.4,2.4,6,7,1,0,1,0
CLI01411,Premium,Anual,Cartão,Mídia paga,57,95.92,20,7.1,32.3,10,8,0,0,0,0
CLI01412,Premium,Mensal,Boleto,Indicação,9,101.92,15,18.4,32.7,7,6,1,1,0,0
CLI01413,Premium,Anual,Débito automático,Mídia paga,9,119.9,0,6.7,5.8,3,7,0,0,0,0
CLI01414,Premium,Mensal,Débito automático,Mídia paga,8,119.9,0,6.9,23.7,4,7,1,1,0,0
CLI01415,Essencial,Mensal,Débito automático,Parceiro,7,42.42,15,3.6,22.0,8,7,0,0,0,1
CLI01416,Plus,Mensal,Débito automático,Mídia paga,12,79.9,0,4.4,34.8,9,7,1,0,1,1
CLI01417,Plus,Anual,Pix,Busca orgânica,26,75.9,5,13.0,7.9,4,8,2,0,0,0
CLI01418,Plus,Mensal,Pix,Mídia paga,96,79.9,0,0.9,54.8,12,8,0,0,0,0
CLI01419,Premium,Mensal,Cartão,Mídia paga,8,113.9,5,12.6,8.3,5,8,1,2,0,0
CLI01420,Premium,Mensal,Débito automático,Mídia paga,25,119.9,0,4.8,15.8,4,8,1,0,0,0
CLI01421,Plus,Mensal,Cartão,Busca orgânica,33,75.9,5,1.5,31.3,5,9,0,0,1,0
CLI01422,Plus,Anual,Débito automático,Mídia paga,20,67.92,15,8.3,23.2,4,7,0,0,1,0
CLI01423,Essencial,Anual,Pix,Busca orgânica,28,47.4,5,3.1,39.3,7,6,0,0,0,0
CLI01424,Essencial,Mensal,Cartão,Parceiro,17,42.42,15,2.2,53.8,7,7,0,2,0,0
CLI01425,Essencial,Mensal,Cartão,Busca orgânica,13,47.4,5,3.7,23.6,3,8,1,3,1,1
CLI01426,Essencial,Mensal,Cartão,Indicação,18,49.9,0,2.7,35.1,9,7,1,2,0,1
CLI01427,Essencial,Anual,Pix,Indicação,50,39.92,20,4.4,23.6,2,5,1,1,1,0
CLI01428,Essencial,Mensal,Cartão,Parceiro,39,39.92,20,3.2,17.5,5,7,0,0,0,0
CLI01429,Plus,Mensal,Cartão,Mídia paga,22,79.9,0,3.8,18.0,5,8,0,0,0,0
CLI01430,Essencial,Anual,Cartão,Busca orgânica,8,39.92,20,3.7,32.5,4,5,1,1,1,0
CLI01431,Premium,Anual,Cartão,Parceiro,6,95.92,20,3.1,46.9,5,6,0,1,0,0
CLI01432,Plus,Mensal,Cartão,Busca orgânica,18,79.9,0,7.2,38.4,10,10,0,0,0,0
CLI01433,Essencial,Mensal,Cartão,Indicação,36,47.4,5,3.3,14.4,6,8,1,2,0,0
CLI01434,Essencial,Anual,Débito automático,Indicação,34,49.9,0,7.6,30.4,3,7,1,0,0,0
CLI01435,Essencial,Anual,Débito automático,Busca orgânica,31,49.9,0,4.8,37.7,8,8,0,0,0,0
CLI01436,Premium,Mensal,Boleto,Busca orgânica,7,119.9,0,9.1,30.6,5,7,1,0,1,0
CLI01437,Essencial,Mensal,Cartão,Indicação,43,49.9,0,5.1,22.5,4,8,0,0,0,0
CLI01438,Plus,Mensal,Cartão,Indicação,28,67.92,15,10.6,43.0,14,10,0,0,0,0
CLI01439,Premium,Mensal,Cartão,Busca orgânica,11,119.9,0,6.8,12.9,6,10,0,0,0,0
CLI01440,Premium,Mensal,Pix,Indicação,46,107.91,10,1.5,19.8,7,10,2,0,1,0
CLI01441,Essencial,Anual,Cartão,Mídia paga,10,39.92,20,4.6,20.8,8,7,2,0,1,0
CLI01442,Essencial,Mensal,Cartão,Busca orgânica,31,47.4,5,3.5,32.8,8,5,1,0,0,0
CLI01443,Essencial,Mensal,Pix,Indicação,14,42.42,15,2.3,14.7,9,4,2,1,0,0
CLI01444,Essencial,Anual,Cartão,Indicação,20,47.4,5,1.4,9.7,7,7,0,0,1,0
CLI01445,Essencial,Mensal,Pix,Mídia paga,33,49.9,0,1.6,3.8,4,7,0,1,0,0
CLI01446,Plus,Mensal,Pix,Mídia paga,26,71.91,10,5.8,42.0,4,9,0,0,0,0
CLI01447,Premium,Anual,Débito automático,Busca orgânica,23,107.91,10,4.9,20.7,6,10,0,0,0,0
CLI01448,Plus,Mensal,Cartão,Mídia paga,12,71.91,10,5.1,5.1,2,7,2,0,0,0
CLI01449,Plus,Anual,Cartão,Parceiro,13,79.9,0,2.2,0.7,6,7,1,0,0,0
CLI01450,Essencial,Mensal,Pix,Mídia paga,14,47.4,5,7.0,21.1,2,6,1,0,0,0
CLI01451,Plus,Mensal,Cartão,Busca orgânica,49,79.9,0,2.2,16.3,6,9,0,0,0,0
CLI01452,Plus,Mensal,Cartão,Mídia paga,85,67.92,15,6.1,16.3,4,6,3,0,0,0
CLI01453,Premium,Mensal,Cartão,Busca orgânica,12,95.92,20,7.7,24.4,10,8,1,1,1,0
CLI01454,Premium,Mensal,Cartão,Busca orgânica,66,119.9,0,8.3,39.1,10,7,1,0,0,1
CLI01455,Essencial,Mensal,Cartão,Mídia paga,11,44.91,10,0.8,40.3,4,8,0,0,0,0
CLI01456,Essencial,Mensal,Débito automático,Busca orgânica,31,49.9,0,6.7,21.3,5,7,0,0,0,1
CLI01457,Essencial,Mensal,Débito automático,Parceiro,10,44.91,10,3.2,9.9,2,4,1,1,0,0
CLI01458,Essencial,Anual,Cartão,Indicação,52,49.9,0,1.8,10.2,7,9,0,0,0,0
CLI01459,Premium,Mensal,Pix,Busca orgânica,43,113.9,5,11.2,17.7,9,6,2,0,1,0
CLI01460,Essencial,Mensal,Boleto,Indicação,50,47.4,5,3.9,10.3,3,8,1,0,0,0
CLI01461,Plus,Mensal,Cartão,Mídia paga,17,67.92,15,5.0,28.7,10,7,1,0,0,0
CLI01462,Plus,Mensal,Débito automático,Busca orgânica,12,79.9,0,8.1,27.8,7,10,0,1,0,0
CLI01463,Essencial,Mensal,Cartão,Busca orgânica,49,42.42,15,0.6,21.7,6,8,2,1,1,0
CLI01464,Essencial,Mensal,Boleto,Parceiro,22,49.9,0,1.6,41.0,10,5,0,2,0,0
CLI01465,Plus,Anual,Cartão,Indicação,22,79.9,0,10.0,5.2,6,7,1,1,0,0
CLI01466,Plus,Mensal,Cartão,Indicação,17,79.9,0,2.5,9.3,8,7,0,0,1,0
CLI01467,Essencial,Mensal,Boleto,Mídia paga,21,49.9,0,4.2,64.0,17,4,1,0,0,1
CLI01468,Essencial,Anual,Débito automático,Busca orgânica,49,44.91,10,4.5,52.4,7,6,1,0,0,0
CLI01469,Plus,Mensal,Cartão,Indicação,15,79.9,0,5.6,15.0,2,6,2,0,0,0
CLI01470,Essencial,Mensal,Débito automático,Busca orgânica,15,47.4,5,4.4,51.8,12,5,1,0,0,0
CLI01471,Premium,Anual,Boleto,Indicação,13,95.92,20,4.4,10.3,2,8,0,0,0,0
CLI01472,Essencial,Anual,Pix,Busca orgânica,21,42.42,15,3.3,20.9,7,6,0,0,0,0
CLI01473,Essencial,Mensal,Cartão,Mídia paga,52,47.4,5,2.8,14.0,7,8,2,0,0,0
CLI01474,Plus,Mensal,Cartão,Busca orgânica,12,71.91,10,3.9,19.8,4,7,0,2,0,0
CLI01475,Plus,Mensal,Boleto,Busca orgânica,14,79.9,0,2.6,18.9,5,8,0,0,0,0
CLI01476,Plus,Mensal,Cartão,Busca orgânica,66,79.9,0,5.7,50.8,9,7,0,2,0,1
CLI01477,Essencial,Mensal,Cartão,Parceiro,14,39.92,20,5.8,38.9,9,9,0,0,1,0
CLI01478,Premium,Anual,Cartão,Mídia paga,24,95.92,20,3.2,78.6,14,3,1,0,1,0
CLI01479,Plus,Anual,Cartão,Busca orgânica,75,67.92,15,5.7,69.4,10,4,2,2,0,1
CLI01480,Plus,Anual,Pix,Mídia paga,21,71.91,10,0.4,11.8,5,10,0,0,1,0
CLI01481,Essencial,Mensal,Cartão,Busca orgânica,90,42.42,15,2.6,10.4,2,5,1,1,0,0
CLI01482,Essencial,Mensal,Cartão,Indicação,12,49.9,0,4.6,36.8,7,7,0,1,0,0
CLI01483,Plus,Mensal,Cartão,Busca orgânica,87,75.9,5,2.4,42.8,10,5,0,2,0,0
CLI01484,Essencial,Mensal,Cartão,Mídia paga,20,44.91,10,0.6,24.2,8,7,0,1,1,0
CLI01485,Plus,Mensal,Cartão,Busca orgânica,3,71.91,10,6.3,53.7,11,8,0,0,0,0
CLI01486,Essencial,Anual,Cartão,Busca orgânica,4,49.9,0,2.4,22.5,5,9,1,0,0,0
CLI01487,Premium,Mensal,Débito automático,Mídia paga,17,107.91,10,2.6,7.1,4,8,0,0,1,0
CLI01488,Plus,Mensal,Cartão,Parceiro,29,79.9,0,1.9,33.2,7,6,1,0,0,0
CLI01489,Premium,Mensal,Cartão,Parceiro,22,107.91,10,6.5,47.1,10,2,1,2,0,1
CLI01490,Plus,Anual,Pix,Mídia paga,56,75.9,5,4.3,10.4,5,8,1,0,0,0
CLI01491,Essencial,Mensal,Débito automático,Mídia paga,33,47.4,5,1.7,16.2,8,8,0,0,0,0
CLI01492,Premium,Anual,Débito automático,Busca orgânica,19,95.92,20,5.2,24.8,4,10,0,0,0,0
CLI01493,Plus,Anual,Boleto,Busca orgânica,27,63.92,20,7.1,32.0,6,7,1,0,0,0
CLI01494,Plus,Mensal,Cartão,Mídia paga,18,71.91,10,6.4,69.1,9,6,1,0,0,0
CLI01495,Essencial,Mensal,Cartão,Indicação,34,47.4,5,0.8,42.3,18,7,1,1,0,0
CLI01496,Plus,Mensal,Cartão,Parceiro,13,75.9,5,15.5,13.2,5,8,1,1,0,0
CLI01497,Premium,Mensal,Cartão,Busca orgânica,35,113.9,5,8.7,51.0,10,6,2,1,1,0
CLI01498,Plus,Mensal,Boleto,Indicação,21,71.91,10,1.9,6.9,4,6,1,0,1,0
CLI01499,Essencial,Mensal,Pix,Busca orgânica,17,44.91,10,6.8,13.8,6,5,1,0,0,0
CLI01500,Plus,Anual,Débito automático,Mídia paga,55,79.9,0,4.9,21.3,8,7,1,0,1,0
CLI01501,Plus,Anual,Boleto,Busca orgânica,74,75.9,5,3.1,5.6,5,7,1,1,1,0
CLI01502,Premium,Mensal,Débito automático,Mídia paga,28,107.91,10,0.1,58.8,10,6,1,1,0,1
CLI01503,Essencial,Mensal,Cartão,Busca orgânica,19,49.9,0,6.4,33.8,5,9,2,0,1,0
CLI01504,Essencial,Mensal,Débito automático,Mídia paga,19,49.9,0,6.9,48.6,9,9,0,1,0,0
CLI01505,Plus,Mensal,Cartão,Mídia paga,19,67.92,15,7.6,20.9,6,5,1,0,0,0
CLI01506,Plus,Anual,Cartão,Parceiro,1,67.92,15,3.1,78.1,5,6,1,0,0,0
CLI01507,Plus,Mensal,Pix,Busca orgânica,37,79.9,0,2.5,44.0,6,6,0,0,0,0
CLI01508,Essencial,Anual,Boleto,Busca orgânica,31,42.42,15,10.7,34.7,5,6,0,2,0,0
CLI01509,Essencial,Mensal,Débito automático,Indicação,26,42.42,15,3.8,46.3,12,8,1,0,0,1
CLI01510,Plus,Anual,Cartão,Busca orgânica,44,79.9,0,2.5,14.2,7,7,0,3,1,0
CLI01511,Essencial,Mensal,Débito automático,Mídia paga,10,49.9,0,2.9,11.9,3,8,0,1,1,0
CLI01512,Essencial,Mensal,Cartão,Indicação,3,47.4,5,2.6,47.9,6,4,1,0,0,0
CLI01513,Plus,Anual,Débito automático,Parceiro,18,71.91,10,4.1,16.7,9,7,1,1,1,0
CLI01514,Plus,Mensal,Cartão,Indicação,39,75.9,5,1.3,26.8,10,5,1,1,1,0
CLI01515,Premium,Mensal,Cartão,Mídia paga,27,101.92,15,4.1,37.8,7,6,1,0,0,1
CLI01516,Essencial,Anual,Cartão,Mídia paga,22,49.9,0,4.1,44.0,11,6,0,1,0,0
CLI01517,Essencial,Mensal,Débito automático,Parceiro,76,49.9,0,1.1,11.9,4,9,1,0,0,0
CLI01518,Premium,Mensal,Boleto,Busca orgânica,59,107.91,10,4.6,7.8,4,9,1,0,1,0
CLI01519,Essencial,Mensal,Cartão,Mídia paga,42,47.4,5,7.3,25.6,4,6,0,0,1,0
CLI01520,Essencial,Mensal,Cartão,Indicação,21,47.4,5,4.0,39.4,6,7,1,1,0,0
CLI01521,Essencial,Mensal,Cartão,Busca orgânica,96,42.42,15,3.0,29.9,9,9,0,2,0,0
CLI01522,Plus,Anual,Débito automático,Mídia paga,11,79.9,0,2.8,28.1,6,6,1,0,0,0
CLI01523,Premium,Mensal,Pix,Indicação,51,113.9,5,4.6,6.1,8,10,1,1,0,0
CLI01524,Plus,Mensal,Pix,Mídia paga,54,67.92,15,5.7,22.0,6,7,3,0,0,0
CLI01525,Plus,Mensal,Cartão,Busca orgânica,17,67.92,15,2.1,31.3,13,8,1,0,0,0
CLI01526,Essencial,Mensal,Cartão,Busca orgânica,61,49.9,0,6.7,40.3,9,7,0,0,0,0
CLI01527,Essencial,Anual,Boleto,Mídia paga,10,47.4,5,4.9,24.3,6,5,0,1,0,0
CLI01528,Plus,Mensal,Pix,Indicação,34,79.9,0,4.8,56.1,6,8,1,0,0,0
CLI01529,Essencial,Mensal,Cartão,Mídia paga,49,49.9,0,5.2,36.6,10,8,1,0,0,1
CLI01530,Essencial,Mensal,Cartão,Parceiro,32,49.9,0,8.7,38.9,4,5,1,0,0,0
CLI01531,Essencial,Anual,Cartão,Indicação,7,47.4,5,0.9,5.6,2,7,0,0,0,0
CLI01532,Essencial,Mensal,Cartão,Busca orgânica,48,39.92,20,2.3,66.7,10,5,1,2,1,1
CLI01533,Plus,Mensal,Cartão,Indicação,60,79.9,0,2.7,14.5,6,7,1,1,0,0
CLI01534,Plus,Anual,Débito automático,Busca orgânica,29,63.92,20,1.5,1.0,3,8,2,0,0,0
CLI01535,Essencial,Mensal,Cartão,Mídia paga,5,47.4,5,1.0,12.1,1,6,1,0,1,0
CLI01536,Plus,Mensal,Cartão,Parceiro,28,79.9,0,7.2,47.8,7,6,1,2,1,1
CLI01537,Plus,Anual,Pix,Busca orgânica,16,79.9,0,5.0,7.4,3,7,3,1,0,0
CLI01538,Plus,Anual,Cartão,Indicação,27,75.9,5,12.1,15.0,8,6,0,0,1,0
CLI01539,Plus,Mensal,Pix,Indicação,42,79.9,0,5.2,36.3,5,8,0,0,0,0
CLI01540,Essencial,Anual,Débito automático,Busca orgânica,9,44.91,10,4.5,36.5,15,4,3,0,0,0
CLI01541,Premium,Mensal,Cartão,Busca orgânica,68,119.9,0,18.9,50.9,10,8,0,0,0,0
CLI01542,Essencial,Anual,Débito automático,Parceiro,20,44.91,10,5.5,2.7,5,6,0,0,0,0
CLI01543,Essencial,Mensal,Cartão,Indicação,30,49.9,0,1.5,28.4,5,6,2,1,0,0
CLI01544,Essencial,Mensal,Cartão,Mídia paga,18,44.91,10,3.9,37.5,5,8,0,1,0,0
CLI01545,Plus,Mensal,Cartão,Busca orgânica,42,75.9,5,5.9,39.9,12,6,0,2,0,0
CLI01546,Essencial,Anual,Débito automático,Mídia paga,68,44.91,10,3.5,73.7,7,7,0,2,1,0
CLI01547,Essencial,Anual,Cartão,Mídia paga,14,44.91,10,2.4,55.4,19,8,2,0,0,0
CLI01548,Plus,Mensal,Débito automático,Mídia paga,38,75.9,5,14.2,29.3,18,7,1,0,0,0
CLI01549,Essencial,Mensal,Cartão,Busca orgânica,15,42.42,15,2.0,35.5,7,10,1,1,0,0
CLI01550,Essencial,Mensal,Pix,Busca orgânica,41,42.42,15,1.8,44.7,10,6,0,0,1,0
CLI01551,Essencial,Mensal,Cartão,Indicação,26,42.42,15,1.6,38.3,3,6,1,1,0,0
CLI01552,Essencial,Anual,Cartão,Indicação,47,49.9,0,5.7,11.7,4,9,2,0,1,0
CLI01553,Essencial,Mensal,Pix,Mídia paga,31,44.91,10,5.1,12.7,5,6,2,0,0,0
CLI01554,Essencial,Anual,Cartão,Parceiro,93,44.91,10,2.7,21.1,5,7,0,0,0,0
CLI01555,Essencial,Anual,Cartão,Mídia paga,18,42.42,15,2.8,38.7,8,6,0,1,0,0
CLI01556,Plus,Mensal,Pix,Busca orgânica,8,71.91,10,7.3,75.4,10,6,0,0,0,0
CLI01557,Premium,Mensal,Débito automático,Busca orgânica,16,119.9,0,0.3,60.1,13,6,0,0,1,0
CLI01558,Plus,Anual,Débito automático,Mídia paga,17,79.9,0,1.7,21.1,5,7,2,1,0,0
CLI01559,Plus,Anual,Cartão,Indicação,24,75.9,5,5.4,49.4,8,6,2,1,0,0
CLI01560,Premium,Anual,Cartão,Indicação,19,113.9,5,9.0,2.4,7,7,1,0,0,0
CLI01561,Premium,Mensal,Cartão,Indicação,30,113.9,5,8.6,31.3,8,8,0,2,0,0
CLI01562,Plus,Mensal,Cartão,Mídia paga,5,67.92,15,9.1,28.7,4,8,0,1,0,0
CLI01563,Premium,Anual,Cartão,Busca orgânica,19,101.92,15,15.5,53.0,3,7,0,2,1,1
CLI01564,Premium,Mensal,Cartão,Parceiro,19,107.91,10,6.7,61.5,12,5,1,0,0,1
CLI01565,Plus,Anual,Cartão,Busca orgânica,43,75.9,5,12.4,27.4,4,8,0,0,0,0
CLI01566,Plus,Anual,Pix,Mídia paga,12,71.91,10,11.0,1.3,3,8,0,1,1,0
CLI01567,Essencial,Mensal,Cartão,Mídia paga,12,42.42,15,1.8,32.3,6,5,2,2,1,1
CLI01568,Essencial,Mensal,Cartão,Mídia paga,26,44.91,10,1.9,15.7,5,8,1,1,0,0
CLI01569,Plus,Mensal,Cartão,Indicação,45,71.91,10,4.1,25.4,2,7,2,0,0,0
CLI01570,Plus,Anual,Cartão,Indicação,1,79.9,0,0.9,17.3,4,8,1,0,0,0
CLI01571,Essencial,Mensal,Débito automático,Indicação,42,49.9,0,2.7,26.5,3,9,0,0,0,0
CLI01572,Plus,Mensal,Cartão,Busca orgânica,38,71.91,10,2.5,7.7,7,7,0,0,1,0
CLI01573,Plus,Anual,Cartão,Indicação,24,67.92,15,3.8,59.7,9,9,1,0,0,0
CLI01574,Premium,Anual,Débito automático,Mídia paga,29,107.91,10,21.1,36.2,7,6,1,0,0,0
CLI01575,Essencial,Mensal,Cartão,Busca orgânica,51,49.9,0,2.1,32.7,7,7,1,1,0,0
CLI01576,Essencial,Anual,Cartão,Parceiro,17,44.91,10,2.0,10.1,6,6,2,0,0,0
CLI01577,Plus,Mensal,Débito automático,Mídia paga,8,75.9,5,2.8,21.5,3,7,0,0,0,1
CLI01578,Premium,Anual,Débito automático,Mídia paga,38,119.9,0,10.7,14.0,1,4,0,0,0,0
CLI01579,Premium,Anual,Boleto,Mídia paga,35,119.9,0,1.9,40.7,8,8,0,0,0,0
CLI01580,Premium,Mensal,Débito automático,Indicação,3,107.91,10,6.1,68.0,9,6,1,0,0,0
CLI01581,Premium,Mensal,Débito automático,Indicação,70,101.92,15,9.6,38.6,1,8,0,0,0,0
CLI01582,Essencial,Mensal,Cartão,Busca orgânica,34,49.9,0,5.0,6.7,4,8,1,0,0,0
CLI01583,Essencial,Anual,Pix,Parceiro,13,49.9,0,2.7,6.2,2,9,1,0,1,0
CLI01584,Essencial,Mensal,Cartão,Indicação,36,47.4,5,0.6,14.6,1,8,1,1,0,0
CLI01585,Plus,Mensal,Pix,Busca orgânica,33,67.92,15,5.9,19.5,6,7,0,0,0,0
CLI01586,Premium,Anual,Boleto,Mídia paga,19,119.9,0,2.9,19.5,4,4,2,0,1,1
CLI01587,Essencial,Mensal,Cartão,Busca orgânica,29,47.4,5,4.9,9.9,8,7,1,0,0,0
CLI01588,Plus,Anual,Débito automático,Parceiro,29,79.9,0,4.6,9.7,2,8,2,0,0,0
CLI01589,Essencial,Anual,Pix,Parceiro,26,44.91,10,3.8,25.9,5,6,0,0,0,0
CLI01590,Essencial,Mensal,Cartão,Indicação,25,49.9,0,6.5,27.8,5,8,1,1,1,0
CLI01591,Essencial,Mensal,Débito automático,Mídia paga,33,49.9,0,2.6,38.2,11,6,0,0,0,0
CLI01592,Essencial,Anual,Pix,Indicação,29,49.9,0,8.5,48.5,6,9,1,0,0,0
CLI01593,Premium,Anual,Cartão,Busca orgânica,17,113.9,5,6.0,12.2,10,6,0,1,0,0
CLI01594,Essencial,Mensal,Pix,Parceiro,11,44.91,10,1.6,10.5,3,8,1,0,1,0
CLI01595,Premium,Anual,Cartão,Indicação,28,119.9,0,4.8,4.1,5,8,0,0,0,0
CLI01596,Plus,Mensal,Cartão,Parceiro,42,71.91,10,1.5,5.5,4,10,0,0,0,0
CLI01597,Essencial,Mensal,Débito automático,Parceiro,28,49.9,0,1.8,31.3,10,8,1,1,0,0
CLI01598,Essencial,Anual,Débito automático,Mídia paga,16,44.91,10,3.5,6.6,2,10,0,0,0,0
CLI01599,Plus,Mensal,Débito automático,Busca orgânica,5,79.9,0,5.0,37.2,3,7,0,1,1,0
CLI01600,Essencial,Mensal,Débito automático,Busca orgânica,71,44.91,10,2.2,46.9,5,5,0,1,0,0
CLI01601,Premium,Mensal,Débito automático,Busca orgânica,34,107.91,10,9.1,28.5,7,8,1,0,0,0
CLI01602,Essencial,Mensal,Cartão,Indicação,33,49.9,0,7.9,13.7,7,7,2,0,1,1
CLI01603,Plus,Mensal,Débito automático,Indicação,19,67.92,15,1.6,30.6,9,8,1,0,0,0
CLI01604,Plus,Mensal,Débito automático,Indicação,5,79.9,0,8.9,37.8,18,8,0,0,0,0
CLI01605,Essencial,Mensal,Cartão,Mídia paga,16,49.9,0,1.0,23.0,7,7,0,1,0,0
CLI01606,Essencial,Anual,Cartão,Indicação,64,49.9,0,3.6,13.3,6,10,1,0,0,0
CLI01607,Premium,Mensal,Débito automático,Busca orgânica,9,119.9,0,2.9,18.8,8,8,0,0,1,0
CLI01608,Essencial,Anual,Boleto,Mídia paga,4,42.42,15,5.3,34.7,8,7,1,1,0,0
CLI01609,Essencial,Mensal,Boleto,Indicação,71,47.4,5,4.5,50.0,14,6,0,2,1,1
CLI01610,Essencial,Mensal,Pix,Busca orgânica,13,49.9,0,3.9,66.1,7,2,3,0,0,1
CLI01611,Essencial,Anual,Débito automático,Indicação,22,47.4,5,4.7,19.3,3,5,1,0,0,0
CLI01612,Plus,Mensal,Cartão,Indicação,33,71.91,10,0.8,7.3,6,7,0,0,0,0
CLI01613,Plus,Mensal,Débito automático,Indicação,85,63.92,20,2.4,22.8,5,6,2,0,0,0
CLI01614,Essencial,Anual,Pix,Indicação,63,44.91,10,1.4,28.5,6,7,0,0,1,0
CLI01615,Premium,Anual,Boleto,Busca orgânica,24,119.9,0,12.3,6.0,6,7,1,2,0,0
CLI01616,Essencial,Mensal,Boleto,Indicação,16,49.9,0,2.1,25.1,9,6,0,2,0,0
CLI01617,Essencial,Mensal,Cartão,Busca orgânica,10,42.42,15,5.2,36.3,8,6,0,0,0,0
CLI01618,Plus,Anual,Boleto,Mídia paga,35,71.91,10,7.3,61.7,6,4,0,0,0,0
CLI01619,Premium,Mensal,Débito automático,Mídia paga,28,119.9,0,6.4,21.6,4,9,2,0,0,0
CLI01620,Essencial,Anual,Cartão,Busca orgânica,5,44.91,10,0.4,37.0,7,8,1,0,0,0
CLI01621,Essencial,Mensal,Cartão,Parceiro,22,49.9,0,1.1,38.5,9,6,1,1,0,0
CLI01622,Plus,Mensal,Débito automático,Mídia paga,28,79.9,0,3.4,6.1,11,9,0,1,1,1
CLI01623,Plus,Anual,Cartão,Mídia paga,37,79.9,0,3.1,47.8,5,7,0,0,0,0
CLI01624,Essencial,Anual,Cartão,Busca orgânica,11,39.92,20,4.8,4.2,3,7,1,0,0,0
CLI01625,Essencial,Mensal,Pix,Indicação,29,49.9,0,3.1,5.4,5,7,0,1,0,0
CLI01626,Plus,Mensal,Cartão,Busca orgânica,9,79.9,0,4.0,31.6,4,6,3,0,0,0
CLI01627,Essencial,Anual,Cartão,Busca orgânica,33,42.42,15,3.0,63.7,7,6,1,0,1,0
CLI01628,Essencial,Mensal,Débito automático,Parceiro,21,47.4,5,4.3,10.7,5,7,0,0,0,0
CLI01629,Essencial,Anual,Cartão,Parceiro,90,44.91,10,2.6,19.9,4,9,0,0,1,0
CLI01630,Essencial,Mensal,Pix,Indicação,13,42.42,15,6.0,45.5,10,7,0,1,0,0
CLI01631,Plus,Mensal,Cartão,Parceiro,18,79.9,0,3.6,27.2,12,2,2,0,0,1
CLI01632,Premium,Anual,Débito automático,Mídia paga,5,113.9,5,18.8,49.4,7,5,0,0,0,0
CLI01633,Plus,Anual,Cartão,Mídia paga,25,79.9,0,3.3,5.5,6,5,1,0,1,0
CLI01634,Plus,Mensal,Débito automático,Parceiro,19,67.92,15,3.6,2.3,8,8,3,0,0,0
CLI01635,Premium,Anual,Débito automático,Busca orgânica,27,119.9,0,2.9,3.9,2,7,2,0,0,0
CLI01636,Essencial,Mensal,Débito automático,Busca orgânica,24,47.4,5,3.3,30.5,5,5,1,0,1,0
CLI01637,Essencial,Mensal,Pix,Mídia paga,91,44.91,10,2.6,17.3,3,7,0,0,0,0
CLI01638,Premium,Mensal,Pix,Indicação,35,101.92,15,3.8,81.6,17,7,2,1,0,0
CLI01639,Essencial,Anual,Cartão,Mídia paga,44,49.9,0,1.5,11.1,9,8,1,2,0,0
CLI01640,Plus,Mensal,Pix,Mídia paga,27,79.9,0,1.0,4.5,7,6,0,0,0,0
CLI01641,Plus,Mensal,Pix,Parceiro,31,75.9,5,8.1,21.2,5,6,1,0,1,0
CLI01642,Essencial,Anual,Pix,Indicação,27,49.9,0,1.9,51.2,12,9,1,0,0,0
CLI01643,Plus,Mensal,Cartão,Mídia paga,27,75.9,5,3.6,24.6,11,7,0,0,0,0
CLI01644,Essencial,Mensal,Pix,Indicação,16,47.4,5,3.1,38.0,10,5,3,2,1,0
CLI01645,Essencial,Mensal,Cartão,Mídia paga,43,47.4,5,1.0,1.3,1,6,0,1,1,0
CLI01646,Plus,Anual,Pix,Busca orgânica,94,75.9,5,8.4,27.4,4,6,1,0,0,0
CLI01647,Essencial,Mensal,Débito automático,Mídia paga,27,44.91,10,0.5,16.6,4,6,1,0,0,0
CLI01648,Plus,Anual,Cartão,Mídia paga,12,79.9,0,10.4,18.9,4,5,0,2,1,0
CLI01649,Premium,Mensal,Pix,Busca orgânica,50,113.9,5,11.1,34.2,8,7,1,0,0,0
CLI01650,Plus,Mensal,Cartão,Busca orgânica,70,79.9,0,7.1,18.0,3,7,0,0,0,0
CLI01651,Essencial,Anual,Débito automático,Busca orgânica,17,44.91,10,5.3,39.7,13,6,0,0,0,0
CLI01652,Essencial,Mensal,Débito automático,Mídia paga,10,47.4,5,2.9,74.9,16,6,1,1,1,1
CLI01653,Essencial,Mensal,Cartão,Mídia paga,40,49.9,0,7.6,65.6,10,5,2,0,0,0
CLI01654,Essencial,Mensal,Cartão,Mídia paga,28,44.91,10,6.6,22.5,5,5,1,0,1,0
CLI01655,Premium,Mensal,Débito automático,Indicação,37,119.9,0,9.4,27.4,7,7,1,2,0,0
CLI01656,Essencial,Mensal,Débito automático,Busca orgânica,26,47.4,5,0.3,41.8,7,6,0,0,0,0
CLI01657,Essencial,Anual,Cartão,Busca orgânica,22,47.4,5,3.5,24.5,10,8,2,0,0,0
CLI01658,Premium,Mensal,Cartão,Indicação,13,101.92,15,10.9,5.9,5,7,0,1,0,0
CLI01659,Essencial,Mensal,Cartão,Mídia paga,34,44.91,10,3.3,11.4,4,5,0,1,0,1
CLI01660,Essencial,Mensal,Débito automático,Busca orgânica,8,44.91,10,4.1,39.5,6,4,1,0,0,0
CLI01661,Essencial,Mensal,Cartão,Indicação,43,49.9,0,4.9,36.4,7,7,1,0,0,0
CLI01662,Plus,Mensal,Débito automático,Mídia paga,41,79.9,0,1.6,21.5,5,6,2,1,1,0
CLI01663,Plus,Anual,Débito automático,Busca orgânica,33,79.9,0,9.3,12.8,3,8,3,0,1,0
CLI01664,Essencial,Mensal,Débito automático,Mídia paga,58,47.4,5,7.7,54.1,11,6,0,1,0,0
CLI01665,Premium,Anual,Boleto,Indicação,21,119.9,0,11.3,28.8,13,7,0,0,0,0
CLI01666,Premium,Mensal,Pix,Indicação,20,119.9,0,10.5,47.2,6,7,0,1,0,0
CLI01667,Premium,Mensal,Débito automático,Indicação,19,119.9,0,7.3,48.4,5,5,0,0,0,0
CLI01668,Essencial,Anual,Débito automático,Busca orgânica,29,44.91,10,3.2,10.4,1,9,1,0,0,0
CLI01669,Essencial,Mensal,Débito automático,Mídia paga,23,47.4,5,1.6,49.5,14,9,0,0,0,0
CLI01670,Premium,Anual,Pix,Mídia paga,18,119.9,0,27.9,63.9,11,7,1,0,1,0
CLI01671,Essencial,Anual,Cartão,Indicação,20,47.4,5,4.2,26.5,8,7,0,0,0,0
CLI01672,Plus,Anual,Boleto,Mídia paga,32,75.9,5,2.9,34.6,5,6,0,1,0,0
CLI01673,Plus,Mensal,Cartão,Busca orgânica,54,63.92,20,4.7,1.9,3,10,0,0,1,0
CLI01674,Essencial,Mensal,Boleto,Mídia paga,16,49.9,0,5.3,41.1,3,7,0,0,0,0
CLI01675,Plus,Mensal,Cartão,Busca orgânica,3,71.91,10,3.9,12.7,4,10,0,0,1,0
CLI01676,Premium,Anual,Pix,Mídia paga,39,107.91,10,8.4,33.3,4,7,1,0,1,0
CLI01677,Plus,Mensal,Boleto,Mídia paga,12,67.92,15,3.7,6.2,3,7,1,0,1,0
CLI01678,Essencial,Mensal,Débito automático,Mídia paga,54,42.42,15,5.3,2.9,6,6,1,0,1,0
CLI01679,Premium,Mensal,Pix,Busca orgânica,44,113.9,5,7.2,2.1,3,7,2,1,0,0
CLI01680,Plus,Mensal,Cartão,Indicação,46,71.91,10,7.6,17.1,11,7,0,0,0,0
CLI01681,Plus,Mensal,Cartão,Indicação,27,75.9,5,2.8,34.2,9,6,1,0,0,0
CLI01682,Premium,Mensal,Cartão,Mídia paga,52,101.92,15,14.7,37.0,2,5,0,1,1,0
CLI01683,Plus,Mensal,Pix,Mídia paga,34,71.91,10,3.3,25.7,7,3,1,0,1,0
CLI01684,Essencial,Anual,Cartão,Mídia paga,32,49.9,0,4.1,41.1,3,7,1,0,1,0
CLI01685,Essencial,Mensal,Cartão,Busca orgânica,28,49.9,0,1.2,16.0,4,7,2,2,1,1
CLI01686,Essencial,Mensal,Cartão,Indicação,36,42.42,15,1.7,59.1,13,3,3,1,1,1
CLI01687,Plus,Mensal,Boleto,Busca orgânica,7,75.9,5,2.7,8.1,5,7,2,0,0,0
CLI01688,Plus,Mensal,Débito automático,Mídia paga,18,71.91,10,6.1,24.2,5,6,0,0,0,0
CLI01689,Plus,Mensal,Cartão,Indicação,18,67.92,15,4.6,50.7,7,8,0,0,0,0
CLI01690,Essencial,Mensal,Boleto,Parceiro,24,49.9,0,2.4,10.9,5,7,0,3,1,0
CLI01691,Plus,Mensal,Cartão,Indicação,11,79.9,0,3.0,48.6,13,3,3,0,1,0
CLI01692,Premium,Anual,Cartão,Mídia paga,15,95.92,20,15.1,18.3,7,8,1,1,0,0
CLI01693,Essencial,Mensal,Cartão,Busca orgânica,9,44.91,10,2.8,57.0,11,5,1,0,1,0
CLI01694,Plus,Mensal,Débito automático,Mídia paga,15,71.91,10,5.1,66.8,8,6,0,0,0,1
CLI01695,Plus,Mensal,Cartão,Mídia paga,13,75.9,5,2.1,5.1,8,8,1,1,1,0
CLI01696,Plus,Mensal,Cartão,Busca orgânica,15,79.9,0,6.3,13.7,4,9,1,1,0,0
CLI01697,Essencial,Mensal,Boleto,Busca orgânica,44,49.9,0,6.1,2.6,2,7,1,1,0,0
CLI01698,Plus,Mensal,Débito automático,Parceiro,24,79.9,0,7.8,44.2,3,4,0,0,1,1
CLI01699,Premium,Mensal,Débito automático,Mídia paga,22,119.9,0,1.7,10.9,6,10,3,0,0,0
CLI01700,Plus,Mensal,Débito automático,Indicação,58,67.92,15,3.8,0.7,3,7,0,1,0,0
CLI01701,Premium,Anual,Débito automático,Mídia paga,32,101.92,15,8.9,23.0,6,6,3,1,1,0
CLI01702,Premium,Mensal,Cartão,Busca orgânica,34,107.91,10,8.8,35.1,10,6,1,0,1,0
CLI01703,Essencial,Mensal,Débito automático,Busca orgânica,28,49.9,0,0.7,4.3,2,8,1,0,0,0
CLI01704,Plus,Mensal,Cartão,Mídia paga,45,75.9,5,1.9,30.4,6,5,2,0,0,0
CLI01705,Plus,Mensal,Cartão,Parceiro,50,79.9,0,2.8,29.3,8,7,2,0,0,0
CLI01706,Premium,Anual,Boleto,Indicação,32,119.9,0,9.7,15.5,9,6,1,0,0,0
CLI01707,Essencial,Mensal,Cartão,Busca orgânica,45,49.9,0,2.9,51.6,9,7,2,0,0,0
CLI01708,Essencial,Mensal,Cartão,Busca orgânica,36,44.91,10,1.9,44.3,7,7,0,0,0,1
CLI01709,Premium,Anual,Cartão,Parceiro,32,119.9,0,10.5,77.7,21,4,1,1,1,1
CLI01710,Essencial,Mensal,Débito automático,Mídia paga,20,44.91,10,4.6,30.3,6,5,1,0,1,0
CLI01711,Plus,Mensal,Boleto,Parceiro,15,71.91,10,6.9,12.1,5,5,2,4,0,1
CLI01712,Essencial,Mensal,Cartão,Indicação,7,47.4,5,2.3,29.8,9,8,0,1,0,0
CLI01713,Premium,Anual,Cartão,Indicação,68,119.9,0,0.9,7.6,7,6,2,1,0,0
CLI01714,Premium,Mensal,Débito automático,Mídia paga,45,95.92,20,6.4,26.2,9,6,0,0,1,0
CLI01715,Essencial,Anual,Pix,Indicação,19,44.91,10,1.7,31.9,13,7,1,0,0,0
CLI01716,Plus,Mensal,Cartão,Indicação,6,79.9,0,9.8,27.2,7,9,0,0,1,0
CLI01717,Essencial,Anual,Cartão,Busca orgânica,36,44.91,10,4.1,21.7,5,9,2,0,0,0
CLI01718,Plus,Mensal,Pix,Mídia paga,21,75.9,5,1.9,0.7,2,8,1,0,0,0
CLI01719,Plus,Mensal,Cartão,Mídia paga,47,71.91,10,2.1,54.5,11,7,1,3,0,0
CLI01720,Premium,Mensal,Débito automático,Mídia paga,12,107.91,10,4.0,25.7,7,8,2,1,0,0
CLI01721,Essencial,Mensal,Cartão,Indicação,18,49.9,0,9.8,16.0,4,10,0,0,0,0
CLI01722,Essencial,Mensal,Débito automático,Mídia paga,22,44.91,10,5.1,31.0,8,8,1,0,0,0
CLI01723,Plus,Anual,Débito automático,Busca orgânica,40,75.9,5,11.1,25.7,2,5,1,0,0,0
CLI01724,Plus,Anual,Pix,Busca orgânica,16,71.91,10,1.1,14.4,1,9,1,0,0,0
CLI01725,Plus,Anual,Débito automático,Mídia paga,37,75.9,5,3.1,23.8,5,7,1,1,0,0
CLI01726,Essencial,Anual,Cartão,Mídia paga,8,49.9,0,7.4,17.8,3,9,0,0,1,0
CLI01727,Essencial,Mensal,Cartão,Indicação,25,49.9,0,9.0,22.6,5,7,0,1,0,0
CLI01728,Premium,Anual,Pix,Mídia paga,62,107.91,10,10.7,44.6,6,5,2,0,1,0
CLI01729,Essencial,Mensal,Débito automático,Mídia paga,80,49.9,0,6.8,63.1,3,5,0,1,1,0
CLI01730,Essencial,Anual,Débito automático,Mídia paga,52,44.91,10,3.1,29.4,5,7,1,0,1,0
CLI01731,Premium,Mensal,Cartão,Mídia paga,6,101.92,15,3.5,34.6,5,7,1,1,1,1
CLI01732,Essencial,Mensal,Débito automático,Mídia paga,23,39.92,20,1.1,12.6,4,7,1,0,1,0
CLI01733,Plus,Mensal,Cartão,Mídia paga,25,63.92,20,9.5,40.0,4,6,0,1,1,0
CLI01734,Essencial,Anual,Cartão,Busca orgânica,48,44.91,10,3.7,28.9,6,5,1,0,0,0
CLI01735,Premium,Anual,Cartão,Busca orgânica,28,113.9,5,23.0,18.5,5,9,2,0,0,0
CLI01736,Plus,Anual,Boleto,Mídia paga,12,79.9,0,1.3,45.7,9,4,4,1,0,1
CLI01737,Premium,Mensal,Pix,Parceiro,52,119.9,0,6.5,36.1,4,4,0,1,1,0
CLI01738,Essencial,Mensal,Pix,Mídia paga,73,49.9,0,3.2,12.2,10,7,0,0,1,0
CLI01739,Plus,Anual,Débito automático,Mídia paga,43,79.9,0,12.4,1.5,2,7,0,0,0,0
CLI01740,Plus,Mensal,Cartão,Mídia paga,15,75.9,5,3.1,11.6,3,9,2,0,0,0
CLI01741,Essencial,Mensal,Cartão,Mídia paga,84,44.91,10,3.1,40.1,6,4,1,3,0,1
CLI01742,Essencial,Mensal,Cartão,Busca orgânica,45,39.92,20,5.8,9.3,6,10,1,0,0,0
CLI01743,Essencial,Mensal,Cartão,Busca orgânica,41,47.4,5,5.7,10.8,5,8,0,0,0,0
CLI01744,Premium,Anual,Cartão,Mídia paga,71,95.92,20,1.2,45.0,3,7,1,0,0,0
CLI01745,Plus,Mensal,Cartão,Busca orgânica,46,71.91,10,4.9,33.1,6,8,0,0,0,0
CLI01746,Plus,Anual,Débito automático,Mídia paga,24,71.91,10,3.3,11.3,1,6,1,0,0,0
CLI01747,Plus,Anual,Débito automático,Parceiro,66,79.9,0,3.9,29.7,12,9,0,0,1,0
CLI01748,Plus,Mensal,Boleto,Mídia paga,13,71.91,10,8.5,24.4,7,7,2,2,0,0
CLI01749,Plus,Mensal,Cartão,Mídia paga,15,71.91,10,6.8,29.1,10,8,2,0,0,0
CLI01750,Essencial,Mensal,Pix,Mídia paga,17,44.91,10,3.7,0.8,5,9,1,0,0,0
CLI01751,Plus,Mensal,Cartão,Mídia paga,29,75.9,5,4.7,19.8,8,8,1,0,1,0
CLI01752,Essencial,Mensal,Cartão,Mídia paga,32,39.92,20,1.6,26.9,7,6,2,1,1,1
CLI01753,Premium,Anual,Pix,Busca orgânica,22,119.9,0,12.2,9.8,9,8,1,0,0,0
CLI01754,Plus,Mensal,Cartão,Mídia paga,23,79.9,0,3.1,19.5,7,8,1,1,0,0
CLI01755,Essencial,Mensal,Débito automático,Busca orgânica,33,44.91,10,3.3,29.0,12,3,2,2,1,1
CLI01756,Plus,Anual,Débito automático,Mídia paga,13,63.92,20,3.6,9.0,2,6,0,0,1,0
CLI01757,Essencial,Anual,Cartão,Indicação,38,49.9,0,1.6,17.4,6,8,2,0,0,0
CLI01758,Premium,Mensal,Boleto,Busca orgânica,3,119.9,0,2.3,6.6,6,9,2,0,0,0
CLI01759,Premium,Mensal,Cartão,Busca orgânica,26,107.91,10,17.4,13.4,3,7,0,0,1,0
CLI01760,Premium,Mensal,Boleto,Mídia paga,17,107.91,10,3.8,54.6,8,5,0,1,1,1
CLI01761,Essencial,Mensal,Pix,Mídia paga,82,47.4,5,0.4,25.1,10,6,2,0,0,0
CLI01762,Essencial,Mensal,Cartão,Indicação,21,49.9,0,4.5,11.8,5,9,1,1,0,0
CLI01763,Essencial,Mensal,Cartão,Indicação,29,47.4,5,8.9,78.7,15,5,2,0,0,0
CLI01764,Essencial,Mensal,Cartão,Parceiro,22,49.9,0,9.1,19.4,10,8,0,0,0,0
CLI01765,Essencial,Anual,Débito automático,Indicação,11,49.9,0,2.8,40.3,9,6,0,1,0,0
CLI01766,Essencial,Mensal,Cartão,Mídia paga,10,47.4,5,5.1,22.6,3,9,1,1,0,0
CLI01767,Premium,Anual,Débito automático,Mídia paga,9,119.9,0,4.2,22.5,10,7,3,1,1,0
CLI01768,Essencial,Mensal,Cartão,Mídia paga,26,44.91,10,12.5,51.3,16,7,0,5,0,1
CLI01769,Essencial,Mensal,Boleto,Indicação,21,44.91,10,2.3,13.9,2,9,0,0,0,0
CLI01770,Premium,Mensal,Cartão,Mídia paga,6,95.92,20,3.1,16.6,4,8,0,0,1,0
CLI01771,Plus,Anual,Débito automático,Parceiro,75,67.92,15,8.7,36.6,8,5,0,1,0,1
CLI01772,Plus,Mensal,Débito automático,Busca orgânica,41,79.9,0,9.6,42.6,5,6,1,0,0,0
CLI01773,Plus,Mensal,Cartão,Mídia paga,29,79.9,0,4.2,26.2,14,6,2,0,0,0
CLI01774,Premium,Mensal,Cartão,Busca orgânica,4,113.9,5,10.1,27.8,9,5,1,1,0,1
CLI01775,Plus,Anual,Pix,Parceiro,34,71.91,10,4.7,74.4,9,9,1,0,0,0
CLI01776,Plus,Mensal,Débito automático,Indicação,28,79.9,0,0.4,23.5,8,7,0,0,1,0
CLI01777,Plus,Mensal,Débito automático,Busca orgânica,46,63.92,20,2.9,16.3,11,6,2,0,1,0
CLI01778,Essencial,Anual,Cartão,Indicação,15,44.91,10,1.0,1.6,2,10,1,0,1,0
CLI01779,Essencial,Mensal,Débito automático,Parceiro,18,42.42,15,3.6,46.7,6,7,1,0,0,0
CLI01780,Plus,Mensal,Boleto,Mídia paga,31,71.91,10,5.9,17.5,4,8,0,1,0,0
CLI01781,Essencial,Mensal,Débito automático,Busca orgânica,18,42.42,15,3.0,32.6,7,6,1,0,1,0
CLI01782,Plus,Anual,Cartão,Indicação,34,67.92,15,0.7,12.0,3,8,0,1,0,0
CLI01783,Essencial,Anual,Cartão,Mídia paga,11,47.4,5,2.7,25.0,5,7,0,0,0,0
CLI01784,Essencial,Mensal,Boleto,Indicação,24,44.91,10,5.3,10.7,7,7,1,0,0,0
CLI01785,Essencial,Anual,Débito automático,Mídia paga,15,39.92,20,7.8,54.4,7,5,0,0,0,0
CLI01786,Premium,Anual,Pix,Mídia paga,45,95.92,20,6.5,43.9,6,7,2,0,0,0
CLI01787,Essencial,Mensal,Boleto,Mídia paga,87,42.42,15,0.6,33.9,4,9,0,0,1,0
CLI01788,Plus,Mensal,Cartão,Mídia paga,74,71.91,10,3.4,13.3,6,7,0,0,0,0
CLI01789,Premium,Mensal,Débito automático,Mídia paga,5,107.91,10,8.9,36.2,4,6,1,0,1,0
CLI01790,Essencial,Mensal,Débito automático,Indicação,36,47.4,5,1.7,13.8,8,8,0,1,0,0
CLI01791,Plus,Mensal,Débito automático,Busca orgânica,15,79.9,0,11.9,43.3,9,5,1,1,1,0
CLI01792,Essencial,Anual,Débito automático,Indicação,10,47.4,5,3.0,17.1,4,8,0,0,0,0
CLI01793,Essencial,Mensal,Pix,Busca orgânica,35,49.9,0,7.5,32.9,2,5,3,0,1,0
CLI01794,Plus,Mensal,Cartão,Mídia paga,10,79.9,0,3.0,19.4,7,10,0,0,0,0
CLI01795,Premium,Mensal,Boleto,Mídia paga,54,119.9,0,2.7,39.7,6,7,0,3,0,1
CLI01796,Essencial,Mensal,Débito automático,Parceiro,36,47.4,5,2.2,34.0,8,6,0,0,0,0
CLI01797,Plus,Mensal,Cartão,Parceiro,47,79.9,0,7.3,50.5,2,7,1,1,1,0
CLI01798,Essencial,Mensal,Boleto,Busca orgânica,31,42.42,15,4.3,17.0,8,8,0,0,0,0
CLI01799,Plus,Mensal,Cartão,Mídia paga,9,67.92,15,8.7,64.4,9,4,2,0,0,0
CLI01800,Plus,Mensal,Cartão,Mídia paga,20,71.91,10,9.4,23.9,6,7,0,0,0,0
CLI01801,Plus,Mensal,Boleto,Parceiro,60,75.9,5,4.0,33.2,9,6,0,0,0,0
CLI01802,Plus,Anual,Débito automático,Indicação,24,63.92,20,10.1,14.3,7,9,0,0,0,0
CLI01803,Essencial,Mensal,Débito automático,Mídia paga,22,49.9,0,0.9,28.2,6,6,0,1,1,0
CLI01804,Plus,Mensal,Débito automático,Busca orgânica,65,71.91,10,10.4,5.9,6,10,0,0,0,0
CLI01805,Plus,Mensal,Pix,Busca orgânica,30,71.91,10,5.7,39.7,6,4,0,1,0,0
CLI01806,Plus,Mensal,Cartão,Mídia paga,56,71.91,10,12.5,55.4,8,5,0,3,1,1
CLI01807,Essencial,Mensal,Débito automático,Busca orgânica,24,42.42,15,3.2,16.3,7,8,0,0,0,0
CLI01808,Essencial,Mensal,Pix,Indicação,12,49.9,0,4.2,15.8,6,9,1,0,0,0
CLI01809,Essencial,Mensal,Pix,Mídia paga,3,44.91,10,5.4,25.7,4,4,2,1,0,0
CLI01810,Essencial,Anual,Pix,Indicação,24,49.9,0,3.6,47.6,12,5,1,1,1,0
CLI01811,Essencial,Mensal,Cartão,Busca orgânica,28,47.4,5,2.2,33.3,12,7,0,0,0,0
CLI01812,Essencial,Anual,Cartão,Mídia paga,53,49.9,0,7.2,20.3,5,7,0,3,0,0
CLI01813,Plus,Anual,Pix,Mídia paga,1,79.9,0,4.2,54.4,11,8,1,0,0,0
CLI01814,Essencial,Anual,Débito automático,Mídia paga,38,47.4,5,4.9,37.0,5,6,0,0,0,0
CLI01815,Premium,Mensal,Cartão,Parceiro,26,107.91,10,3.0,42.2,6,7,1,1,1,0
CLI01816,Plus,Anual,Cartão,Busca orgânica,23,75.9,5,5.0,13.0,4,8,0,0,0,0
CLI01817,Plus,Mensal,Cartão,Indicação,84,63.92,20,9.6,39.8,7,6,1,1,0,0
CLI01818,Plus,Anual,Débito automático,Indicação,36,75.9,5,7.6,44.3,12,7,0,0,0,0
CLI01819,Plus,Mensal,Cartão,Busca orgânica,66,79.9,0,5.9,10.8,5,7,1,1,0,0
CLI01820,Plus,Anual,Pix,Busca orgânica,15,79.9,0,1.4,14.8,8,10,0,0,0,0
CLI01821,Premium,Anual,Débito automático,Parceiro,19,101.92,15,8.6,20.6,4,8,0,0,0,0
CLI01822,Plus,Anual,Cartão,Busca orgânica,53,63.92,20,2.7,37.2,4,4,3,0,1,0
CLI01823,Plus,Mensal,Pix,Busca orgânica,13,71.91,10,5.3,21.9,8,7,0,0,0,0
CLI01824,Plus,Anual,Débito automático,Mídia paga,13,71.91,10,8.6,1.1,7,7,1,0,0,0
CLI01825,Plus,Mensal,Cartão,Mídia paga,11,71.91,10,1.4,2.8,4,6,1,0,1,0
CLI01826,Essencial,Anual,Cartão,Mídia paga,17,44.91,10,0.2,56.3,9,5,0,1,0,0
CLI01827,Plus,Mensal,Cartão,Busca orgânica,31,67.92,15,6.7,32.7,6,8,0,1,0,0
CLI01828,Plus,Anual,Débito automático,Indicação,38,75.9,5,7.2,8.5,2,8,1,0,0,0
CLI01829,Premium,Mensal,Boleto,Mídia paga,29,107.91,10,3.1,57.6,8,7,1,1,1,1
CLI01830,Plus,Mensal,Débito automático,Indicação,21,71.91,10,5.2,33.7,6,7,0,0,0,0
CLI01831,Plus,Mensal,Boleto,Busca orgânica,27,75.9,5,4.6,20.9,8,10,0,0,1,0
CLI01832,Premium,Mensal,Débito automático,Mídia paga,67,113.9,5,2.3,41.2,10,5,0,0,1,0
CLI01833,Essencial,Mensal,Cartão,Busca orgânica,26,49.9,0,2.2,8.6,4,8,0,0,1,0
CLI01834,Essencial,Anual,Cartão,Indicação,19,39.92,20,2.5,5.0,3,7,1,1,1,0
CLI01835,Essencial,Anual,Débito automático,Indicação,3,49.9,0,6.2,49.7,12,6,1,0,1,0
CLI01836,Essencial,Anual,Débito automático,Mídia paga,25,49.9,0,5.0,28.8,3,7,1,0,1,0
CLI01837,Essencial,Anual,Pix,Indicação,52,44.91,10,4.8,28.2,6,7,1,0,0,0
CLI01838,Essencial,Mensal,Pix,Busca orgânica,6,49.9,0,4.7,44.9,9,5,0,0,1,0
CLI01839,Plus,Mensal,Cartão,Mídia paga,9,71.91,10,8.8,27.1,10,6,3,1,0,1
CLI01840,Plus,Mensal,Cartão,Busca orgânica,18,71.91,10,2.1,60.9,13,7,2,3,0,0
CLI01841,Essencial,Mensal,Pix,Mídia paga,16,47.4,5,2.0,6.1,4,7,2,0,0,0
CLI01842,Plus,Mensal,Débito automático,Indicação,28,75.9,5,9.1,20.7,3,8,1,1,0,0
CLI01843,Essencial,Anual,Débito automático,Mídia paga,79,44.91,10,3.1,17.0,6,6,0,0,0,0
CLI01844,Premium,Mensal,Cartão,Indicação,11,119.9,0,6.7,28.7,8,8,1,0,0,0
CLI01845,Essencial,Anual,Débito automático,Busca orgânica,16,44.91,10,1.4,16.1,11,9,0,0,0,0
CLI01846,Plus,Mensal,Cartão,Busca orgânica,23,75.9,5,2.3,20.2,6,8,0,2,0,0
CLI01847,Essencial,Anual,Cartão,Parceiro,15,42.42,15,6.7,40.7,12,7,2,0,1,0
CLI01848,Plus,Mensal,Débito automático,Busca orgânica,28,71.91,10,11.1,3.4,8,8,2,1,0,0
CLI01849,Essencial,Anual,Boleto,Mídia paga,37,47.4,5,2.9,19.5,4,6,2,2,0,0
CLI01850,Plus,Mensal,Boleto,Mídia paga,16,71.91,10,22.2,31.3,11,7,0,0,0,0
CLI01851,Essencial,Mensal,Cartão,Mídia paga,47,49.9,0,3.1,21.3,6,8,0,2,0,0
CLI01852,Premium,Mensal,Cartão,Mídia paga,20,113.9,5,13.5,57.8,13,7,0,0,1,0
CLI01853,Plus,Mensal,Débito automático,Busca orgânica,14,75.9,5,5.8,66.1,11,6,2,0,1,1
CLI01854,Plus,Mensal,Débito automático,Mídia paga,7,71.91,10,3.9,18.1,7,8,2,0,0,0
CLI01855,Premium,Mensal,Pix,Busca orgânica,40,119.9,0,9.3,3.8,4,10,0,0,0,0
CLI01856,Premium,Mensal,Cartão,Parceiro,32,107.91,10,2.6,44.9,8,6,2,0,0,0
CLI01857,Essencial,Anual,Pix,Parceiro,10,49.9,0,7.6,57.1,9,7,1,1,0,0
CLI01858,Essencial,Mensal,Cartão,Indicação,13,49.9,0,2.4,16.4,8,9,0,1,0,0
CLI01859,Essencial,Mensal,Cartão,Parceiro,30,47.4,5,3.4,12.1,3,8,0,2,1,0
CLI01860,Essencial,Anual,Débito automático,Indicação,38,49.9,0,2.2,31.9,8,6,0,0,0,0
CLI01861,Plus,Mensal,Cartão,Mídia paga,33,75.9,5,5.5,14.0,5,8,2,0,0,1
CLI01862,Premium,Anual,Débito automático,Mídia paga,39,113.9,5,5.0,19.1,5,6,2,0,1,0
CLI01863,Premium,Mensal,Pix,Busca orgânica,95,119.9,0,5.8,21.4,6,8,0,0,1,0
CLI01864,Plus,Mensal,Cartão,Indicação,47,63.92,20,3.7,18.5,2,7,1,0,0,0
CLI01865,Plus,Mensal,Cartão,Mídia paga,40,71.91,10,1.0,36.8,4,6,1,0,0,0
CLI01866,Premium,Mensal,Boleto,Busca orgânica,17,113.9,5,8.0,35.7,4,7,1,1,1,1
CLI01867,Premium,Mensal,Pix,Busca orgânica,9,95.92,20,4.1,30.9,6,7,0,0,0,0
CLI01868,Essencial,Anual,Débito automático,Mídia paga,61,49.9,0,5.6,34.9,7,8,0,0,0,0
CLI01869,Plus,Mensal,Cartão,Busca orgânica,18,71.91,10,2.9,5.7,4,7,0,1,0,0
CLI01870,Premium,Anual,Pix,Indicação,35,113.9,5,5.3,43.4,6,9,0,0,0,0
CLI01871,Essencial,Mensal,Boleto,Parceiro,7,42.42,15,4.5,30.0,3,10,0,2,0,0
CLI01872,Essencial,Mensal,Cartão,Mídia paga,5,47.4,5,4.4,22.6,7,5,0,1,1,0
CLI01873,Premium,Anual,Cartão,Mídia paga,47,119.9,0,0.2,3.9,4,10,0,0,0,0
CLI01874,Premium,Anual,Boleto,Busca orgânica,14,119.9,0,3.4,27.5,3,8,0,0,0,0
CLI01875,Premium,Mensal,Cartão,Parceiro,35,119.9,0,5.7,23.0,5,5,2,0,0,0
CLI01876,Plus,Mensal,Cartão,Indicação,14,75.9,5,1.0,17.8,8,8,4,0,0,0
CLI01877,Essencial,Mensal,Boleto,Indicação,37,44.91,10,1.0,5.6,4,10,1,0,0,0
CLI01878,Essencial,Mensal,Cartão,Busca orgânica,24,44.91,10,4.4,12.0,3,9,1,1,0,0
CLI01879,Plus,Anual,Pix,Mídia paga,21,79.9,0,5.7,16.1,6,7,0,0,0,0
CLI01880,Plus,Mensal,Débito automático,Indicação,32,79.9,0,10.5,25.4,6,6,1,1,0,0
CLI01881,Plus,Anual,Débito automático,Busca orgânica,36,79.9,0,8.1,6.2,3,8,0,1,0,0
CLI01882,Plus,Mensal,Cartão,Busca orgânica,15,75.9,5,2.6,8.1,8,7,0,1,1,1
CLI01883,Essencial,Mensal,Cartão,Mídia paga,35,47.4,5,6.7,37.1,9,7,3,0,0,0
CLI01884,Plus,Mensal,Débito automático,Indicação,37,75.9,5,8.3,44.8,7,8,0,1,0,0
CLI01885,Essencial,Mensal,Débito automático,Mídia paga,46,42.42,15,2.6,14.3,4,6,2,0,0,0
CLI01886,Essencial,Mensal,Cartão,Busca orgânica,56,47.4,5,3.2,43.3,7,7,0,0,1,0
CLI01887,Essencial,Anual,Cartão,Busca orgânica,25,44.91,10,3.7,11.0,1,7,0,0,0,0
CLI01888,Essencial,Anual,Pix,Indicação,14,39.92,20,3.2,15.2,13,7,1,0,0,0
CLI01889,Premium,Anual,Cartão,Parceiro,12,107.91,10,8.1,46.6,13,7,0,1,0,0
CLI01890,Essencial,Mensal,Débito automático,Mídia paga,16,44.91,10,0.8,34.9,7,7,1,0,1,1
CLI01891,Essencial,Anual,Boleto,Indicação,17,44.91,10,2.1,44.7,8,6,2,2,0,0
CLI01892,Plus,Anual,Cartão,Busca orgânica,19,75.9,5,1.6,50.0,13,9,1,0,0,0
CLI01893,Plus,Anual,Boleto,Indicação,24,67.92,15,2.8,14.1,3,7,1,2,0,0
CLI01894,Essencial,Mensal,Débito automático,Busca orgânica,29,44.91,10,4.0,25.4,5,7,1,0,0,0
CLI01895,Essencial,Mensal,Débito automático,Mídia paga,30,42.42,15,3.9,7.7,6,5,1,0,0,0
CLI01896,Essencial,Anual,Boleto,Indicação,42,47.4,5,3.9,47.2,7,7,0,0,0,0
CLI01897,Plus,Mensal,Cartão,Parceiro,60,79.9,0,10.7,36.7,7,7,0,1,0,0
CLI01898,Essencial,Mensal,Boleto,Busca orgânica,30,42.42,15,3.6,13.6,5,9,1,1,0,0
CLI01899,Essencial,Mensal,Cartão,Indicação,17,49.9,0,2.8,17.7,1,4,1,1,0,0
CLI01900,Essencial,Mensal,Pix,Indicação,41,39.92,20,3.2,55.2,7,6,0,0,1,0
CLI01901,Plus,Mensal,Pix,Indicação,40,67.92,15,0.7,21.1,5,7,1,0,1,0
CLI01902,Essencial,Anual,Cartão,Mídia paga,16,49.9,0,4.2,22.0,5,9,0,1,0,0
CLI01903,Premium,Anual,Débito automático,Busca orgânica,40,101.92,15,3.7,9.6,4,6,3,0,1,0
CLI01904,Essencial,Mensal,Pix,Mídia paga,2,42.42,15,6.1,33.9,6,9,0,0,0,0
CLI01905,Plus,Mensal,Cartão,Indicação,12,79.9,0,1.6,18.8,6,6,1,0,1,0
CLI01906,Essencial,Anual,Pix,Busca orgânica,10,42.42,15,4.4,25.1,8,9,0,0,0,0
CLI01907,Essencial,Mensal,Cartão,Busca orgânica,12,44.91,10,4.8,40.0,9,8,1,0,0,0
CLI01908,Essencial,Mensal,Cartão,Busca orgânica,42,49.9,0,8.9,24.1,3,7,0,0,1,0
CLI01909,Plus,Mensal,Cartão,Indicação,21,75.9,5,5.6,19.0,6,6,0,0,0,0
CLI01910,Premium,Mensal,Boleto,Indicação,46,101.92,15,13.0,54.1,11,8,0,2,0,0
CLI01911,Essencial,Anual,Débito automático,Parceiro,64,44.91,10,1.7,11.0,7,7,0,0,0,0
CLI01912,Essencial,Mensal,Pix,Mídia paga,62,44.91,10,4.4,33.5,7,5,0,0,0,0
CLI01913,Premium,Anual,Débito automático,Indicação,16,107.91,10,8.5,31.5,5,6,1,0,1,0
CLI01914,Plus,Mensal,Pix,Mídia paga,22,71.91,10,14.6,25.1,4,6,1,0,1,0
CLI01915,Essencial,Anual,Cartão,Busca orgânica,25,49.9,0,5.4,15.8,4,8,0,2,0,0
CLI01916,Essencial,Mensal,Cartão,Mídia paga,70,42.42,15,7.3,86.5,15,6,1,0,0,1
CLI01917,Plus,Mensal,Pix,Parceiro,15,71.91,10,3.4,5.6,5,7,0,0,1,0
CLI01918,Plus,Mensal,Cartão,Indicação,51,63.92,20,5.3,17.2,4,6,0,0,0,0
CLI01919,Plus,Mensal,Débito automático,Parceiro,35,75.9,5,4.3,10.7,3,7,1,0,1,1
CLI01920,Premium,Anual,Cartão,Indicação,3,119.9,0,17.5,24.7,2,10,2,0,1,0
CLI01921,Plus,Anual,Pix,Busca orgânica,20,79.9,0,1.5,14.2,1,8,1,0,0,0
CLI01922,Essencial,Mensal,Cartão,Mídia paga,11,44.91,10,5.0,14.3,4,6,0,0,0,0
CLI01923,Plus,Mensal,Débito automático,Mídia paga,20,75.9,5,2.7,22.3,5,9,1,1,0,1
CLI01924,Essencial,Anual,Boleto,Indicação,3,42.42,15,7.0,23.9,6,6,3,0,0,0
CLI01925,Essencial,Anual,Cartão,Indicação,73,42.42,15,3.7,6.9,2,5,2,0,1,0
CLI01926,Essencial,Mensal,Cartão,Busca orgânica,18,49.9,0,2.6,43.2,8,9,0,0,0,0
CLI01927,Essencial,Mensal,Débito automático,Busca orgânica,20,39.92,20,3.7,26.8,11,7,0,1,0,0
CLI01928,Plus,Mensal,Cartão,Busca orgânica,68,67.92,15,1.2,13.7,5,8,2,0,0,0
CLI01929,Essencial,Anual,Cartão,Indicação,8,49.9,0,6.3,33.1,7,9,0,0,0,0
CLI01930,Essencial,Mensal,Débito automático,Parceiro,36,49.9,0,6.8,4.0,5,6,1,2,0,1
CLI01931,Plus,Anual,Cartão,Mídia paga,14,71.91,10,7.7,28.9,4,7,3,0,1,0
CLI01932,Plus,Mensal,Cartão,Parceiro,5,79.9,0,7.5,33.8,8,6,0,2,0,0
CLI01933,Plus,Mensal,Cartão,Indicação,39,79.9,0,3.7,15.3,5,8,0,0,1,0
CLI01934,Plus,Mensal,Cartão,Indicação,58,75.9,5,1.8,35.9,8,5,1,2,0,0
CLI01935,Plus,Anual,Boleto,Busca orgânica,24,63.92,20,6.2,42.5,7,6,2,1,0,0
CLI01936,Essencial,Mensal,Cartão,Mídia paga,43,42.42,15,1.5,51.3,9,6,0,0,0,0
CLI01937,Plus,Anual,Cartão,Mídia paga,15,79.9,0,1.8,37.0,10,7,1,0,0,0
CLI01938,Plus,Mensal,Débito automático,Indicação,36,71.91,10,5.7,37.9,7,2,2,1,0,0
CLI01939,Essencial,Anual,Débito automático,Mídia paga,26,49.9,0,4.8,37.3,8,10,0,0,0,0
CLI01940,Essencial,Anual,Cartão,Busca orgânica,17,42.42,15,3.7,10.0,3,9,0,0,0,0
CLI01941,Essencial,Anual,Pix,Busca orgânica,11,44.91,10,7.5,6.5,8,10,0,1,0,0
CLI01942,Essencial,Mensal,Pix,Busca orgânica,57,49.9,0,5.4,15.6,5,8,1,1,0,0
CLI01943,Essencial,Anual,Cartão,Indicação,26,39.92,20,0.6,13.6,4,8,1,0,0,0
CLI01944,Essencial,Mensal,Cartão,Indicação,19,49.9,0,1.4,16.1,5,7,0,0,1,0
CLI01945,Premium,Mensal,Débito automático,Parceiro,21,119.9,0,16.0,49.0,12,9,1,0,0,0
CLI01946,Premium,Anual,Cartão,Mídia paga,37,119.9,0,7.9,18.3,7,8,0,0,0,0
CLI01947,Essencial,Anual,Cartão,Indicação,42,49.9,0,3.9,5.2,3,9,1,1,0,0
CLI01948,Premium,Mensal,Pix,Busca orgânica,26,119.9,0,1.5,58.6,13,6,2,1,0,0
CLI01949,Essencial,Anual,Cartão,Indicação,35,39.92,20,4.7,24.6,6,8,1,1,0,0
CLI01950,Premium,Mensal,Cartão,Parceiro,20,113.9,5,4.8,30.0,6,7,1,0,1,0
CLI01951,Premium,Anual,Cartão,Mídia paga,22,107.91,10,4.0,12.9,7,4,2,0,0,0
CLI01952,Essencial,Anual,Débito automático,Busca orgânica,39,49.9,0,1.7,17.6,4,10,1,0,0,0
CLI01953,Plus,Anual,Débito automático,Parceiro,19,79.9,0,2.9,12.1,9,9,0,0,0,0
CLI01954,Premium,Anual,Cartão,Busca orgânica,10,113.9,5,6.3,27.8,6,5,1,2,0,0
CLI01955,Premium,Anual,Cartão,Mídia paga,38,107.91,10,3.4,15.3,4,9,1,1,0,0
CLI01956,Premium,Mensal,Boleto,Busca orgânica,33,107.91,10,7.8,63.8,9,7,0,0,0,0
CLI01957,Plus,Mensal,Débito automático,Mídia paga,47,75.9,5,2.4,46.7,12,7,1,0,0,0
CLI01958,Essencial,Mensal,Débito automático,Parceiro,37,49.9,0,5.9,37.3,9,6,1,1,1,1
CLI01959,Premium,Anual,Cartão,Busca orgânica,33,113.9,5,14.2,36.9,11,5,2,0,1,0
CLI01960,Plus,Mensal,Cartão,Indicação,9,71.91,10,4.2,14.8,9,8,0,1,1,0
CLI01961,Plus,Anual,Cartão,Indicação,25,79.9,0,6.7,22.7,7,7,2,0,0,0
CLI01962,Essencial,Mensal,Débito automático,Busca orgânica,17,44.91,10,0.4,12.4,7,9,0,0,0,0
CLI01963,Plus,Anual,Boleto,Indicação,37,63.92,20,2.0,11.0,7,6,0,0,0,0
CLI01964,Essencial,Mensal,Cartão,Busca orgânica,73,49.9,0,1.3,59.1,11,6,1,1,1,0
CLI01965,Plus,Anual,Débito automático,Busca orgânica,41,79.9,0,2.0,44.6,11,7,0,0,0,0
CLI01966,Essencial,Anual,Débito automático,Indicação,8,47.4,5,1.3,7.5,4,7,1,2,0,0
CLI01967,Plus,Mensal,Débito automático,Parceiro,31,71.91,10,7.1,35.1,4,6,1,1,0,0
CLI01968,Premium,Anual,Cartão,Indicação,17,113.9,5,1.1,7.4,6,5,0,1,0,0
CLI01969,Plus,Mensal,Cartão,Indicação,40,79.9,0,17.1,23.6,8,6,2,2,1,0
CLI01970,Plus,Anual,Boleto,Indicação,44,71.91,10,6.0,10.4,4,4,2,0,0,0
CLI01971,Essencial,Anual,Cartão,Parceiro,25,47.4,5,5.2,19.8,3,7,0,2,1,1
CLI01972,Premium,Mensal,Cartão,Busca orgânica,19,107.91,10,2.9,38.0,6,5,1,0,1,1
CLI01973,Plus,Mensal,Cartão,Indicação,33,79.9,0,3.9,8.1,6,6,1,0,1,0
CLI01974,Essencial,Mensal,Pix,Indicação,16,39.92,20,5.4,29.4,8,10,0,0,0,0
CLI01975,Essencial,Mensal,Cartão,Busca orgânica,45,49.9,0,6.0,21.2,5,8,0,1,0,0
CLI01976,Essencial,Anual,Pix,Parceiro,38,39.92,20,4.0,7.2,3,8,0,1,0,0
CLI01977,Plus,Mensal,Boleto,Busca orgânica,19,79.9,0,3.1,20.1,8,6,1,0,0,1
CLI01978,Premium,Anual,Pix,Busca orgânica,11,119.9,0,12.5,30.8,7,8,0,0,0,0
CLI01979,Plus,Anual,Boleto,Busca orgânica,30,79.9,0,2.6,40.1,6,7,0,2,0,0
CLI01980,Essencial,Anual,Boleto,Indicação,51,42.42,15,2.2,7.2,3,7,0,0,0,0
CLI01981,Premium,Mensal,Débito automático,Busca orgânica,43,107.91,10,2.4,35.0,9,6,3,0,0,0
CLI01982,Essencial,Mensal,Pix,Busca orgânica,10,47.4,5,4.5,30.2,11,6,1,0,0,0
CLI01983,Premium,Anual,Débito automático,Mídia paga,35,95.92,20,4.6,6.5,4,6,2,0,1,0
CLI01984,Essencial,Anual,Pix,Indicação,38,49.9,0,3.4,34.4,7,6,1,0,0,0
CLI01985,Plus,Anual,Cartão,Indicação,22,79.9,0,2.6,15.9,4,10,0,0,0,0
CLI01986,Premium,Mensal,Boleto,Mídia paga,26,119.9,0,6.8,50.5,3,7,0,1,0,1
CLI01987,Essencial,Mensal,Pix,Mídia paga,42,47.4,5,5.8,4.3,3,9,0,0,0,0
CLI01988,Plus,Anual,Boleto,Busca orgânica,28,79.9,0,3.2,6.3,5,8,1,0,0,0
CLI01989,Premium,Anual,Cartão,Mídia paga,4,119.9,0,8.0,67.1,9,8,0,0,0,0
CLI01990,Essencial,Mensal,Cartão,Mídia paga,14,49.9,0,3.3,15.7,7,10,0,1,0,0
CLI01991,Essencial,Anual,Débito automático,Parceiro,19,47.4,5,4.6,29.4,5,5,0,0,0,0
CLI01992,Plus,Mensal,Pix,Busca orgânica,14,79.9,0,7.2,19.5,4,6,0,0,0,1
CLI01993,Essencial,Mensal,Cartão,Parceiro,45,49.9,0,1.1,52.9,8,6,0,0,0,0
CLI01994,Essencial,Mensal,Débito automático,Mídia paga,34,44.91,10,5.5,29.6,4,5,0,0,1,0
CLI01995,Plus,Mensal,Pix,Mídia paga,9,79.9,0,4.7,14.1,3,9,1,0,0,1
CLI01996,Plus,Mensal,Cartão,Mídia paga,34,79.9,0,7.4,41.1,8,6,1,0,0,0
CLI01997,Essencial,Mensal,Débito automático,Indicação,47,47.4,5,0.4,17.1,4,9,1,1,0,0
CLI01998,Essencial,Mensal,Cartão,Mídia paga,22,39.92,20,4.6,63.2,11,7,0,0,0,1
CLI01999,Premium,Mensal,Pix,Mídia paga,32,101.92,15,3.8,19.4,4,5,2,0,1,0
CLI02000,Plus,Mensal,Cartão,Parceiro,28,67.92,15,5.5,4.0,5,9,0,0,0,0
CLI02001,Premium,Mensal,Cartão,Busca orgânica,11,107.91,10,8.4,30.7,3,8,0,3,0,1
CLI02002,Essencial,Anual,Boleto,Parceiro,34,49.9,0,9.6,38.8,4,6,1,0,0,0
CLI02003,Premium,Anual,Cartão,Indicação,17,107.91,10,7.0,32.7,8,6,3,0,1,0
CLI02004,Plus,Mensal,Débito automático,Parceiro,63,71.91,10,4.9,29.9,8,7,2,0,0,0
CLI02005,Essencial,Mensal,Pix,Mídia paga,10,49.9,0,1.4,15.5,4,7,0,0,1,0
CLI02006,Premium,Anual,Cartão,Mídia paga,25,95.92,20,5.8,45.5,15,6,1,0,1,0
CLI02007,Plus,Anual,Boleto,Mídia paga,49,67.92,15,2.3,61.7,8,7,1,0,0,0
CLI02008,Essencial,Anual,Cartão,Parceiro,19,47.4,5,4.9,10.5,2,8,0,0,0,0
CLI02009,Essencial,Anual,Pix,Indicação,33,47.4,5,4.5,6.0,4,9,0,0,0,0
CLI02010,Plus,Mensal,Débito automático,Busca orgânica,96,71.91,10,7.9,69.3,7,2,1,0,0,0
CLI02011,Essencial,Anual,Débito automático,Mídia paga,47,39.92,20,2.6,16.1,6,8,1,0,0,0
CLI02012,Essencial,Mensal,Cartão,Indicação,34,49.9,0,1.0,6.5,3,6,0,1,0,0
CLI02013,Essencial,Anual,Débito automático,Mídia paga,43,49.9,0,2.6,22.7,3,7,1,0,0,0
CLI02014,Essencial,Anual,Boleto,Busca orgânica,36,44.91,10,3.5,0.7,2,7,0,0,0,0
CLI02015,Essencial,Anual,Pix,Mídia paga,13,49.9,0,8.4,30.8,7,9,0,0,1,0
CLI02016,Plus,Mensal,Débito automático,Parceiro,33,79.9,0,12.8,5.9,2,9,1,0,0,0
CLI02017,Essencial,Mensal,Cartão,Busca orgânica,91,47.4,5,1.9,34.3,9,3,3,1,0,0
CLI02018,Essencial,Mensal,Cartão,Mídia paga,56,44.91,10,3.2,70.0,5,6,0,0,0,0
CLI02019,Plus,Mensal,Cartão,Busca orgânica,21,79.9,0,1.7,2.1,5,10,1,0,0,0
CLI02020,Essencial,Anual,Cartão,Mídia paga,23,47.4,5,0.9,24.3,6,6,0,0,0,0
CLI02021,Plus,Anual,Débito automático,Indicação,95,75.9,5,8.6,13.1,6,8,1,0,0,0
CLI02022,Essencial,Mensal,Cartão,Busca orgânica,25,49.9,0,0.9,10.5,4,6,3,0,1,0
CLI02023,Essencial,Anual,Cartão,Busca orgânica,19,49.9,0,5.8,16.9,7,7,0,0,0,0
CLI02024,Essencial,Mensal,Cartão,Indicação,14,49.9,0,5.7,17.8,5,6,3,1,0,0
CLI02025,Essencial,Mensal,Cartão,Mídia paga,29,49.9,0,1.9,20.8,6,7,0,0,0,0
CLI02026,Essencial,Mensal,Pix,Indicação,18,49.9,0,1.6,41.5,10,9,0,0,0,0
CLI02027,Plus,Mensal,Pix,Parceiro,28,75.9,5,4.0,22.7,3,7,2,0,0,0
CLI02028,Essencial,Anual,Cartão,Mídia paga,34,39.92,20,3.4,22.4,2,8,1,1,0,0
CLI02029,Plus,Anual,Cartão,Mídia paga,60,79.9,0,4.9,4.5,8,9,0,1,0,0
CLI02030,Plus,Anual,Cartão,Parceiro,22,67.92,15,3.4,43.8,11,6,0,0,1,0
CLI02031,Essencial,Mensal,Pix,Parceiro,4,47.4,5,0.7,2.8,8,7,0,2,1,0
CLI02032,Plus,Anual,Cartão,Mídia paga,22,71.91,10,5.3,24.1,5,7,0,2,1,1
CLI02033,Essencial,Mensal,Débito automático,Mídia paga,22,47.4,5,6.7,54.4,7,7,0,0,1,0
CLI02034,Essencial,Mensal,Pix,Busca orgânica,21,39.92,20,3.0,41.5,10,4,2,1,0,0
CLI02035,Essencial,Mensal,Cartão,Mídia paga,25,44.91,10,2.4,17.9,10,9,1,0,1,0
CLI02036,Plus,Anual,Cartão,Mídia paga,5,75.9,5,11.3,12.4,9,7,0,2,1,0
CLI02037,Premium,Anual,Cartão,Busca orgânica,10,119.9,0,3.5,23.8,9,6,0,2,0,0
CLI02038,Essencial,Mensal,Cartão,Busca orgânica,20,42.42,15,3.3,61.4,9,4,1,1,0,1
CLI02039,Plus,Anual,Cartão,Indicação,47,63.92,20,9.9,15.2,3,9,0,1,0,0
CLI02040,Plus,Mensal,Boleto,Mídia paga,26,79.9,0,5.5,19.0,7,7,0,0,1,0
CLI02041,Essencial,Mensal,Cartão,Mídia paga,38,49.9,0,7.3,20.8,6,7,1,0,0,0
CLI02042,Plus,Anual,Cartão,Indicação,9,63.92,20,3.7,0.5,1,9,0,0,1,0
CLI02043,Plus,Anual,Débito automático,Indicação,15,71.91,10,9.8,50.3,7,6,0,1,0,0
CLI02044,Premium,Anual,Boleto,Parceiro,1,119.9,0,7.8,34.8,9,7,0,1,0,0
CLI02045,Premium,Anual,Cartão,Indicação,5,119.9,0,9.8,26.9,7,4,1,0,0,0
CLI02046,Essencial,Mensal,Pix,Mídia paga,86,44.91,10,2.3,22.8,7,6,0,0,0,0
CLI02047,Essencial,Anual,Cartão,Busca orgânica,9,42.42,15,3.8,17.2,7,8,1,0,0,0
CLI02048,Plus,Anual,Débito automático,Busca orgânica,12,79.9,0,4.2,31.6,6,5,1,0,1,0
CLI02049,Essencial,Mensal,Pix,Indicação,14,49.9,0,2.9,21.8,8,9,0,0,1,0
CLI02050,Essencial,Mensal,Pix,Indicação,70,49.9,0,4.3,9.2,3,6,1,1,0,1
CLI02051,Premium,Mensal,Cartão,Mídia paga,9,95.92,20,5.4,6.5,8,6,1,0,1,0
CLI02052,Essencial,Anual,Cartão,Busca orgânica,23,39.92,20,1.6,30.1,9,9,0,0,0,0
CLI02053,Essencial,Anual,Débito automático,Mídia paga,15,44.91,10,0.8,6.4,6,7,1,0,0,0
CLI02054,Premium,Anual,Cartão,Parceiro,18,113.9,5,4.3,17.4,5,8,1,0,0,0
CLI02055,Essencial,Mensal,Pix,Mídia paga,7,47.4,5,4.6,21.2,4,8,0,0,1,0
CLI02056,Plus,Mensal,Cartão,Busca orgânica,16,71.91,10,6.5,53.5,15,6,1,0,1,0
CLI02057,Premium,Mensal,Débito automático,Busca orgânica,39,101.92,15,10.7,20.3,7,9,1,0,1,0
CLI02058,Plus,Mensal,Cartão,Indicação,23,71.91,10,2.0,13.4,5,9,0,0,0,0
CLI02059,Essencial,Mensal,Boleto,Mídia paga,33,44.91,10,2.7,29.4,12,8,0,2,0,0
CLI02060,Essencial,Mensal,Pix,Busca orgânica,10,39.92,20,1.4,59.0,12,7,0,0,0,0
CLI02061,Premium,Mensal,Cartão,Mídia paga,43,119.9,0,4.8,15.1,4,9,1,0,0,0
CLI02062,Essencial,Mensal,Cartão,Mídia paga,24,44.91,10,2.8,4.9,6,6,0,0,0,0
CLI02063,Plus,Anual,Pix,Indicação,18,63.92,20,7.7,19.9,5,7,0,0,0,0
CLI02064,Essencial,Mensal,Cartão,Busca orgânica,20,49.9,0,4.4,8.5,2,9,0,0,1,1
CLI02065,Essencial,Mensal,Cartão,Mídia paga,27,49.9,0,2.8,4.5,3,5,2,0,0,0
CLI02066,Premium,Mensal,Cartão,Mídia paga,26,119.9,0,1.8,2.7,1,10,0,0,0,0
CLI02067,Plus,Anual,Cartão,Busca orgânica,60,67.92,15,2.8,20.3,5,4,1,0,0,1
CLI02068,Premium,Anual,Débito automático,Mídia paga,28,107.91,10,5.3,21.4,8,6,3,1,0,0
CLI02069,Essencial,Anual,Cartão,Indicação,27,44.91,10,8.4,32.8,11,6,0,1,0,0
CLI02070,Plus,Anual,Débito automático,Parceiro,22,71.91,10,6.0,27.5,8,9,0,0,0,0
CLI02071,Premium,Anual,Débito automático,Mídia paga,31,113.9,5,3.4,12.1,6,7,2,0,0,0
CLI02072,Essencial,Anual,Débito automático,Mídia paga,46,49.9,0,1.6,59.3,12,2,1,0,1,1
CLI02073,Essencial,Mensal,Cartão,Busca orgânica,4,49.9,0,3.0,23.5,8,8,1,0,0,0
CLI02074,Premium,Mensal,Pix,Parceiro,4,119.9,0,4.1,46.0,12,8,1,0,0,0
CLI02075,Essencial,Mensal,Débito automático,Mídia paga,22,39.92,20,1.7,34.3,9,7,0,0,1,0
CLI02076,Plus,Mensal,Cartão,Indicação,14,67.92,15,3.1,11.2,5,7,1,0,0,0
CLI02077,Premium,Mensal,Cartão,Mídia paga,26,119.9,0,5.3,15.5,8,8,3,0,0,0
CLI02078,Essencial,Mensal,Cartão,Busca orgânica,26,49.9,0,6.2,17.8,4,6,2,0,1,0
CLI02079,Essencial,Mensal,Cartão,Mídia paga,22,47.4,5,5.3,32.2,4,7,2,0,1,0
CLI02080,Essencial,Mensal,Cartão,Mídia paga,54,44.91,10,4.6,31.1,6,8,1,0,0,0
CLI02081,Essencial,Mensal,Cartão,Busca orgânica,13,49.9,0,5.5,36.2,6,8,0,2,1,1
CLI02082,Essencial,Mensal,Pix,Busca orgânica,15,49.9,0,4.5,19.8,0,9,0,0,0,0
CLI02083,Plus,Mensal,Pix,Mídia paga,64,71.91,10,8.8,37.1,7,6,0,0,0,0
CLI02084,Essencial,Mensal,Cartão,Mídia paga,9,44.91,10,1.8,26.9,9,7,1,3,0,1
CLI02085,Plus,Anual,Boleto,Busca orgânica,21,75.9,5,1.9,11.0,9,7,2,0,0,1
CLI02086,Essencial,Mensal,Cartão,Mídia paga,19,49.9,0,3.7,15.7,2,6,2,0,1,0
CLI02087,Essencial,Mensal,Cartão,Busca orgânica,35,47.4,5,5.1,34.5,12,8,2,0,0,0
CLI02088,Essencial,Mensal,Cartão,Busca orgânica,24,44.91,10,3.3,8.5,3,7,1,0,0,0
CLI02089,Plus,Mensal,Cartão,Parceiro,8,79.9,0,2.7,23.7,4,5,2,0,1,1
CLI02090,Plus,Mensal,Pix,Mídia paga,17,79.9,0,6.7,24.9,8,6,1,0,1,0
CLI02091,Essencial,Mensal,Cartão,Indicação,15,47.4,5,3.7,1.2,6,9,0,2,0,0
CLI02092,Premium,Mensal,Débito automático,Busca orgânica,39,107.91,10,4.5,33.9,9,7,2,1,0,1
CLI02093,Plus,Anual,Débito automático,Busca orgânica,64,79.9,0,3.4,11.9,6,7,1,0,1,0
CLI02094,Essencial,Anual,Cartão,Indicação,54,49.9,0,0.7,59.3,8,7,0,1,0,0
CLI02095,Premium,Mensal,Débito automático,Parceiro,23,119.9,0,2.4,9.4,5,7,2,0,0,1
CLI02096,Essencial,Mensal,Pix,Indicação,47,42.42,15,1.2,43.5,11,9,0,0,0,0
CLI02097,Essencial,Anual,Débito automático,Busca orgânica,48,39.92,20,1.0,11.5,5,6,1,0,0,0
CLI02098,Plus,Mensal,Cartão,Mídia paga,73,75.9,5,7.2,18.5,9,9,0,0,0,0
CLI02099,Essencial,Anual,Pix,Indicação,1,47.4,5,0.5,53.7,6,4,0,0,0,0
CLI02100,Essencial,Mensal,Cartão,Busca orgânica,18,44.91,10,0.5,51.0,13,0,5,0,0,1
CLI02101,Plus,Mensal,Cartão,Mídia paga,38,63.92,20,14.9,30.0,7,6,0,0,1,0
CLI02102,Essencial,Mensal,Débito automático,Busca orgânica,14,44.91,10,2.5,31.4,4,7,0,0,0,0
CLI02103,Plus,Anual,Cartão,Busca orgânica,8,79.9,0,2.0,24.3,4,7,0,0,0,0
CLI02104,Premium,Anual,Cartão,Mídia paga,10,113.9,5,20.7,42.0,9,6,2,1,1,0
CLI02105,Plus,Anual,Cartão,Parceiro,32,79.9,0,2.5,64.1,12,5,1,0,1,0
CLI02106,Plus,Mensal,Débito automático,Mídia paga,15,79.9,0,7.5,27.5,5,6,1,0,1,0
CLI02107,Plus,Anual,Cartão,Indicação,10,71.91,10,3.8,2.9,3,8,0,1,1,0
CLI02108,Premium,Mensal,Cartão,Mídia paga,65,107.91,10,1.9,18.2,8,6,3,0,0,0
CLI02109,Essencial,Mensal,Pix,Mídia paga,31,47.4,5,0.3,18.0,5,8,1,1,0,0
CLI02110,Essencial,Anual,Cartão,Busca orgânica,58,47.4,5,2.8,36.0,6,6,2,0,0,0
CLI02111,Plus,Anual,Cartão,Busca orgânica,19,79.9,0,2.5,63.0,10,9,2,1,1,0
CLI02112,Plus,Mensal,Débito automático,Mídia paga,44,63.92,20,4.0,21.8,5,6,1,0,0,0
CLI02113,Essencial,Mensal,Boleto,Busca orgânica,11,49.9,0,5.2,49.2,10,5,1,0,0,0
CLI02114,Plus,Mensal,Débito automático,Parceiro,15,79.9,0,5.6,42.6,4,3,1,2,0,1
CLI02115,Essencial,Mensal,Cartão,Indicação,18,39.92,20,6.6,4.7,14,7,1,2,0,0
CLI02116,Premium,Mensal,Cartão,Indicação,15,113.9,5,1.9,26.9,5,8,1,0,0,0
CLI02117,Essencial,Anual,Débito automático,Parceiro,9,49.9,0,2.6,24.4,10,8,0,0,0,0
CLI02118,Essencial,Mensal,Cartão,Parceiro,16,44.91,10,8.6,11.6,8,8,1,1,1,0
CLI02119,Essencial,Anual,Débito automático,Busca orgânica,6,44.91,10,0.8,19.8,8,9,2,0,0,0
CLI02120,Essencial,Mensal,Pix,Mídia paga,26,44.91,10,1.8,34.0,5,7,0,2,0,1
CLI02121,Essencial,Mensal,Débito automático,Mídia paga,51,44.91,10,3.0,27.8,8,8,1,0,0,0
CLI02122,Essencial,Mensal,Cartão,Busca orgânica,14,42.42,15,0.3,21.1,6,6,0,1,0,0
CLI02123,Essencial,Mensal,Boleto,Mídia paga,22,44.91,10,5.8,16.5,10,8,0,0,0,0
CLI02124,Essencial,Mensal,Cartão,Mídia paga,48,44.91,10,9.3,24.6,5,8,1,0,0,0
CLI02125,Essencial,Anual,Débito automático,Busca orgânica,66,42.42,15,2.5,25.3,3,6,0,0,0,0
CLI02126,Essencial,Anual,Cartão,Parceiro,45,49.9,0,3.6,44.3,5,7,0,1,1,0
CLI02127,Essencial,Mensal,Pix,Parceiro,26,49.9,0,2.6,17.5,3,8,0,0,0,0
CLI02128,Essencial,Mensal,Cartão,Busca orgânica,35,49.9,0,4.8,57.0,7,6,1,1,0,1
CLI02129,Essencial,Anual,Cartão,Indicação,38,49.9,0,3.4,7.5,4,7,0,2,0,0
CLI02130,Essencial,Mensal,Cartão,Parceiro,36,47.4,5,8.7,26.2,9,7,0,1,0,0
CLI02131,Essencial,Anual,Cartão,Busca orgânica,15,49.9,0,3.1,25.2,5,6,2,0,1,0
CLI02132,Plus,Anual,Boleto,Indicação,42,71.91,10,7.9,7.4,6,7,0,2,1,0
CLI02133,Premium,Anual,Débito automático,Mídia paga,50,95.92,20,6.3,35.3,6,9,1,0,0,0
CLI02134,Premium,Mensal,Débito automático,Mídia paga,2,113.9,5,2.4,38.3,9,8,1,0,0,0
CLI02135,Plus,Anual,Cartão,Indicação,18,75.9,5,8.2,51.0,13,6,0,0,0,0
CLI02136,Plus,Mensal,Cartão,Busca orgânica,33,63.92,20,1.5,27.9,4,7,1,0,0,0
CLI02137,Essencial,Mensal,Cartão,Mídia paga,29,49.9,0,4.5,2.5,2,9,1,0,0,0
CLI02138,Plus,Anual,Cartão,Parceiro,34,75.9,5,4.3,16.8,8,8,0,0,0,0
CLI02139,Plus,Mensal,Pix,Busca orgânica,10,63.92,20,4.2,49.9,10,5,2,0,1,1
CLI02140,Premium,Anual,Débito automático,Indicação,2,119.9,0,10.5,38.7,10,9,1,0,0,0
CLI02141,Premium,Mensal,Cartão,Busca orgânica,27,101.92,15,12.2,35.1,9,6,0,0,1,0
CLI02142,Essencial,Mensal,Cartão,Busca orgânica,23,47.4,5,4.5,19.7,3,7,0,0,0,0
CLI02143,Plus,Anual,Cartão,Busca orgânica,50,75.9,5,10.4,18.0,4,5,0,0,1,1
CLI02144,Plus,Anual,Cartão,Mídia paga,34,67.92,15,3.6,7.5,4,6,1,0,1,0
CLI02145,Essencial,Mensal,Cartão,Indicação,3,39.92,20,2.6,39.5,8,5,0,1,1,0
CLI02146,Premium,Anual,Cartão,Mídia paga,34,119.9,0,1.6,43.4,9,6,0,1,0,0
CLI02147,Essencial,Mensal,Cartão,Mídia paga,59,49.9,0,2.6,26.9,12,5,0,0,1,0
CLI02148,Premium,Anual,Cartão,Mídia paga,48,119.9,0,4.3,45.2,10,8,1,1,1,0
CLI02149,Plus,Anual,Débito automático,Busca orgânica,34,75.9,5,4.5,8.9,4,7,0,1,0,0
CLI02150,Essencial,Anual,Boleto,Mídia paga,17,49.9,0,3.4,61.0,11,5,1,2,0,1
CLI02151,Plus,Mensal,Cartão,Busca orgânica,21,79.9,0,4.8,0.8,3,8,0,2,1,0
CLI02152,Essencial,Mensal,Cartão,Busca orgânica,21,44.91,10,2.1,20.3,5,6,1,0,0,0
CLI02153,Plus,Anual,Cartão,Mídia paga,38,71.91,10,4.8,7.5,5,10,1,0,0,0
CLI02154,Plus,Mensal,Débito automático,Mídia paga,36,63.92,20,4.9,49.6,14,6,1,0,0,0
CLI02155,Plus,Mensal,Pix,Mídia paga,26,79.9,0,8.3,10.9,5,8,0,0,0,0
CLI02156,Premium,Anual,Pix,Indicação,46,95.92,20,2.1,5.7,2,7,0,0,0,0
CLI02157,Essencial,Anual,Pix,Mídia paga,14,49.9,0,2.4,1.2,3,10,1,0,1,0
CLI02158,Essencial,Anual,Boleto,Busca orgânica,44,42.42,15,1.7,8.3,9,10,0,0,0,0
CLI02159,Essencial,Anual,Cartão,Mídia paga,67,44.91,10,5.8,14.1,4,6,0,0,0,0
CLI02160,Essencial,Anual,Cartão,Busca orgânica,55,47.4,5,0.7,6.3,5,8,1,0,0,0
CLI02161,Essencial,Mensal,Cartão,Mídia paga,44,39.92,20,6.2,5.9,8,6,0,0,0,0
CLI02162,Essencial,Mensal,Pix,Parceiro,16,49.9,0,1.4,11.3,8,8,3,0,0,0
CLI02163,Essencial,Anual,Cartão,Busca orgânica,31,44.91,10,6.3,16.0,4,5,2,2,0,0
CLI02164,Essencial,Anual,Boleto,Mídia paga,37,44.91,10,1.8,46.8,8,7,1,0,0,0
CLI02165,Premium,Mensal,Débito automático,Mídia paga,29,119.9,0,8.7,42.6,4,6,1,0,0,0
CLI02166,Essencial,Mensal,Boleto,Mídia paga,37,49.9,0,1.7,33.2,9,5,1,0,0,0
CLI02167,Premium,Mensal,Boleto,Busca orgânica,80,113.9,5,7.2,37.4,3,10,2,0,0,0
CLI02168,Essencial,Anual,Pix,Busca orgânica,54,49.9,0,3.6,51.8,11,7,0,0,0,0
CLI02169,Essencial,Mensal,Débito automático,Indicação,71,39.92,20,1.9,17.8,8,8,1,0,0,0
CLI02170,Plus,Anual,Débito automático,Indicação,52,79.9,0,4.3,21.3,8,7,0,0,0,0
CLI02171,Essencial,Anual,Cartão,Mídia paga,21,47.4,5,2.2,46.5,10,7,0,0,0,0
CLI02172,Essencial,Mensal,Débito automático,Indicação,11,47.4,5,1.6,9.1,3,7,1,0,0,0
CLI02173,Plus,Mensal,Boleto,Busca orgânica,21,75.9,5,17.9,16.0,6,6,1,0,1,0
CLI02174,Essencial,Mensal,Débito automático,Parceiro,28,49.9,0,0.3,13.1,15,5,0,0,0,0
CLI02175,Essencial,Mensal,Débito automático,Mídia paga,50,47.4,5,3.9,23.4,7,8,0,0,1,0
CLI02176,Plus,Mensal,Cartão,Indicação,45,67.92,15,3.5,11.3,4,8,1,0,0,0
CLI02177,Essencial,Mensal,Débito automático,Mídia paga,14,49.9,0,2.3,17.7,4,5,2,2,1,0
CLI02178,Premium,Anual,Cartão,Indicação,30,119.9,0,4.8,36.6,5,8,0,1,0,0
CLI02179,Essencial,Mensal,Pix,Mídia paga,60,39.92,20,3.5,63.2,14,4,1,0,0,0
CLI02180,Premium,Mensal,Débito automático,Indicação,14,101.92,15,18.0,40.1,2,5,0,0,0,0
CLI02181,Plus,Mensal,Pix,Indicação,24,75.9,5,5.6,23.1,6,6,1,0,1,0
CLI02182,Premium,Anual,Cartão,Parceiro,20,101.92,15,4.1,15.7,4,8,1,0,0,0
CLI02183,Premium,Mensal,Débito automático,Busca orgânica,47,95.92,20,4.3,44.6,12,5,4,1,0,1
CLI02184,Essencial,Mensal,Cartão,Indicação,73,49.9,0,0.9,22.6,5,5,0,0,1,0
CLI02185,Plus,Anual,Cartão,Indicação,19,79.9,0,2.7,22.8,5,7,0,1,1,0
CLI02186,Essencial,Mensal,Cartão,Busca orgânica,16,47.4,5,3.9,42.2,13,7,2,0,1,0
CLI02187,Plus,Mensal,Pix,Mídia paga,9,71.91,10,6.6,52.7,5,8,0,1,0,0
CLI02188,Plus,Mensal,Cartão,Indicação,27,67.92,15,15.7,44.2,12,5,0,0,0,0
CLI02189,Essencial,Anual,Cartão,Indicação,49,47.4,5,4.1,49.8,7,6,2,0,0,0
CLI02190,Premium,Anual,Débito automático,Mídia paga,6,119.9,0,4.6,0.8,5,10,0,0,1,0
CLI02191,Essencial,Mensal,Cartão,Busca orgânica,25,49.9,0,3.2,11.7,5,7,1,0,0,0
CLI02192,Plus,Anual,Boleto,Indicação,34,67.92,15,8.7,11.6,4,9,0,0,0,0
CLI02193,Plus,Anual,Pix,Indicação,45,75.9,5,7.3,41.7,12,5,1,0,1,0
CLI02194,Essencial,Anual,Cartão,Parceiro,32,49.9,0,2.4,24.0,12,6,0,0,0,0
CLI02195,Plus,Anual,Débito automático,Busca orgânica,11,71.91,10,3.5,40.0,12,6,0,1,0,0
CLI02196,Plus,Anual,Cartão,Mídia paga,17,71.91,10,9.5,29.1,8,7,0,0,0,0
CLI02197,Essencial,Mensal,Boleto,Mídia paga,64,47.4,5,2.6,9.7,5,8,1,1,0,0
CLI02198,Plus,Mensal,Cartão,Busca orgânica,40,67.92,15,2.6,45.7,13,6,0,0,1,0
CLI02199,Essencial,Anual,Débito automático,Mídia paga,19,49.9,0,4.6,27.7,4,7,1,0,0,0
CLI02200,Plus,Mensal,Pix,Parceiro,24,71.91,10,8.4,25.0,7,9,0,0,1,0
CLI02201,Essencial,Mensal,Débito automático,Mídia paga,12,49.9,0,1.9,10.6,6,8,2,0,1,0
CLI02202,Premium,Anual,Cartão,Mídia paga,5,113.9,5,11.8,0.8,5,7,1,0,0,0
CLI02203,Premium,Anual,Pix,Indicação,26,95.92,20,15.8,28.8,7,6,2,0,0,0
CLI02204,Essencial,Anual,Cartão,Busca orgânica,16,44.91,10,4.9,33.4,7,8,1,1,1,0
CLI02205,Essencial,Anual,Débito automático,Mídia paga,34,47.4,5,0.7,27.0,5,8,1,0,0,0
CLI02206,Plus,Mensal,Cartão,Indicação,84,75.9,5,4.4,8.1,9,9,1,0,0,0
CLI02207,Plus,Anual,Cartão,Indicação,33,71.91,10,10.3,37.8,6,6,1,2,0,0
CLI02208,Essencial,Anual,Débito automático,Indicação,33,44.91,10,5.8,26.1,6,7,1,0,0,0
CLI02209,Essencial,Mensal,Pix,Busca orgânica,48,44.91,10,0.2,12.0,3,5,2,1,0,0
CLI02210,Essencial,Mensal,Débito automático,Mídia paga,9,44.91,10,3.8,46.5,6,6,0,1,0,0
CLI02211,Premium,Anual,Débito automático,Indicação,37,119.9,0,7.8,45.5,9,7,3,0,1,0
CLI02212,Essencial,Mensal,Cartão,Mídia paga,12,49.9,0,5.8,25.5,5,6,1,1,0,1
CLI02213,Premium,Mensal,Débito automático,Indicação,48,113.9,5,3.2,18.4,12,7,1,0,1,0
CLI02214,Plus,Mensal,Cartão,Mídia paga,33,75.9,5,6.8,16.8,8,10,1,1,0,0
CLI02215,Premium,Mensal,Pix,Busca orgânica,10,101.92,15,10.3,11.4,3,9,1,0,0,0
CLI02216,Essencial,Mensal,Cartão,Indicação,33,47.4,5,2.8,18.6,6,8,0,2,0,0
CLI02217,Essencial,Anual,Cartão,Busca orgânica,8,49.9,0,2.7,5.6,6,10,0,0,0,0
CLI02218,Premium,Anual,Débito automático,Indicação,9,113.9,5,13.1,6.5,4,8,0,0,0,0
CLI02219,Premium,Anual,Boleto,Busca orgânica,7,119.9,0,5.3,11.1,3,7,0,0,1,0
CLI02220,Essencial,Mensal,Boleto,Mídia paga,50,47.4,5,2.1,17.3,4,8,1,0,0,0
CLI02221,Essencial,Mensal,Débito automático,Parceiro,35,47.4,5,1.1,59.8,7,5,1,0,1,0
CLI02222,Essencial,Mensal,Cartão,Mídia paga,29,44.91,10,3.7,5.4,5,9,1,0,0,0
CLI02223,Essencial,Anual,Cartão,Busca orgânica,13,42.42,15,2.5,11.4,6,8,0,0,0,0
CLI02224,Essencial,Anual,Cartão,Mídia paga,38,47.4,5,2.5,17.2,6,6,1,0,0,0
CLI02225,Premium,Mensal,Débito automático,Busca orgânica,29,113.9,5,6.6,38.2,6,7,5,0,0,0
CLI02226,Essencial,Anual,Cartão,Mídia paga,18,44.91,10,6.2,14.6,4,8,0,0,1,0
CLI02227,Plus,Mensal,Boleto,Mídia paga,31,63.92,20,8.3,31.3,7,5,2,0,0,1
CLI02228,Essencial,Mensal,Cartão,Busca orgânica,35,44.91,10,5.1,44.2,8,7,0,1,0,1
CLI02229,Essencial,Anual,Cartão,Mídia paga,10,49.9,0,2.2,47.4,7,6,1,0,0,0
CLI02230,Plus,Mensal,Débito automático,Busca orgânica,59,75.9,5,6.5,20.5,6,9,1,0,0,0
CLI02231,Essencial,Anual,Cartão,Indicação,23,49.9,0,0.9,6.2,8,6,2,1,1,0
CLI02232,Plus,Mensal,Cartão,Mídia paga,37,79.9,0,5.6,32.9,6,6,0,0,1,0
CLI02233,Essencial,Anual,Pix,Mídia paga,22,42.42,15,2.0,7.5,3,10,0,0,0,0
CLI02234,Premium,Mensal,Boleto,Mídia paga,33,119.9,0,7.0,30.3,7,10,1,0,0,0
CLI02235,Plus,Mensal,Cartão,Busca orgânica,20,79.9,0,3.6,51.5,9,7,1,0,0,1
CLI02236,Premium,Mensal,Cartão,Mídia paga,21,113.9,5,6.1,8.9,4,8,1,0,0,0
CLI02237,Essencial,Anual,Cartão,Parceiro,19,49.9,0,0.6,40.9,15,7,2,1,0,0
CLI02238,Essencial,Mensal,Pix,Indicação,28,49.9,0,11.5,22.1,4,7,0,0,0,0
CLI02239,Essencial,Mensal,Cartão,Busca orgânica,42,44.91,10,3.6,28.2,7,8,2,0,0,0
CLI02240,Plus,Mensal,Pix,Busca orgânica,42,79.9,0,9.0,77.2,8,5,3,0,1,1
CLI02241,Essencial,Mensal,Pix,Mídia paga,41,49.9,0,4.1,21.5,7,8,1,1,0,0
CLI02242,Essencial,Mensal,Boleto,Busca orgânica,30,44.91,10,0.6,28.4,11,8,2,1,0,0
CLI02243,Essencial,Anual,Débito automático,Mídia paga,18,39.92,20,3.7,59.9,9,5,3,0,0,1
CLI02244,Essencial,Mensal,Débito automático,Indicação,3,49.9,0,0.7,23.1,5,7,0,0,0,0
CLI02245,Essencial,Mensal,Pix,Indicação,41,47.4,5,2.2,52.7,8,5,1,1,0,1
CLI02246,Essencial,Mensal,Cartão,Indicação,28,49.9,0,3.2,50.7,9,8,0,1,0,0
CLI02247,Essencial,Mensal,Cartão,Busca orgânica,16,49.9,0,2.6,17.7,7,6,0,1,1,0
CLI02248,Plus,Mensal,Pix,Mídia paga,23,75.9,5,1.7,68.4,17,5,1,0,0,1
CLI02249,Essencial,Mensal,Cartão,Indicação,44,44.91,10,1.1,32.9,6,6,1,0,0,0
CLI02250,Essencial,Mensal,Cartão,Indicação,11,49.9,0,5.5,36.7,4,6,3,1,1,0
CLI02251,Plus,Anual,Cartão,Mídia paga,61,79.9,0,9.1,42.5,4,6,0,3,0,0
CLI02252,Plus,Mensal,Cartão,Busca orgânica,90,71.91,10,6.8,76.8,12,6,0,0,1,0
CLI02253,Essencial,Anual,Cartão,Mídia paga,18,42.42,15,6.5,14.4,5,8,1,2,0,0
CLI02254,Plus,Mensal,Pix,Indicação,20,79.9,0,16.8,61.4,10,6,0,0,0,0
CLI02255,Premium,Anual,Débito automático,Parceiro,22,113.9,5,7.5,61.1,8,10,0,0,0,0
CLI02256,Plus,Anual,Cartão,Busca orgânica,17,79.9,0,8.2,19.7,5,5,2,0,0,0
CLI02257,Premium,Mensal,Débito automático,Indicação,74,95.92,20,5.7,13.9,8,6,2,0,0,0
CLI02258,Plus,Mensal,Cartão,Mídia paga,22,63.92,20,2.4,5.2,0,6,0,2,0,0
CLI02259,Essencial,Mensal,Boleto,Busca orgânica,10,44.91,10,0.8,5.7,8,9,0,1,0,0
CLI02260,Essencial,Anual,Pix,Busca orgânica,29,49.9,0,8.1,13.2,6,9,2,0,0,0
CLI02261,Plus,Mensal,Pix,Busca orgânica,14,79.9,0,2.5,5.0,5,9,0,1,0,0
CLI02262,Premium,Mensal,Débito automático,Busca orgânica,8,119.9,0,0.4,45.0,11,7,1,1,0,1
CLI02263,Essencial,Mensal,Pix,Mídia paga,15,49.9,0,2.1,39.8,10,8,1,1,0,0
CLI02264,Essencial,Mensal,Cartão,Indicação,16,47.4,5,3.1,22.2,6,9,1,0,0,0
CLI02265,Plus,Anual,Cartão,Mídia paga,22,75.9,5,16.7,6.5,4,7,0,0,0,0
CLI02266,Essencial,Mensal,Boleto,Indicação,6,39.92,20,3.8,23.8,3,9,0,0,1,0
CLI02267,Plus,Anual,Débito automático,Mídia paga,70,71.91,10,3.6,62.9,8,7,0,0,0,0
CLI02268,Plus,Anual,Pix,Indicação,32,79.9,0,8.4,10.2,8,9,1,0,1,0
CLI02269,Plus,Mensal,Débito automático,Busca orgânica,39,79.9,0,4.7,23.4,6,4,1,0,0,0
CLI02270,Premium,Mensal,Cartão,Mídia paga,27,95.92,20,5.6,33.1,7,3,1,2,1,1
CLI02271,Plus,Anual,Pix,Mídia paga,53,71.91,10,6.7,31.0,4,7,0,0,1,0
CLI02272,Plus,Anual,Cartão,Mídia paga,19,79.9,0,3.8,49.5,4,8,0,1,0,1
CLI02273,Plus,Anual,Cartão,Busca orgânica,27,67.92,15,12.3,64.1,10,4,0,0,0,0
CLI02274,Premium,Anual,Boleto,Parceiro,13,113.9,5,15.8,25.4,6,7,1,1,0,0
CLI02275,Premium,Mensal,Débito automático,Parceiro,24,107.91,10,11.7,86.4,10,4,3,0,1,0
CLI02276,Essencial,Anual,Boleto,Parceiro,26,44.91,10,1.9,7.8,8,6,1,0,0,0
CLI02277,Plus,Anual,Pix,Busca orgânica,14,71.91,10,4.1,23.5,10,7,2,0,0,0
CLI02278,Essencial,Mensal,Cartão,Indicação,32,49.9,0,5.3,22.5,8,7,0,0,0,0
CLI02279,Premium,Mensal,Débito automático,Mídia paga,34,113.9,5,5.3,39.3,12,6,0,0,0,0
CLI02280,Plus,Mensal,Cartão,Busca orgânica,39,79.9,0,3.7,52.1,8,6,1,0,0,0
CLI02281,Essencial,Mensal,Débito automático,Mídia paga,33,47.4,5,4.0,0.5,4,6,0,0,0,0
CLI02282,Essencial,Mensal,Cartão,Indicação,24,49.9,0,1.8,12.0,3,8,1,0,0,0
CLI02283,Essencial,Anual,Débito automático,Mídia paga,44,44.91,10,3.0,31.4,6,8,0,0,0,0
CLI02284,Plus,Anual,Débito automático,Indicação,27,79.9,0,3.3,30.2,3,8,0,0,0,0
CLI02285,Essencial,Mensal,Cartão,Mídia paga,4,49.9,0,1.3,5.6,2,8,0,0,0,0
CLI02286,Essencial,Mensal,Cartão,Mídia paga,8,49.9,0,4.3,21.2,4,8,0,0,0,0
CLI02287,Premium,Mensal,Cartão,Indicação,12,107.91,10,2.9,18.4,9,6,0,1,0,0
CLI02288,Plus,Mensal,Cartão,Busca orgânica,15,75.9,5,1.6,9.2,5,6,1,1,0,1
CLI02289,Essencial,Mensal,Débito automático,Busca orgânica,32,49.9,0,0.9,37.6,5,6,1,0,0,0
CLI02290,Essencial,Mensal,Cartão,Mídia paga,55,47.4,5,4.5,6.6,2,8,2,0,0,0
CLI02291,Premium,Anual,Cartão,Busca orgânica,36,119.9,0,2.8,30.5,5,6,1,1,1,0
CLI02292,Plus,Mensal,Cartão,Mídia paga,31,67.92,15,2.5,57.0,12,5,4,0,0,1
CLI02293,Plus,Mensal,Cartão,Busca orgânica,6,79.9,0,8.6,20.9,8,8,0,1,0,0
CLI02294,Essencial,Anual,Cartão,Mídia paga,3,44.91,10,0.7,78.6,11,4,0,1,0,1
CLI02295,Essencial,Mensal,Débito automático,Indicação,60,39.92,20,2.5,63.4,12,7,0,0,0,0
CLI02296,Essencial,Anual,Débito automático,Parceiro,19,49.9,0,1.9,1.9,3,6,1,0,0,0
CLI02297,Plus,Mensal,Boleto,Mídia paga,32,71.91,10,8.0,63.5,13,6,1,2,0,1
CLI02298,Essencial,Mensal,Cartão,Mídia paga,35,49.9,0,2.4,7.7,5,7,0,0,0,0
CLI02299,Essencial,Mensal,Cartão,Mídia paga,87,39.92,20,1.8,55.9,8,3,2,1,1,1
CLI02300,Plus,Mensal,Cartão,Indicação,71,79.9,0,3.9,45.3,6,7,0,0,1,0
CLI02301,Premium,Anual,Pix,Busca orgânica,96,119.9,0,6.4,27.5,4,10,1,0,0,0
CLI02302,Plus,Anual,Cartão,Busca orgânica,39,79.9,0,1.3,8.5,12,6,3,2,0,0
CLI02303,Plus,Mensal,Cartão,Indicação,64,63.92,20,2.6,44.8,11,6,2,0,0,0
CLI02304,Plus,Mensal,Pix,Indicação,10,79.9,0,8.1,37.0,15,6,1,0,1,1
CLI02305,Essencial,Anual,Cartão,Mídia paga,88,42.42,15,2.5,18.0,1,6,0,1,0,0
CLI02306,Essencial,Mensal,Pix,Busca orgânica,43,42.42,15,6.2,6.5,4,7,2,0,0,0
CLI02307,Plus,Mensal,Pix,Mídia paga,21,67.92,15,11.6,11.1,4,7,1,2,0,0
CLI02308,Essencial,Anual,Débito automático,Busca orgânica,46,49.9,0,6.3,5.7,4,7,0,0,0,0
CLI02309,Plus,Mensal,Cartão,Indicação,55,71.91,10,9.7,35.1,8,7,0,0,0,0
CLI02310,Premium,Mensal,Débito automático,Busca orgânica,37,119.9,0,6.3,31.1,7,7,1,0,0,0
CLI02311,Premium,Mensal,Cartão,Busca orgânica,2,113.9,5,2.9,9.7,4,7,0,0,1,0
CLI02312,Essencial,Mensal,Cartão,Parceiro,57,49.9,0,5.8,22.9,6,8,0,0,1,0
CLI02313,Essencial,Anual,Cartão,Mídia paga,25,39.92,20,7.0,21.4,3,9,0,0,0,0
CLI02314,Essencial,Mensal,Cartão,Indicação,37,49.9,0,4.2,2.0,4,7,3,1,1,0
CLI02315,Essencial,Anual,Cartão,Mídia paga,12,42.42,15,2.2,35.7,8,9,1,0,0,0
CLI02316,Essencial,Mensal,Débito automático,Busca orgânica,21,49.9,0,2.2,19.1,5,5,1,0,0,0
CLI02317,Essencial,Mensal,Débito automático,Indicação,18,44.91,10,6.8,9.9,2,6,1,1,1,0
CLI02318,Plus,Anual,Cartão,Indicação,10,71.91,10,1.8,33.9,6,4,2,2,0,0
CLI02319,Plus,Mensal,Cartão,Indicação,4,79.9,0,0.8,34.0,6,6,0,1,0,0
CLI02320,Premium,Mensal,Cartão,Mídia paga,22,113.9,5,8.5,6.5,6,8,2,0,0,0
CLI02321,Essencial,Mensal,Boleto,Mídia paga,13,49.9,0,3.0,5.6,6,5,2,0,0,0
CLI02322,Essencial,Anual,Cartão,Mídia paga,30,49.9,0,5.6,33.2,10,7,0,1,1,0
CLI02323,Essencial,Anual,Cartão,Indicação,33,44.91,10,3.4,2.9,7,9,1,0,0,0
CLI02324,Essencial,Mensal,Cartão,Busca orgânica,72,44.91,10,4.4,29.6,10,7,1,0,0,0
CLI02325,Essencial,Mensal,Débito automático,Busca orgânica,17,44.91,10,5.7,30.9,6,6,3,0,0,0
CLI02326,Premium,Mensal,Cartão,Busca orgânica,55,101.92,15,10.2,16.3,5,7,0,0,0,0
CLI02327,Essencial,Mensal,Cartão,Mídia paga,32,44.91,10,3.7,19.6,4,10,1,0,0,0
CLI02328,Essencial,Mensal,Pix,Indicação,36,49.9,0,8.4,29.3,3,7,0,1,0,0
CLI02329,Plus,Anual,Débito automático,Indicação,29,63.92,20,10.5,74.9,9,7,0,1,0,0
CLI02330,Plus,Mensal,Pix,Mídia paga,50,63.92,20,9.4,4.4,1,10,1,0,1,0
CLI02331,Plus,Mensal,Boleto,Busca orgânica,29,75.9,5,4.2,6.1,5,9,0,0,0,0
CLI02332,Essencial,Mensal,Débito automático,Mídia paga,28,39.92,20,2.7,25.0,8,7,2,0,0,0
CLI02333,Premium,Mensal,Pix,Mídia paga,12,95.92,20,2.4,29.1,7,8,0,0,0,0
CLI02334,Essencial,Mensal,Boleto,Mídia paga,14,44.91,10,4.5,51.6,13,7,0,0,0,0
CLI02335,Essencial,Mensal,Débito automático,Parceiro,32,44.91,10,3.1,7.9,3,7,1,1,0,0
CLI02336,Plus,Mensal,Cartão,Mídia paga,20,79.9,0,12.5,7.9,4,9,1,0,0,0
CLI02337,Premium,Mensal,Débito automático,Mídia paga,8,119.9,0,15.1,54.6,12,6,0,0,1,0
CLI02338,Essencial,Anual,Pix,Mídia paga,18,49.9,0,1.5,41.2,8,5,1,0,1,0
CLI02339,Plus,Mensal,Pix,Mídia paga,44,79.9,0,1.3,14.9,8,9,1,0,0,0
CLI02340,Essencial,Mensal,Pix,Busca orgânica,30,44.91,10,1.8,16.8,9,6,0,0,0,0
CLI02341,Essencial,Mensal,Débito automático,Busca orgânica,16,49.9,0,9.0,51.9,12,7,1,0,0,0
CLI02342,Essencial,Mensal,Boleto,Busca orgânica,25,49.9,0,11.5,11.0,7,8,0,0,1,0
CLI02343,Plus,Mensal,Cartão,Mídia paga,48,75.9,5,7.7,43.1,13,6,1,1,0,0
CLI02344,Essencial,Mensal,Pix,Busca orgânica,12,49.9,0,5.5,43.2,9,8,0,0,0,0
CLI02345,Plus,Mensal,Pix,Parceiro,11,67.92,15,1.8,13.9,8,3,1,1,1,0
CLI02346,Essencial,Mensal,Débito automático,Mídia paga,29,42.42,15,3.4,63.3,12,5,1,1,1,0
CLI02347,Premium,Mensal,Cartão,Busca orgânica,18,119.9,0,17.4,14.0,5,6,0,1,0,0
CLI02348,Premium,Anual,Cartão,Busca orgânica,29,107.91,10,3.8,45.0,8,5,0,1,0,0
CLI02349,Essencial,Anual,Cartão,Mídia paga,26,44.91,10,4.9,41.3,8,6,4,1,0,0
CLI02350,Essencial,Anual,Cartão,Mídia paga,29,44.91,10,5.5,1.4,7,7,1,0,0,0
CLI02351,Essencial,Mensal,Cartão,Mídia paga,74,49.9,0,1.9,11.9,6,6,2,1,0,0
CLI02352,Premium,Anual,Cartão,Indicação,9,119.9,0,9.0,50.4,5,7,2,2,0,1
CLI02353,Essencial,Mensal,Cartão,Mídia paga,40,49.9,0,0.8,37.4,10,7,3,0,0,0
CLI02354,Plus,Mensal,Débito automático,Parceiro,34,71.91,10,3.6,4.0,4,8,0,0,0,0
CLI02355,Essencial,Anual,Cartão,Mídia paga,39,47.4,5,2.7,27.0,4,7,0,0,1,0
CLI02356,Plus,Anual,Cartão,Mídia paga,5,71.91,10,3.9,35.9,13,6,1,0,0,0
CLI02357,Plus,Mensal,Débito automático,Indicação,43,75.9,5,4.0,9.6,13,5,1,0,1,0
CLI02358,Plus,Anual,Cartão,Parceiro,22,71.91,10,10.2,39.7,5,8,1,1,0,0
CLI02359,Premium,Mensal,Débito automático,Indicação,29,107.91,10,4.5,39.4,16,6,1,0,0,0
CLI02360,Essencial,Mensal,Débito automático,Indicação,24,49.9,0,14.9,44.0,10,6,0,1,0,0
CLI02361,Premium,Mensal,Cartão,Mídia paga,13,107.91,10,5.0,25.1,10,9,0,0,0,0
CLI02362,Essencial,Mensal,Pix,Busca orgânica,22,49.9,0,1.2,52.7,11,6,1,0,0,0
CLI02363,Plus,Anual,Cartão,Mídia paga,26,79.9,0,3.1,47.9,8,6,0,0,0,0
CLI02364,Premium,Mensal,Cartão,Mídia paga,37,101.92,15,11.8,20.4,6,9,1,0,0,0
CLI02365,Plus,Mensal,Pix,Indicação,33,71.91,10,5.1,40.3,12,7,2,0,0,0
CLI02366,Plus,Anual,Cartão,Mídia paga,24,71.91,10,5.9,7.4,6,5,0,0,0,1
CLI02367,Essencial,Anual,Cartão,Mídia paga,27,49.9,0,2.4,16.2,6,8,0,0,1,0
CLI02368,Essencial,Anual,Pix,Mídia paga,27,44.91,10,1.1,28.9,6,8,0,0,1,0
CLI02369,Essencial,Anual,Cartão,Indicação,36,49.9,0,0.5,10.7,4,10,0,0,0,0
CLI02370,Plus,Anual,Cartão,Busca orgânica,43,79.9,0,2.8,27.6,9,6,0,1,0,0
CLI02371,Plus,Mensal,Pix,Indicação,45,79.9,0,4.1,80.5,11,6,0,1,0,0
CLI02372,Essencial,Mensal,Cartão,Mídia paga,20,44.91,10,2.6,48.5,4,5,0,1,1,0
CLI02373,Essencial,Anual,Débito automático,Mídia paga,22,49.9,0,2.3,7.1,4,7,1,0,1,0
CLI02374,Essencial,Mensal,Boleto,Busca orgânica,19,49.9,0,3.1,62.7,10,6,1,0,0,1
CLI02375,Essencial,Mensal,Débito automático,Busca orgânica,27,49.9,0,5.9,61.6,13,5,0,1,1,1
CLI02376,Essencial,Mensal,Cartão,Mídia paga,87,47.4,5,2.2,21.9,8,6,0,0,0,0
CLI02377,Premium,Mensal,Cartão,Mídia paga,20,119.9,0,9.3,20.5,5,6,1,1,0,0
CLI02378,Plus,Mensal,Débito automático,Busca orgânica,39,71.91,10,4.3,11.2,6,9,1,0,0,1
CLI02379,Essencial,Anual,Débito automático,Indicação,39,49.9,0,9.6,7.4,5,8,0,0,1,0
CLI02380,Plus,Mensal,Boleto,Busca orgânica,34,71.91,10,6.2,3.7,3,8,0,2,0,0
CLI02381,Premium,Mensal,Pix,Parceiro,5,119.9,0,2.4,34.2,4,6,0,0,0,0
CLI02382,Essencial,Mensal,Cartão,Mídia paga,25,49.9,0,2.4,13.1,4,6,2,2,0,0
CLI02383,Essencial,Anual,Cartão,Mídia paga,36,49.9,0,3.5,8.0,4,7,0,0,0,0
CLI02384,Essencial,Mensal,Boleto,Busca orgânica,15,49.9,0,4.8,9.0,4,8,0,1,0,0
CLI02385,Essencial,Mensal,Pix,Busca orgânica,6,42.42,15,3.6,48.0,7,7,2,0,0,0
CLI02386,Plus,Anual,Débito automático,Indicação,36,79.9,0,2.0,3.7,6,8,0,2,0,0
CLI02387,Premium,Mensal,Débito automático,Busca orgânica,44,101.92,15,4.6,3.0,1,3,2,1,1,0
CLI02388,Essencial,Mensal,Boleto,Indicação,24,49.9,0,3.5,54.6,5,4,2,2,0,1
CLI02389,Plus,Mensal,Pix,Busca orgânica,18,79.9,0,7.9,52.0,8,6,1,1,1,0
CLI02390,Essencial,Mensal,Boleto,Busca orgânica,61,49.9,0,8.9,61.0,11,3,0,3,0,1
CLI02391,Plus,Anual,Débito automático,Mídia paga,45,79.9,0,7.3,6.4,7,10,0,0,0,0
CLI02392,Plus,Mensal,Débito automático,Busca orgânica,12,67.92,15,8.4,13.4,3,7,0,0,0,0
CLI02393,Essencial,Mensal,Boleto,Indicação,29,44.91,10,1.8,7.6,4,8,1,1,0,0
CLI02394,Essencial,Anual,Pix,Indicação,13,44.91,10,5.8,30.6,5,7,0,0,1,0
CLI02395,Plus,Anual,Débito automático,Busca orgânica,21,75.9,5,7.7,44.7,8,8,0,0,0,0
CLI02396,Premium,Mensal,Pix,Mídia paga,55,119.9,0,7.1,12.8,7,9,0,0,0,0
CLI02397,Essencial,Anual,Débito automático,Mídia paga,55,44.91,10,6.9,12.6,3,8,1,0,0,0
CLI02398,Essencial,Mensal,Débito automático,Mídia paga,17,47.4,5,3.7,11.7,5,7,0,0,0,0
CLI02399,Essencial,Mensal,Débito automático,Mídia paga,38,49.9,0,3.5,10.5,3,9,0,0,0,0
CLI02400,Plus,Anual,Cartão,Busca orgânica,12,75.9,5,4.7,42.1,14,10,0,0,0,0
CLI02401,Plus,Mensal,Débito automático,Busca orgânica,84,71.91,10,8.4,2.5,6,10,1,1,0,0
CLI02402,Plus,Mensal,Débito automático,Indicação,6,79.9,0,3.1,5.0,1,8,1,0,0,0
CLI02403,Plus,Anual,Pix,Indicação,20,79.9,0,5.7,70.7,7,4,0,0,0,0
CLI02404,Premium,Anual,Cartão,Busca orgânica,38,107.91,10,12.7,42.9,5,7,0,0,0,0
CLI02405,Plus,Anual,Débito automático,Mídia paga,14,79.9,0,2.1,32.7,5,7,1,0,0,0
CLI02406,Essencial,Anual,Débito automático,Mídia paga,12,49.9,0,2.9,29.8,12,7,0,0,0,0
CLI02407,Plus,Mensal,Cartão,Busca orgânica,25,71.91,10,3.1,24.9,7,8,0,2,0,0
CLI02408,Essencial,Mensal,Pix,Busca orgânica,16,39.92,20,2.6,22.7,7,6,1,0,1,0
CLI02409,Essencial,Mensal,Débito automático,Parceiro,5,49.9,0,1.6,3.4,3,5,0,0,1,0
CLI02410,Premium,Anual,Débito automático,Mídia paga,25,119.9,0,2.8,35.1,3,7,0,0,0,0
CLI02411,Plus,Mensal,Cartão,Mídia paga,37,79.9,0,3.2,60.9,10,6,1,1,0,1
CLI02412,Premium,Mensal,Cartão,Busca orgânica,22,113.9,5,2.2,19.7,5,4,0,2,0,0
CLI02413,Essencial,Mensal,Débito automático,Busca orgânica,25,49.9,0,2.4,52.5,10,5,0,0,1,1
CLI02414,Plus,Anual,Boleto,Mídia paga,34,67.92,15,11.5,37.5,11,10,2,0,0,0
CLI02415,Plus,Mensal,Cartão,Indicação,70,67.92,15,0.9,42.0,11,5,0,1,0,0
CLI02416,Essencial,Mensal,Boleto,Busca orgânica,19,49.9,0,3.9,6.1,6,6,2,0,0,0
CLI02417,Essencial,Anual,Pix,Indicação,32,42.42,15,1.4,31.6,14,6,1,0,1,0
CLI02418,Plus,Anual,Cartão,Mídia paga,25,79.9,0,3.4,39.4,13,5,0,0,0,0
CLI02419,Essencial,Mensal,Débito automático,Mídia paga,11,49.9,0,1.6,10.8,3,6,1,0,0,0
CLI02420,Premium,Mensal,Cartão,Indicação,41,101.92,15,2.5,32.2,7,7,0,0,0,0
CLI02421,Essencial,Anual,Cartão,Busca orgânica,59,49.9,0,2.8,51.6,10,6,0,1,1,1
CLI02422,Essencial,Mensal,Boleto,Indicação,37,49.9,0,1.7,38.2,6,3,1,0,0,0
CLI02423,Plus,Mensal,Pix,Mídia paga,4,79.9,0,7.6,18.0,3,8,1,0,1,0
CLI02424,Essencial,Anual,Cartão,Parceiro,20,49.9,0,2.1,11.1,5,8,1,1,1,0
CLI02425,Premium,Mensal,Pix,Busca orgânica,37,101.92,15,23.5,36.1,4,8,0,0,1,0
CLI02426,Plus,Mensal,Pix,Indicação,49,79.9,0,3.6,2.4,7,6,2,0,1,0
CLI02427,Essencial,Mensal,Pix,Parceiro,7,49.9,0,4.2,55.9,8,7,0,0,0,0
CLI02428,Plus,Mensal,Cartão,Mídia paga,11,63.92,20,8.5,73.0,12,5,0,2,0,1
CLI02429,Plus,Mensal,Cartão,Mídia paga,33,75.9,5,4.0,10.3,9,9,0,2,1,0
CLI02430,Plus,Anual,Pix,Busca orgânica,27,67.92,15,7.3,4.7,2,8,1,0,0,0
CLI02431,Premium,Mensal,Pix,Indicação,25,119.9,0,3.9,60.7,20,9,0,0,0,0
CLI02432,Plus,Anual,Boleto,Parceiro,68,75.9,5,3.4,31.5,10,8,1,1,0,0
CLI02433,Plus,Anual,Cartão,Busca orgânica,72,63.92,20,6.2,7.0,3,5,1,0,1,0
CLI02434,Essencial,Anual,Débito automático,Busca orgânica,13,39.92,20,3.0,13.2,4,9,0,0,0,0
CLI02435,Plus,Mensal,Boleto,Mídia paga,5,79.9,0,9.4,15.7,8,8,0,0,1,1
CLI02436,Premium,Anual,Cartão,Mídia paga,24,107.91,10,5.7,53.8,4,6,1,1,1,0
CLI02437,Plus,Mensal,Cartão,Indicação,41,75.9,5,14.4,46.2,12,5,1,2,0,0
CLI02438,Plus,Anual,Pix,Parceiro,52,79.9,0,6.8,1.2,2,8,1,0,0,0
CLI02439,Essencial,Mensal,Boleto,Mídia paga,20,49.9,0,8.3,33.7,7,6,0,0,0,0
CLI02440,Plus,Anual,Cartão,Indicação,15,75.9,5,2.1,45.8,9,7,1,0,0,0
CLI02441,Premium,Mensal,Cartão,Indicação,34,119.9,0,4.6,27.1,8,8,1,0,0,0
CLI02442,Essencial,Anual,Débito automático,Mídia paga,22,39.92,20,2.6,53.2,13,5,1,1,0,0
CLI02443,Essencial,Mensal,Débito automático,Mídia paga,27,49.9,0,2.9,20.0,5,7,2,0,0,0
CLI02444,Plus,Mensal,Cartão,Indicação,37,75.9,5,4.7,30.3,9,8,0,2,0,0
CLI02445,Plus,Mensal,Cartão,Busca orgânica,23,71.91,10,20.9,17.0,3,6,2,0,0,1
CLI02446,Plus,Mensal,Cartão,Busca orgânica,8,75.9,5,8.5,81.4,8,6,1,1,0,0
CLI02447,Essencial,Anual,Boleto,Busca orgânica,16,49.9,0,1.4,14.7,7,8,1,0,0,0
CLI02448,Essencial,Anual,Débito automático,Parceiro,16,44.91,10,8.1,6.6,5,10,0,0,0,0
CLI02449,Plus,Mensal,Pix,Busca orgânica,16,79.9,0,3.5,5.0,7,9,0,0,0,0
CLI02450,Plus,Anual,Débito automático,Parceiro,5,75.9,5,4.4,26.7,9,7,2,0,1,0
CLI02451,Plus,Anual,Pix,Busca orgânica,79,63.92,20,3.4,34.3,7,9,0,0,0,0
CLI02452,Plus,Anual,Boleto,Indicação,11,71.91,10,6.6,57.8,10,6,1,1,0,0
CLI02453,Plus,Mensal,Cartão,Indicação,42,79.9,0,1.8,9.0,5,6,0,1,0,0
CLI02454,Plus,Mensal,Cartão,Parceiro,14,67.92,15,15.9,79.7,11,4,1,0,1,1
CLI02455,Plus,Anual,Cartão,Indicação,20,67.92,15,2.8,16.7,5,4,2,1,1,0
CLI02456,Plus,Mensal,Cartão,Indicação,26,79.9,0,4.5,35.1,4,5,0,0,1,0
CLI02457,Plus,Mensal,Débito automático,Busca orgânica,17,63.92,20,3.0,32.6,6,6,0,1,0,0
CLI02458,Essencial,Mensal,Pix,Mídia paga,64,47.4,5,1.0,52.6,11,8,0,0,0,0
CLI02459,Essencial,Mensal,Cartão,Busca orgânica,96,39.92,20,0.7,41.7,10,4,2,0,1,0
CLI02460,Plus,Mensal,Débito automático,Indicação,5,75.9,5,8.1,17.1,7,9,0,1,0,0
CLI02461,Premium,Anual,Pix,Busca orgânica,50,119.9,0,8.1,38.5,5,6,1,0,0,0
CLI02462,Plus,Mensal,Pix,Parceiro,29,79.9,0,3.5,40.0,7,8,1,1,1,1
CLI02463,Essencial,Anual,Cartão,Parceiro,20,47.4,5,4.1,33.7,7,7,0,2,0,0
CLI02464,Plus,Mensal,Boleto,Parceiro,45,79.9,0,2.6,27.0,6,6,1,0,0,0
CLI02465,Essencial,Anual,Débito automático,Busca orgânica,53,44.91,10,2.3,11.9,2,5,0,0,0,0
CLI02466,Plus,Anual,Débito automático,Indicação,24,79.9,0,2.4,5.6,6,8,1,0,0,0
CLI02467,Premium,Mensal,Débito automático,Indicação,59,119.9,0,2.3,48.8,4,5,1,0,0,0
CLI02468,Plus,Mensal,Pix,Mídia paga,4,71.91,10,2.3,64.2,10,3,1,0,0,1
CLI02469,Plus,Mensal,Cartão,Mídia paga,40,71.91,10,2.2,30.5,6,8,0,1,0,0
CLI02470,Essencial,Anual,Débito automático,Mídia paga,27,49.9,0,4.0,3.4,5,8,1,1,1,0
CLI02471,Essencial,Mensal,Cartão,Busca orgânica,30,49.9,0,3.1,37.1,12,5,3,2,1,1
CLI02472,Premium,Mensal,Boleto,Busca orgânica,49,107.91,10,5.1,29.1,6,6,2,1,0,0
CLI02473,Plus,Mensal,Cartão,Busca orgânica,38,79.9,0,5.3,12.2,5,9,1,0,0,0
CLI02474,Plus,Mensal,Cartão,Busca orgânica,80,79.9,0,2.8,6.9,2,7,1,1,1,1
CLI02475,Essencial,Mensal,Pix,Busca orgânica,89,39.92,20,1.3,19.8,7,6,1,2,0,0
CLI02476,Essencial,Anual,Pix,Indicação,23,49.9,0,1.8,8.8,8,9,1,0,0,0
CLI02477,Essencial,Mensal,Débito automático,Indicação,10,42.42,15,3.4,0.7,4,9,0,0,0,0
CLI02478,Essencial,Anual,Débito automático,Indicação,26,47.4,5,1.9,1.4,6,9,1,0,0,0
CLI02479,Essencial,Mensal,Débito automático,Parceiro,13,39.92,20,3.0,44.9,10,6,1,0,1,0
CLI02480,Premium,Mensal,Boleto,Parceiro,19,113.9,5,5.3,2.2,3,8,1,0,0,0
CLI02481,Plus,Anual,Cartão,Mídia paga,28,71.91,10,3.4,43.0,9,5,0,0,0,0
CLI02482,Essencial,Anual,Pix,Mídia paga,7,39.92,20,0.9,6.9,4,5,2,0,1,0
CLI02483,Essencial,Anual,Débito automático,Indicação,36,49.9,0,2.1,45.8,10,5,1,0,1,0
CLI02484,Essencial,Mensal,Cartão,Indicação,24,49.9,0,3.7,15.5,3,10,1,0,1,0
CLI02485,Plus,Mensal,Cartão,Indicação,15,75.9,5,7.9,28.3,5,6,2,0,1,0
CLI02486,Essencial,Anual,Cartão,Indicação,2,44.91,10,5.2,43.6,6,5,3,0,0,0
CLI02487,Plus,Mensal,Débito automático,Mídia paga,48,75.9,5,7.2,4.0,4,7,1,3,0,0
CLI02488,Plus,Anual,Débito automático,Indicação,53,67.92,15,1.7,17.5,7,5,2,0,0,0
CLI02489,Essencial,Mensal,Cartão,Parceiro,49,49.9,0,6.5,21.6,4,8,2,0,0,0
CLI02490,Plus,Mensal,Cartão,Mídia paga,13,79.9,0,2.4,26.1,5,6,0,1,0,1
CLI02491,Premium,Anual,Cartão,Indicação,34,119.9,0,4.3,18.5,7,8,1,0,1,0
CLI02492,Essencial,Anual,Pix,Mídia paga,54,49.9,0,3.4,16.8,5,6,0,0,0,0
CLI02493,Essencial,Anual,Cartão,Mídia paga,32,49.9,0,6.2,45.2,11,6,2,0,0,1
CLI02494,Premium,Anual,Débito automático,Mídia paga,30,119.9,0,3.0,30.9,7,7,1,1,0,0
CLI02495,Premium,Mensal,Boleto,Indicação,73,119.9,0,27.4,17.7,6,6,4,1,0,1
CLI02496,Plus,Anual,Débito automático,Busca orgânica,70,79.9,0,4.1,20.0,7,4,3,0,1,0
CLI02497,Plus,Anual,Débito automático,Busca orgânica,19,75.9,5,4.1,7.8,9,5,2,0,0,0
CLI02498,Essencial,Mensal,Boleto,Mídia paga,16,44.91,10,3.2,29.2,14,7,1,2,0,1
CLI02499,Plus,Mensal,Débito automático,Busca orgânica,14,67.92,15,7.8,24.1,3,7,0,0,0,0
CLI02500,Plus,Anual,Pix,Mídia paga,5,79.9,0,7.1,68.9,13,7,0,2,0,1
CLI02501,Essencial,Mensal,Débito automático,Busca orgânica,63,44.91,10,1.4,7.5,3,10,0,0,0,0
CLI02502,Plus,Anual,Pix,Parceiro,32,75.9,5,6.2,17.7,6,6,0,0,0,0
CLI02503,Premium,Mensal,Cartão,Indicação,19,101.92,15,8.4,14.8,4,10,0,0,0,0
CLI02504,Premium,Anual,Cartão,Mídia paga,28,107.91,10,13.4,26.0,3,6,2,0,0,0
CLI02505,Essencial,Mensal,Pix,Indicação,67,49.9,0,0.7,6.8,2,7,1,0,1,0
CLI02506,Essencial,Anual,Boleto,Mídia paga,7,49.9,0,7.4,64.4,7,5,1,0,1,0
CLI02507,Premium,Anual,Débito automático,Mídia paga,62,107.91,10,12.4,17.7,3,8,1,0,0,0
CLI02508,Premium,Mensal,Cartão,Busca orgânica,26,107.91,10,11.6,16.6,3,9,2,1,0,0
CLI02509,Plus,Mensal,Pix,Indicação,36,79.9,0,12.1,21.8,8,9,0,0,0,0
CLI02510,Plus,Anual,Débito automático,Parceiro,37,71.91,10,9.5,6.5,6,6,3,0,1,0
CLI02511,Plus,Anual,Débito automático,Parceiro,70,79.9,0,6.6,29.5,7,4,0,0,0,0
CLI02512,Essencial,Anual,Pix,Mídia paga,13,39.92,20,2.8,40.2,8,7,0,0,0,1
CLI02513,Essencial,Anual,Cartão,Busca orgânica,96,39.92,20,1.3,85.0,15,7,2,1,0,0
CLI02514,Essencial,Mensal,Cartão,Indicação,9,42.42,15,1.7,19.7,7,6,0,0,1,0
CLI02515,Essencial,Mensal,Boleto,Busca orgânica,15,42.42,15,7.6,43.5,8,5,1,0,0,1
CLI02516,Premium,Mensal,Cartão,Mídia paga,41,95.92,20,4.9,49.8,16,7,0,0,0,0
CLI02517,Essencial,Mensal,Débito automático,Indicação,64,49.9,0,2.8,57.7,6,8,0,0,0,0
CLI02518,Essencial,Mensal,Cartão,Indicação,14,47.4,5,4.1,38.4,6,5,0,0,0,0
CLI02519,Plus,Mensal,Boleto,Parceiro,8,79.9,0,3.7,1.8,3,6,0,1,0,0
CLI02520,Essencial,Mensal,Cartão,Mídia paga,67,47.4,5,4.0,61.9,11,3,2,0,1,0
CLI02521,Essencial,Mensal,Débito automático,Mídia paga,19,49.9,0,2.7,15.6,6,8,1,0,0,0
CLI02522,Plus,Mensal,Débito automático,Parceiro,21,71.91,10,5.1,9.1,1,7,2,0,0,0
CLI02523,Essencial,Mensal,Débito automático,Busca orgânica,29,49.9,0,4.0,17.2,8,5,0,0,0,0
CLI02524,Plus,Anual,Débito automático,Busca orgânica,25,67.92,15,3.0,27.9,5,6,1,1,0,0
CLI02525,Premium,Anual,Cartão,Parceiro,42,101.92,15,7.9,18.6,3,8,1,2,0,0
CLI02526,Essencial,Mensal,Cartão,Parceiro,9,39.92,20,2.5,8.3,4,4,2,0,1,0
CLI02527,Premium,Anual,Cartão,Indicação,7,119.9,0,17.2,38.0,6,6,2,0,0,0
CLI02528,Premium,Anual,Débito automático,Busca orgânica,35,101.92,15,1.2,19.3,5,10,0,0,0,0
CLI02529,Premium,Mensal,Débito automático,Busca orgânica,37,119.9,0,12.7,43.6,4,7,1,1,1,0
CLI02530,Plus,Mensal,Cartão,Indicação,42,79.9,0,3.7,27.3,12,7,1,0,0,0
CLI02531,Plus,Mensal,Débito automático,Indicação,40,71.91,10,7.5,65.4,11,6,1,0,1,0
CLI02532,Plus,Mensal,Cartão,Indicação,7,79.9,0,4.0,16.1,5,8,2,1,0,1
CLI02533,Plus,Mensal,Cartão,Mídia paga,40,67.92,15,6.6,22.6,3,8,0,0,1,0
CLI02534,Essencial,Mensal,Cartão,Indicação,39,42.42,15,4.1,41.6,8,7,0,1,0,1
CLI02535,Premium,Anual,Débito automático,Parceiro,8,113.9,5,5.4,58.0,2,3,1,0,0,1
CLI02536,Plus,Mensal,Cartão,Mídia paga,53,75.9,5,2.5,19.1,8,9,0,0,0,0
CLI02537,Plus,Mensal,Boleto,Busca orgânica,14,67.92,15,1.3,48.0,4,7,0,0,1,0
CLI02538,Essencial,Anual,Débito automático,Mídia paga,12,44.91,10,4.2,33.3,9,6,1,0,0,0
CLI02539,Essencial,Anual,Pix,Mídia paga,43,49.9,0,5.4,13.0,5,6,1,0,0,0
CLI02540,Plus,Anual,Cartão,Mídia paga,10,75.9,5,1.3,9.4,5,8,1,0,0,0
CLI02541,Plus,Anual,Débito automático,Mídia paga,22,75.9,5,4.6,8.2,5,6,0,0,1,0
CLI02542,Essencial,Anual,Débito automático,Mídia paga,20,42.42,15,1.4,42.6,10,8,0,1,0,0
CLI02543,Essencial,Mensal,Pix,Mídia paga,17,42.42,15,4.9,2.5,4,6,0,2,1,1
CLI02544,Essencial,Anual,Cartão,Mídia paga,14,47.4,5,0.6,11.8,4,10,0,0,1,0
CLI02545,Plus,Mensal,Cartão,Busca orgânica,90,79.9,0,2.5,26.0,10,8,1,0,0,0
CLI02546,Essencial,Mensal,Cartão,Mídia paga,41,44.91,10,2.5,32.2,7,6,0,1,0,0
CLI02547,Premium,Mensal,Cartão,Mídia paga,16,113.9,5,6.9,74.9,18,5,1,0,0,1
CLI02548,Essencial,Mensal,Débito automático,Parceiro,16,47.4,5,3.1,27.7,4,6,1,3,0,1
CLI02549,Essencial,Mensal,Cartão,Busca orgânica,33,39.92,20,6.6,11.4,4,7,0,2,0,1
CLI02550,Essencial,Mensal,Débito automático,Indicação,20,39.92,20,7.4,6.3,2,7,0,0,0,0
CLI02551,Plus,Mensal,Cartão,Busca orgânica,35,75.9,5,8.0,61.7,6,5,1,0,1,1
CLI02552,Plus,Mensal,Pix,Busca orgânica,11,63.92,20,3.8,13.4,7,6,3,0,0,0
CLI02553,Plus,Mensal,Boleto,Busca orgânica,29,79.9,0,4.9,26.1,6,9,1,1,0,0
CLI02554,Premium,Anual,Cartão,Mídia paga,45,119.9,0,4.5,62.3,10,4,2,1,1,0
CLI02555,Essencial,Mensal,Cartão,Parceiro,28,44.91,10,2.8,45.8,8,6,0,0,0,1
CLI02556,Plus,Anual,Pix,Busca orgânica,21,75.9,5,10.5,32.5,4,6,1,0,1,1
CLI02557,Essencial,Mensal,Pix,Parceiro,37,44.91,10,8.5,14.3,6,7,1,0,0,0
CLI02558,Essencial,Anual,Débito automático,Mídia paga,4,49.9,0,6.0,41.2,7,8,1,0,0,0
CLI02559,Plus,Mensal,Débito automático,Indicação,44,75.9,5,5.8,6.5,2,9,1,0,0,0
CLI02560,Essencial,Mensal,Débito automático,Busca orgânica,4,44.91,10,3.4,22.3,6,5,0,0,0,0
CLI02561,Plus,Mensal,Boleto,Parceiro,49,75.9,5,5.5,38.9,9,7,2,1,0,0
CLI02562,Plus,Anual,Cartão,Mídia paga,20,79.9,0,5.1,10.4,6,7,2,1,0,0
CLI02563,Plus,Anual,Cartão,Indicação,47,75.9,5,8.7,18.3,3,9,0,2,0,0
CLI02564,Plus,Anual,Cartão,Mídia paga,54,71.91,10,6.2,19.5,6,7,1,0,0,0
CLI02565,Plus,Anual,Débito automático,Busca orgânica,21,75.9,5,4.4,6.3,5,10,0,0,0,0
CLI02566,Essencial,Mensal,Cartão,Mídia paga,51,47.4,5,5.2,3.3,3,6,1,0,0,0
CLI02567,Essencial,Anual,Cartão,Indicação,32,47.4,5,3.2,35.6,11,7,2,0,0,0
CLI02568,Essencial,Mensal,Boleto,Busca orgânica,37,49.9,0,2.1,50.5,9,5,1,2,0,1
CLI02569,Plus,Mensal,Cartão,Busca orgânica,60,79.9,0,2.7,6.7,4,8,0,0,1,0
CLI02570,Premium,Anual,Cartão,Busca orgânica,34,119.9,0,1.8,33.9,5,5,1,0,0,1
CLI02571,Essencial,Anual,Cartão,Indicação,47,47.4,5,11.6,41.2,1,5,2,1,0,0
CLI02572,Plus,Mensal,Cartão,Mídia paga,86,67.92,15,6.5,25.9,4,10,0,0,0,0
CLI02573,Plus,Mensal,Cartão,Mídia paga,47,71.91,10,5.7,52.1,9,9,2,0,1,1
CLI02574,Premium,Mensal,Cartão,Mídia paga,20,113.9,5,2.6,20.6,5,8,1,1,0,0
CLI02575,Plus,Mensal,Cartão,Parceiro,32,71.91,10,2.3,26.2,8,7,1,1,1,0
CLI02576,Plus,Mensal,Débito automático,Mídia paga,16,63.92,20,5.6,10.5,3,8,2,1,0,0
CLI02577,Plus,Anual,Cartão,Indicação,33,63.92,20,4.2,21.3,4,5,2,0,1,0
CLI02578,Premium,Mensal,Débito automático,Indicação,22,95.92,20,2.6,20.2,6,9,0,0,1,0
CLI02579,Essencial,Mensal,Débito automático,Mídia paga,36,49.9,0,1.7,35.3,14,7,0,0,0,0
CLI02580,Premium,Mensal,Débito automático,Mídia paga,47,107.91,10,4.4,61.6,11,8,0,1,0,0
CLI02581,Essencial,Anual,Boleto,Parceiro,16,44.91,10,3.8,3.0,4,7,0,0,1,0
CLI02582,Premium,Mensal,Pix,Indicação,28,119.9,0,4.1,12.6,4,10,1,0,0,1
CLI02583,Essencial,Mensal,Cartão,Indicação,13,49.9,0,2.4,8.4,7,8,1,2,0,0
CLI02584,Essencial,Anual,Cartão,Mídia paga,16,49.9,0,0.7,28.4,5,7,0,0,0,0
CLI02585,Essencial,Anual,Cartão,Parceiro,31,49.9,0,3.8,37.9,6,6,2,0,0,0
CLI02586,Essencial,Mensal,Débito automático,Busca orgânica,21,47.4,5,2.0,29.2,8,8,0,1,0,0
CLI02587,Essencial,Anual,Pix,Busca orgânica,67,49.9,0,7.2,47.2,7,8,2,0,0,0
CLI02588,Essencial,Mensal,Cartão,Mídia paga,6,47.4,5,6.9,43.5,8,7,1,0,1,0
CLI02589,Essencial,Anual,Cartão,Busca orgânica,75,49.9,0,4.0,35.8,6,8,0,1,0,0
CLI02590,Essencial,Mensal,Boleto,Mídia paga,47,42.42,15,4.8,36.4,6,6,0,0,1,1
CLI02591,Plus,Anual,Pix,Parceiro,41,79.9,0,11.3,73.3,9,8,1,0,0,0
CLI02592,Premium,Anual,Cartão,Busca orgânica,45,113.9,5,9.9,64.2,11,6,0,1,0,0
CLI02593,Plus,Anual,Boleto,Busca orgânica,44,79.9,0,5.1,28.3,4,8,0,1,0,0
CLI02594,Essencial,Anual,Débito automático,Parceiro,20,47.4,5,1.8,69.2,14,7,0,0,0,0
CLI02595,Essencial,Mensal,Pix,Busca orgânica,48,49.9,0,4.2,34.0,4,9,0,0,0,0
CLI02596,Premium,Anual,Cartão,Indicação,33,95.92,20,3.3,25.8,11,6,1,0,1,0
CLI02597,Essencial,Mensal,Débito automático,Busca orgânica,7,44.91,10,7.7,47.3,14,7,1,0,0,0
CLI02598,Essencial,Mensal,Cartão,Mídia paga,16,49.9,0,1.6,47.0,13,5,0,2,0,0
CLI02599,Premium,Mensal,Boleto,Busca orgânica,13,101.92,15,5.5,22.1,4,9,0,2,0,0
CLI02600,Premium,Anual,Débito automático,Mídia paga,24,113.9,5,2.5,42.3,10,7,1,0,0,0
CLI02601,Essencial,Anual,Pix,Indicação,5,49.9,0,0.8,40.4,14,5,0,0,0,0
CLI02602,Plus,Anual,Débito automático,Indicação,43,75.9,5,10.5,37.3,3,8,0,0,0,0
CLI02603,Essencial,Mensal,Boleto,Busca orgânica,49,49.9,0,2.9,10.1,5,7,1,2,0,0
CLI02604,Plus,Anual,Cartão,Busca orgânica,19,75.9,5,13.2,50.3,8,6,0,0,0,1
CLI02605,Essencial,Anual,Cartão,Mídia paga,36,49.9,0,4.8,30.9,10,7,0,1,0,0
CLI02606,Essencial,Anual,Débito automático,Busca orgânica,68,49.9,0,1.5,28.5,10,8,1,1,0,0
CLI02607,Plus,Mensal,Cartão,Mídia paga,21,71.91,10,17.5,23.0,5,9,1,0,0,0
CLI02608,Essencial,Mensal,Débito automático,Indicação,21,49.9,0,3.1,19.1,5,6,1,0,0,0
CLI02609,Plus,Anual,Pix,Busca orgânica,23,71.91,10,10.5,4.3,2,6,0,0,0,0
CLI02610,Essencial,Anual,Cartão,Busca orgânica,41,42.42,15,3.4,33.4,11,8,0,0,0,0
CLI02611,Premium,Mensal,Cartão,Mídia paga,20,119.9,0,3.6,8.7,6,6,0,0,0,0
CLI02612,Plus,Mensal,Débito automático,Mídia paga,23,79.9,0,5.9,39.4,5,7,0,0,1,0
CLI02613,Plus,Mensal,Cartão,Mídia paga,40,79.9,0,10.6,42.8,11,8,0,1,0,1
CLI02614,Plus,Mensal,Cartão,Busca orgânica,39,75.9,5,5.4,12.8,3,9,0,0,1,0
CLI02615,Essencial,Anual,Cartão,Parceiro,18,42.42,15,3.0,33.8,6,7,0,0,0,0
CLI02616,Plus,Mensal,Cartão,Mídia paga,12,79.9,0,6.3,35.6,11,6,1,0,0,0
CLI02617,Essencial,Mensal,Pix,Parceiro,21,49.9,0,6.0,16.8,5,6,4,0,0,0
CLI02618,Premium,Anual,Boleto,Busca orgânica,25,107.91,10,11.3,20.4,6,9,1,1,0,0
CLI02619,Premium,Mensal,Débito automático,Indicação,32,107.91,10,8.3,14.5,8,10,0,0,1,0
CLI02620,Premium,Mensal,Pix,Mídia paga,28,119.9,0,8.2,25.9,6,5,2,0,1,0
CLI02621,Premium,Mensal,Cartão,Busca orgânica,10,119.9,0,4.9,42.4,7,5,2,0,0,1
CLI02622,Premium,Mensal,Boleto,Mídia paga,20,119.9,0,6.0,40.4,8,7,2,0,0,0
CLI02623,Essencial,Anual,Débito automático,Indicação,5,49.9,0,2.9,27.0,8,8,0,0,1,0
CLI02624,Premium,Anual,Débito automático,Mídia paga,32,113.9,5,9.8,15.8,8,3,3,1,0,0
CLI02625,Plus,Anual,Cartão,Indicação,12,79.9,0,8.6,33.6,8,6,0,1,0,0
CLI02626,Essencial,Mensal,Cartão,Busca orgânica,8,49.9,0,2.5,3.9,4,6,2,1,1,0
CLI02627,Plus,Anual,Cartão,Indicação,22,67.92,15,6.0,5.0,3,9,0,0,0,0
CLI02628,Essencial,Mensal,Cartão,Parceiro,35,49.9,0,1.2,31.3,10,7,2,1,0,0
CLI02629,Essencial,Anual,Cartão,Indicação,27,44.91,10,3.9,17.8,6,7,0,0,0,0
CLI02630,Essencial,Mensal,Débito automático,Mídia paga,73,49.9,0,0.4,40.8,3,5,1,0,1,0
CLI02631,Essencial,Mensal,Cartão,Indicação,6,47.4,5,1.7,54.5,10,5,0,0,0,0
CLI02632,Plus,Mensal,Cartão,Indicação,6,63.92,20,1.9,54.4,11,5,0,1,1,0
CLI02633,Premium,Anual,Débito automático,Busca orgânica,17,113.9,5,1.0,69.3,14,7,1,0,0,1
CLI02634,Plus,Anual,Boleto,Indicação,47,79.9,0,3.3,13.5,3,7,0,1,0,0
CLI02635,Plus,Mensal,Cartão,Busca orgânica,19,71.91,10,8.7,50.1,5,7,1,0,1,0
CLI02636,Essencial,Anual,Cartão,Indicação,14,47.4,5,0.8,13.6,11,10,0,0,0,0
CLI02637,Plus,Anual,Débito automático,Mídia paga,37,71.91,10,6.3,6.1,3,8,2,0,0,0
CLI02638,Essencial,Mensal,Boleto,Mídia paga,20,49.9,0,6.6,55.1,11,6,1,0,0,1
CLI02639,Premium,Mensal,Pix,Mídia paga,59,119.9,0,14.1,57.0,9,6,1,2,0,0
CLI02640,Essencial,Anual,Cartão,Indicação,23,42.42,15,2.3,13.5,4,6,1,0,1,0
CLI02641,Plus,Anual,Débito automático,Busca orgânica,48,75.9,5,3.3,55.7,10,7,0,1,0,0
CLI02642,Plus,Anual,Débito automático,Indicação,24,75.9,5,2.6,5.0,6,9,0,0,1,0
CLI02643,Plus,Anual,Cartão,Busca orgânica,35,71.91,10,9.3,2.5,5,7,2,0,1,0
CLI02644,Premium,Anual,Cartão,Mídia paga,52,113.9,5,6.5,39.7,8,7,0,0,0,0
CLI02645,Essencial,Mensal,Débito automático,Indicação,6,44.91,10,1.9,52.9,5,6,2,1,0,0
CLI02646,Premium,Anual,Débito automático,Busca orgânica,4,119.9,0,2.9,14.2,9,10,1,0,0,1
CLI02647,Plus,Mensal,Cartão,Mídia paga,6,67.92,15,5.8,13.1,8,8,2,0,0,0
CLI02648,Plus,Anual,Débito automático,Busca orgânica,12,79.9,0,2.6,8.2,6,5,2,0,0,0
CLI02649,Plus,Anual,Débito automático,Indicação,54,75.9,5,6.0,25.8,12,6,2,0,0,0
CLI02650,Premium,Anual,Cartão,Parceiro,79,95.92,20,5.8,55.6,11,7,0,0,0,0
CLI02651,Premium,Mensal,Cartão,Indicação,25,107.91,10,20.3,20.7,5,6,0,0,1,0
CLI02652,Essencial,Mensal,Cartão,Mídia paga,19,47.4,5,2.1,49.1,7,7,1,0,0,0
CLI02653,Plus,Mensal,Boleto,Indicação,34,63.92,20,5.3,21.9,4,5,4,1,0,0
CLI02654,Plus,Mensal,Cartão,Parceiro,16,79.9,0,5.4,76.2,9,4,1,1,0,1
CLI02655,Essencial,Mensal,Débito automático,Mídia paga,33,47.4,5,3.8,4.0,5,9,0,0,0,0
CLI02656,Premium,Mensal,Pix,Busca orgânica,52,101.92,15,3.4,54.2,3,9,0,0,0,0
CLI02657,Essencial,Anual,Débito automático,Parceiro,34,44.91,10,1.2,24.9,5,5,1,0,0,0
CLI02658,Plus,Mensal,Boleto,Indicação,11,79.9,0,4.8,23.1,3,7,1,2,0,1
CLI02659,Essencial,Mensal,Boleto,Mídia paga,25,39.92,20,5.9,7.6,2,7,0,0,1,0
CLI02660,Essencial,Mensal,Débito automático,Mídia paga,85,44.91,10,3.6,25.4,9,7,1,0,0,0
CLI02661,Premium,Anual,Cartão,Indicação,37,95.92,20,3.9,58.6,14,7,0,0,1,0
CLI02662,Essencial,Mensal,Cartão,Busca orgânica,18,44.91,10,7.8,28.6,4,7,0,0,1,0
CLI02663,Essencial,Anual,Cartão,Indicação,15,49.9,0,2.4,40.6,10,8,0,1,0,0
CLI02664,Essencial,Mensal,Débito automático,Mídia paga,18,39.92,20,4.4,35.9,6,7,1,0,0,1
CLI02665,Plus,Mensal,Cartão,Mídia paga,44,67.92,15,2.6,72.0,13,7,0,2,0,0
CLI02666,Plus,Mensal,Cartão,Busca orgânica,31,75.9,5,7.3,22.3,4,5,1,2,0,0
CLI02667,Premium,Mensal,Cartão,Mídia paga,12,119.9,0,4.0,40.8,10,6,0,2,0,0
CLI02668,Essencial,Anual,Débito automático,Parceiro,51,42.42,15,1.5,60.3,9,2,1,0,1,1
CLI02669,Plus,Mensal,Cartão,Busca orgânica,84,71.91,10,6.6,11.2,3,8,0,0,1,0
CLI02670,Plus,Mensal,Cartão,Mídia paga,32,79.9,0,3.1,45.8,5,6,1,1,0,1
CLI02671,Plus,Mensal,Pix,Indicação,57,75.9,5,4.5,77.9,12,5,0,3,0,1
CLI02672,Essencial,Mensal,Pix,Parceiro,11,39.92,20,1.9,0.3,3,7,0,0,0,0
CLI02673,Essencial,Mensal,Boleto,Mídia paga,23,44.91,10,1.4,32.4,5,6,1,1,1,0
CLI02674,Plus,Mensal,Débito automático,Parceiro,10,71.91,10,4.2,22.4,4,8,1,0,0,1
CLI02675,Plus,Anual,Débito automático,Mídia paga,45,71.91,10,3.9,27.7,9,7,2,0,1,0
CLI02676,Plus,Mensal,Cartão,Busca orgânica,27,75.9,5,5.4,40.8,8,9,0,1,0,0
CLI02677,Plus,Mensal,Cartão,Indicação,4,71.91,10,4.9,45.7,6,10,0,2,1,0
CLI02678,Plus,Anual,Débito automático,Busca orgânica,11,79.9,0,6.1,8.9,3,10,2,0,0,0
CLI02679,Plus,Mensal,Cartão,Indicação,24,79.9,0,1.5,13.4,5,8,0,2,1,1
CLI02680,Essencial,Mensal,Débito automático,Mídia paga,7,42.42,15,2.2,32.1,7,5,2,0,0,0
CLI02681,Plus,Anual,Boleto,Busca orgânica,11,79.9,0,6.2,19.0,7,6,1,0,1,0
CLI02682,Premium,Anual,Cartão,Mídia paga,54,113.9,5,11.2,25.1,9,6,1,0,0,0
CLI02683,Essencial,Anual,Débito automático,Mídia paga,15,49.9,0,6.8,30.1,1,8,0,0,0,0
CLI02684,Plus,Anual,Cartão,Busca orgânica,32,63.92,20,8.3,4.8,4,10,0,0,0,0
CLI02685,Essencial,Mensal,Cartão,Mídia paga,49,49.9,0,1.7,36.7,5,8,1,0,0,0
CLI02686,Plus,Anual,Cartão,Busca orgânica,43,71.91,10,5.0,7.3,9,5,0,0,1,0
CLI02687,Essencial,Mensal,Pix,Busca orgânica,70,47.4,5,1.8,13.2,4,6,0,0,0,0
CLI02688,Plus,Mensal,Boleto,Busca orgânica,51,79.9,0,5.5,32.6,7,5,2,0,0,0
CLI02689,Essencial,Anual,Cartão,Indicação,31,49.9,0,3.7,45.6,5,6,2,0,0,0
CLI02690,Plus,Anual,Débito automático,Busca orgânica,7,63.92,20,0.8,14.7,5,4,3,2,0,0
CLI02691,Premium,Anual,Cartão,Busca orgânica,25,119.9,0,11.0,46.8,10,4,2,1,0,1
CLI02692,Essencial,Mensal,Cartão,Indicação,43,47.4,5,3.6,28.1,6,6,0,0,0,0
CLI02693,Premium,Anual,Pix,Busca orgânica,13,119.9,0,3.3,21.5,3,6,0,0,0,0
CLI02694,Premium,Mensal,Débito automático,Busca orgânica,54,107.91,10,1.2,20.4,5,10,0,0,0,0
CLI02695,Premium,Anual,Débito automático,Mídia paga,27,119.9,0,19.9,31.1,5,6,2,0,0,0
CLI02696,Essencial,Anual,Boleto,Indicação,43,44.91,10,3.9,4.9,7,9,1,0,0,0
CLI02697,Plus,Mensal,Cartão,Busca orgânica,43,75.9,5,5.2,5.9,9,7,1,1,0,0
CLI02698,Essencial,Anual,Pix,Indicação,44,44.91,10,4.1,14.8,8,9,1,0,0,0
CLI02699,Essencial,Mensal,Cartão,Indicação,18,49.9,0,3.3,10.8,5,6,2,0,0,0
CLI02700,Premium,Mensal,Débito automático,Busca orgânica,70,107.91,10,2.6,34.4,5,9,1,0,0,0
CLI02701,Plus,Anual,Cartão,Busca orgânica,61,79.9,0,4.1,11.1,8,9,1,0,1,0
CLI02702,Plus,Anual,Cartão,Mídia paga,29,67.92,15,3.0,8.1,8,9,1,1,0,0
CLI02703,Essencial,Mensal,Débito automático,Mídia paga,10,44.91,10,5.9,41.4,10,9,0,0,1,1
CLI02704,Plus,Mensal,Cartão,Parceiro,19,79.9,0,6.8,13.6,6,8,0,0,0,0
CLI02705,Plus,Mensal,Débito automático,Parceiro,18,75.9,5,7.2,27.6,5,8,0,0,0,0
CLI02706,Plus,Mensal,Boleto,Indicação,7,63.92,20,1.0,3.1,5,10,0,0,0,0
CLI02707,Premium,Mensal,Cartão,Indicação,16,119.9,0,13.8,90.5,8,6,2,0,0,1
CLI02708,Essencial,Mensal,Pix,Busca orgânica,1,49.9,0,1.3,4.6,4,6,0,0,0,0
CLI02709,Essencial,Mensal,Boleto,Mídia paga,38,47.4,5,10.1,24.0,7,6,2,0,1,0
CLI02710,Plus,Anual,Débito automático,Mídia paga,23,79.9,0,2.8,63.7,14,6,0,1,0,0
CLI02711,Premium,Mensal,Cartão,Busca orgânica,45,107.91,10,7.3,36.7,14,4,1,0,1,0
CLI02712,Essencial,Mensal,Débito automático,Parceiro,21,42.42,15,2.3,35.7,6,7,0,0,0,0
CLI02713,Essencial,Anual,Pix,Busca orgânica,7,47.4,5,0.2,16.4,4,8,2,1,0,0
CLI02714,Essencial,Mensal,Débito automático,Parceiro,10,39.92,20,1.2,14.0,7,7,1,1,0,0
CLI02715,Premium,Anual,Pix,Parceiro,26,119.9,0,11.7,17.7,4,8,1,0,0,0
CLI02716,Essencial,Mensal,Cartão,Busca orgânica,26,42.42,15,3.2,48.3,12,5,2,2,1,1
CLI02717,Plus,Mensal,Débito automático,Indicação,16,79.9,0,7.3,43.5,12,6,2,1,1,1
CLI02718,Premium,Anual,Cartão,Busca orgânica,15,101.92,15,0.6,18.7,4,8,0,0,1,0
CLI02719,Essencial,Mensal,Débito automático,Busca orgânica,46,42.42,15,1.6,37.7,5,7,1,0,0,0
CLI02720,Plus,Mensal,Débito automático,Parceiro,5,79.9,0,6.2,63.9,19,6,2,0,0,0
CLI02721,Plus,Anual,Boleto,Parceiro,33,79.9,0,2.7,18.7,6,6,3,2,0,0
CLI02722,Plus,Mensal,Cartão,Indicação,22,79.9,0,13.2,29.7,11,6,2,2,0,0
CLI02723,Essencial,Anual,Cartão,Indicação,46,47.4,5,15.3,23.5,11,5,1,1,0,0
CLI02724,Essencial,Mensal,Cartão,Mídia paga,88,39.92,20,2.8,22.4,6,6,1,1,0,0
CLI02725,Essencial,Mensal,Cartão,Mídia paga,9,44.91,10,2.9,13.7,6,5,0,0,1,0
CLI02726,Plus,Anual,Cartão,Mídia paga,41,71.91,10,3.3,15.7,5,8,0,2,1,0
CLI02727,Plus,Mensal,Pix,Busca orgânica,40,71.91,10,7.2,27.0,3,5,0,0,1,0
CLI02728,Essencial,Mensal,Cartão,Indicação,14,47.4,5,3.3,51.8,9,6,0,1,0,0
CLI02729,Essencial,Anual,Boleto,Busca orgânica,18,44.91,10,9.6,0.7,0,7,0,2,0,0
CLI02730,Premium,Mensal,Cartão,Indicação,23,119.9,0,3.6,33.1,5,6,2,0,0,0
CLI02731,Essencial,Anual,Cartão,Busca orgânica,39,44.91,10,4.1,8.9,5,8,0,0,1,0
CLI02732,Essencial,Mensal,Débito automático,Indicação,28,44.91,10,5.7,14.1,4,7,1,0,1,0
CLI02733,Plus,Mensal,Cartão,Busca orgânica,63,71.91,10,6.7,27.2,5,5,0,3,0,1
CLI02734,Essencial,Anual,Débito automático,Mídia paga,13,49.9,0,9.5,9.7,5,9,0,0,1,0
CLI02735,Essencial,Anual,Débito automático,Indicação,25,47.4,5,5.0,19.8,7,8,0,0,1,0
CLI02736,Plus,Mensal,Débito automático,Parceiro,32,79.9,0,15.5,8.5,5,9,1,0,0,0
CLI02737,Essencial,Anual,Débito automático,Indicação,21,49.9,0,2.2,5.0,5,6,2,0,1,0
CLI02738,Plus,Mensal,Débito automático,Mídia paga,11,71.91,10,12.8,41.8,4,6,1,0,0,0
CLI02739,Plus,Mensal,Boleto,Busca orgânica,55,75.9,5,4.1,39.1,7,4,1,2,0,1
CLI02740,Plus,Anual,Cartão,Mídia paga,32,79.9,0,2.1,33.7,8,9,0,2,0,0
CLI02741,Essencial,Mensal,Pix,Indicação,5,42.42,15,6.3,30.1,6,8,0,0,1,0
CLI02742,Premium,Mensal,Débito automático,Busca orgânica,16,119.9,0,2.6,44.8,8,5,1,0,0,0
CLI02743,Essencial,Anual,Cartão,Parceiro,13,47.4,5,2.5,73.8,9,5,1,0,0,0
CLI02744,Plus,Mensal,Pix,Indicação,73,75.9,5,6.2,7.6,4,9,0,0,0,0
CLI02745,Essencial,Anual,Débito automático,Mídia paga,22,47.4,5,0.6,86.6,13,7,0,0,0,1
CLI02746,Plus,Anual,Cartão,Mídia paga,65,79.9,0,2.9,6.7,9,8,0,1,1,0
CLI02747,Essencial,Mensal,Cartão,Busca orgânica,36,49.9,0,1.0,26.5,7,10,0,0,0,0
CLI02748,Essencial,Mensal,Débito automático,Indicação,35,49.9,0,3.3,18.9,7,9,0,0,0,0
CLI02749,Plus,Anual,Cartão,Mídia paga,16,79.9,0,4.0,31.1,5,5,2,1,0,0
CLI02750,Essencial,Anual,Cartão,Parceiro,22,49.9,0,5.2,22.3,6,8,0,0,0,0
CLI02751,Essencial,Mensal,Débito automático,Indicação,8,42.42,15,8.7,15.9,2,6,0,0,1,0
CLI02752,Plus,Mensal,Débito automático,Mídia paga,50,79.9,0,3.8,18.3,10,5,2,0,0,1
CLI02753,Premium,Mensal,Pix,Mídia paga,51,119.9,0,10.5,1.9,3,6,1,0,1,0
CLI02754,Essencial,Anual,Cartão,Mídia paga,35,47.4,5,1.4,33.8,6,7,0,0,0,0
CLI02755,Premium,Anual,Cartão,Mídia paga,28,119.9,0,12.8,9.0,6,7,3,0,1,0
CLI02756,Plus,Anual,Débito automático,Indicação,24,75.9,5,13.4,43.3,4,8,1,0,0,0
CLI02757,Premium,Mensal,Cartão,Busca orgânica,73,113.9,5,5.6,9.7,2,8,1,2,0,0
CLI02758,Plus,Anual,Boleto,Parceiro,56,67.92,15,2.9,17.1,5,9,2,0,0,0
CLI02759,Plus,Mensal,Débito automático,Mídia paga,32,79.9,0,3.4,15.0,5,7,1,0,0,0
CLI02760,Plus,Mensal,Cartão,Busca orgânica,18,79.9,0,2.4,10.3,3,6,0,1,0,0
CLI02761,Plus,Mensal,Pix,Mídia paga,17,79.9,0,6.9,31.4,9,8,0,1,0,0
CLI02762,Premium,Mensal,Boleto,Indicação,69,113.9,5,7.6,50.8,13,7,1,0,1,0
CLI02763,Essencial,Mensal,Débito automático,Indicação,14,49.9,0,1.5,60.8,14,3,7,0,0,0
CLI02764,Essencial,Mensal,Pix,Indicação,25,44.91,10,3.2,14.5,6,8,1,2,0,0
CLI02765,Essencial,Mensal,Cartão,Indicação,40,44.91,10,3.1,14.8,6,7,1,0,0,0
CLI02766,Premium,Anual,Débito automático,Busca orgânica,48,113.9,5,3.9,39.6,9,5,1,1,1,0
CLI02767,Essencial,Mensal,Débito automático,Busca orgânica,34,49.9,0,6.0,17.5,1,4,1,0,1,0
CLI02768,Plus,Mensal,Pix,Mídia paga,29,75.9,5,5.3,24.1,4,7,0,1,0,0
CLI02769,Premium,Mensal,Cartão,Parceiro,27,119.9,0,8.2,11.4,2,8,0,0,1,0
CLI02770,Premium,Mensal,Boleto,Busca orgânica,23,101.92,15,9.2,16.3,2,7,0,1,0,0
CLI02771,Essencial,Mensal,Pix,Indicação,11,49.9,0,5.5,39.5,7,6,0,0,1,0
CLI02772,Plus,Anual,Cartão,Parceiro,44,67.92,15,13.7,52.8,8,7,0,0,0,0
CLI02773,Premium,Mensal,Cartão,Indicação,19,95.92,20,8.3,34.6,7,8,1,0,1,0
CLI02774,Essencial,Mensal,Cartão,Busca orgânica,9,49.9,0,3.4,26.6,4,8,0,0,0,0
CLI02775,Plus,Anual,Cartão,Indicação,12,67.92,15,10.3,55.5,5,8,1,0,0,0
CLI02776,Essencial,Mensal,Cartão,Parceiro,31,42.42,15,3.3,12.3,3,9,0,0,0,0
CLI02777,Plus,Anual,Pix,Busca orgânica,42,71.91,10,11.4,27.8,5,5,2,1,1,1
CLI02778,Plus,Mensal,Cartão,Parceiro,31,67.92,15,2.5,9.0,5,8,0,0,0,0
CLI02779,Essencial,Anual,Cartão,Parceiro,25,47.4,5,5.8,18.0,7,6,2,1,0,0
CLI02780,Essencial,Mensal,Cartão,Parceiro,26,44.91,10,2.0,1.1,7,8,2,0,0,0
CLI02781,Essencial,Mensal,Cartão,Mídia paga,15,47.4,5,1.6,29.2,6,8,1,1,1,0
CLI02782,Essencial,Mensal,Cartão,Mídia paga,51,39.92,20,1.9,40.9,9,7,0,1,0,0
CLI02783,Plus,Mensal,Cartão,Parceiro,12,75.9,5,1.3,2.0,3,7,2,0,0,1
CLI02784,Essencial,Anual,Débito automático,Indicação,34,49.9,0,0.7,27.8,3,6,0,0,0,0
CLI02785,Essencial,Mensal,Pix,Mídia paga,49,44.91,10,1.0,6.4,3,8,1,1,0,0
CLI02786,Plus,Mensal,Débito automático,Indicação,32,71.91,10,2.7,11.1,6,9,2,0,0,0
CLI02787,Plus,Anual,Cartão,Busca orgânica,40,67.92,15,5.6,27.8,9,5,1,0,1,0
CLI02788,Plus,Anual,Cartão,Busca orgânica,16,79.9,0,2.6,58.7,9,6,0,1,1,0
CLI02789,Premium,Mensal,Cartão,Parceiro,33,107.91,10,18.9,35.4,6,8,0,0,0,0
CLI02790,Essencial,Mensal,Cartão,Busca orgânica,47,47.4,5,0.7,61.2,8,7,0,0,0,1
CLI02791,Premium,Anual,Pix,Mídia paga,44,107.91,10,12.1,9.9,4,10,1,0,0,0
CLI02792,Essencial,Anual,Débito automático,Mídia paga,47,47.4,5,4.4,66.3,7,6,0,0,1,0
CLI02793,Plus,Anual,Pix,Mídia paga,22,79.9,0,2.9,15.0,9,8,0,0,0,0
CLI02794,Premium,Anual,Cartão,Indicação,53,119.9,0,5.5,62.8,9,8,1,1,0,1
CLI02795,Premium,Mensal,Cartão,Mídia paga,30,119.9,0,16.1,37.2,10,5,1,2,1,1
CLI02796,Plus,Anual,Boleto,Mídia paga,21,71.91,10,4.4,62.3,7,6,0,0,0,0
CLI02797,Plus,Mensal,Cartão,Parceiro,70,79.9,0,2.2,39.4,6,6,1,2,0,1
CLI02798,Essencial,Mensal,Cartão,Parceiro,5,42.42,15,1.7,23.5,10,6,1,0,0,0
CLI02799,Plus,Anual,Cartão,Indicação,28,75.9,5,3.9,5.4,4,7,0,0,0,0
CLI02800,Plus,Mensal,Boleto,Indicação,16,79.9,0,14.4,19.9,9,7,1,0,0,1
CLI02801,Premium,Mensal,Boleto,Mídia paga,44,101.92,15,3.7,55.9,7,7,1,0,1,0
CLI02802,Plus,Anual,Cartão,Busca orgânica,15,79.9,0,10.0,60.6,12,6,0,1,0,0
CLI02803,Essencial,Mensal,Cartão,Mídia paga,7,49.9,0,2.2,34.4,12,7,1,0,1,0
CLI02804,Plus,Mensal,Débito automático,Mídia paga,20,79.9,0,2.5,47.5,15,6,1,0,0,0
CLI02805,Essencial,Mensal,Cartão,Indicação,22,47.4,5,2.9,22.1,10,6,0,1,1,0
CLI02806,Essencial,Anual,Cartão,Mídia paga,18,49.9,0,0.7,22.0,8,7,0,1,1,0
CLI02807,Essencial,Mensal,Cartão,Busca orgânica,10,42.42,15,4.6,32.4,3,7,0,0,1,0
CLI02808,Plus,Mensal,Cartão,Parceiro,24,75.9,5,4.6,10.1,4,9,0,1,1,0
CLI02809,Essencial,Mensal,Cartão,Busca orgânica,6,49.9,0,3.9,34.8,6,6,2,0,0,1
CLI02810,Essencial,Mensal,Débito automático,Mídia paga,24,44.91,10,7.3,33.9,6,7,1,0,1,0
CLI02811,Essencial,Anual,Débito automático,Indicação,25,39.92,20,2.7,31.4,5,7,0,0,0,0
CLI02812,Premium,Mensal,Pix,Busca orgânica,65,101.92,15,5.6,6.0,1,8,1,1,0,0
CLI02813,Plus,Anual,Cartão,Indicação,31,79.9,0,7.4,26.0,11,6,2,0,1,0
CLI02814,Essencial,Mensal,Cartão,Mídia paga,6,42.42,15,1.3,44.0,11,8,1,2,0,0
CLI02815,Essencial,Mensal,Débito automático,Parceiro,37,49.9,0,0.7,3.0,8,10,0,0,0,0
CLI02816,Plus,Mensal,Cartão,Mídia paga,72,79.9,0,1.7,38.8,12,5,2,0,0,0
CLI02817,Essencial,Anual,Cartão,Mídia paga,15,47.4,5,1.4,14.0,7,8,1,0,0,0
CLI02818,Plus,Anual,Cartão,Indicação,25,71.91,10,9.5,12.0,4,8,1,0,1,0
CLI02819,Essencial,Mensal,Cartão,Parceiro,22,47.4,5,3.0,19.0,6,8,1,0,1,0
CLI02820,Premium,Mensal,Pix,Busca orgânica,26,107.91,10,6.7,42.1,11,9,2,0,1,1
CLI02821,Essencial,Mensal,Cartão,Mídia paga,26,49.9,0,3.8,37.3,8,6,0,0,0,0
CLI02822,Plus,Mensal,Débito automático,Busca orgânica,25,79.9,0,10.0,47.9,9,5,0,0,1,0
CLI02823,Essencial,Mensal,Cartão,Mídia paga,17,39.92,20,3.2,46.8,9,9,0,0,1,0
CLI02824,Premium,Anual,Débito automático,Busca orgânica,23,113.9,5,2.3,3.7,1,9,1,0,0,0
CLI02825,Premium,Mensal,Pix,Busca orgânica,28,107.91,10,6.6,32.4,10,6,1,1,1,0
CLI02826,Plus,Anual,Cartão,Indicação,30,79.9,0,14.0,59.7,7,4,1,1,1,0
CLI02827,Plus,Anual,Débito automático,Mídia paga,34,79.9,0,3.5,11.1,8,8,0,1,0,0
CLI02828,Essencial,Mensal,Boleto,Busca orgânica,57,49.9,0,7.5,12.6,6,6,2,0,1,0
CLI02829,Plus,Mensal,Cartão,Parceiro,40,71.91,10,5.9,54.2,13,10,0,0,0,0
CLI02830,Plus,Anual,Débito automático,Mídia paga,30,79.9,0,11.1,29.7,4,6,0,0,1,0
CLI02831,Essencial,Mensal,Pix,Parceiro,21,44.91,10,2.0,79.8,16,7,2,1,0,1
CLI02832,Essencial,Mensal,Débito automático,Busca orgânica,92,49.9,0,1.8,3.2,4,10,0,0,0,0
CLI02833,Plus,Anual,Cartão,Mídia paga,6,79.9,0,0.6,0.4,1,6,1,0,1,1
CLI02834,Premium,Mensal,Cartão,Busca orgânica,34,107.91,10,4.9,51.6,10,8,3,0,0,1
CLI02835,Plus,Anual,Cartão,Parceiro,45,75.9,5,2.2,66.4,9,5,2,0,1,0
CLI02836,Plus,Mensal,Cartão,Busca orgânica,28,67.92,15,3.1,17.1,4,5,1,0,0,0
CLI02837,Plus,Mensal,Cartão,Busca orgânica,16,71.91,10,6.1,45.6,11,7,1,1,1,1
CLI02838,Essencial,Mensal,Débito automático,Busca orgânica,37,49.9,0,0.4,2.7,8,6,1,0,1,0
CLI02839,Essencial,Mensal,Cartão,Busca orgânica,12,49.9,0,0.3,9.6,7,8,1,0,0,0
CLI02840,Essencial,Mensal,Cartão,Parceiro,45,44.91,10,4.4,18.7,12,8,0,0,1,0
CLI02841,Plus,Mensal,Cartão,Indicação,11,79.9,0,3.1,24.3,6,5,0,0,0,0
CLI02842,Essencial,Mensal,Cartão,Mídia paga,61,49.9,0,6.2,15.2,2,9,1,1,0,0
CLI02843,Essencial,Mensal,Débito automático,Busca orgânica,37,47.4,5,6.3,5.8,6,8,0,0,1,0
CLI02844,Essencial,Mensal,Débito automático,Indicação,29,44.91,10,2.6,52.6,10,5,0,1,0,0
CLI02845,Essencial,Mensal,Cartão,Parceiro,24,49.9,0,1.9,14.2,3,6,0,2,0,0
CLI02846,Plus,Mensal,Cartão,Mídia paga,26,71.91,10,4.9,60.4,8,5,1,0,0,1
CLI02847,Essencial,Mensal,Cartão,Parceiro,13,49.9,0,6.2,57.3,11,7,2,1,0,0
CLI02848,Essencial,Mensal,Boleto,Busca orgânica,28,44.91,10,5.2,6.2,6,7,0,0,0,0
CLI02849,Plus,Mensal,Cartão,Mídia paga,20,79.9,0,14.8,67.7,8,6,1,0,0,0
CLI02850,Essencial,Mensal,Cartão,Mídia paga,19,44.91,10,1.8,27.6,7,5,0,0,0,0
CLI02851,Essencial,Mensal,Cartão,Mídia paga,88,47.4,5,2.0,27.5,7,7,1,0,1,0
CLI02852,Essencial,Anual,Cartão,Indicação,20,49.9,0,6.5,20.7,6,10,0,0,0,1
CLI02853,Plus,Anual,Cartão,Indicação,22,79.9,0,3.8,25.9,5,8,1,0,0,0
CLI02854,Essencial,Mensal,Boleto,Indicação,51,42.42,15,1.5,25.5,1,7,0,2,0,1
CLI02855,Plus,Anual,Cartão,Mídia paga,13,67.92,15,2.8,73.6,17,5,0,0,0,0
CLI02856,Premium,Mensal,Cartão,Mídia paga,60,119.9,0,7.0,25.5,6,5,1,0,0,0
CLI02857,Plus,Mensal,Cartão,Mídia paga,22,71.91,10,13.5,39.8,8,8,0,0,0,1
CLI02858,Essencial,Mensal,Cartão,Indicação,15,42.42,15,8.6,11.6,9,7,0,1,0,0
CLI02859,Plus,Mensal,Boleto,Mídia paga,6,79.9,0,8.8,14.0,6,10,0,0,0,0
CLI02860,Essencial,Mensal,Débito automático,Indicação,55,47.4,5,2.4,28.2,7,10,0,0,0,0
CLI02861,Essencial,Mensal,Boleto,Parceiro,18,47.4,5,2.4,9.4,5,10,0,0,1,0
CLI02862,Plus,Anual,Débito automático,Busca orgânica,21,79.9,0,13.2,7.9,3,9,0,0,0,0
CLI02863,Essencial,Mensal,Pix,Mídia paga,22,49.9,0,2.1,23.8,6,8,0,0,0,0
CLI02864,Essencial,Mensal,Pix,Indicação,18,42.42,15,6.5,36.0,6,6,1,1,0,0
CLI02865,Essencial,Mensal,Pix,Busca orgânica,36,44.91,10,4.1,13.7,6,9,0,0,0,0
CLI02866,Essencial,Mensal,Débito automático,Busca orgânica,47,44.91,10,2.0,31.9,3,6,0,0,0,0
CLI02867,Essencial,Mensal,Débito automático,Busca orgânica,91,44.91,10,4.7,39.9,6,9,0,0,0,0
CLI02868,Plus,Mensal,Pix,Indicação,63,75.9,5,6.3,19.4,8,8,1,0,1,0
CLI02869,Premium,Mensal,Cartão,Busca orgânica,29,107.91,10,1.2,14.9,3,9,1,2,0,0
CLI02870,Essencial,Mensal,Débito automático,Indicação,46,44.91,10,2.7,8.3,4,10,0,0,1,0
CLI02871,Plus,Mensal,Cartão,Parceiro,75,75.9,5,5.2,29.0,12,8,0,2,1,0
CLI02872,Essencial,Anual,Pix,Busca orgânica,50,49.9,0,3.9,65.8,3,5,0,0,0,0
CLI02873,Essencial,Anual,Pix,Busca orgânica,30,49.9,0,1.9,24.3,6,7,0,0,0,0
CLI02874,Essencial,Mensal,Pix,Mídia paga,37,44.91,10,2.8,4.9,5,10,0,0,0,0
CLI02875,Essencial,Mensal,Pix,Mídia paga,61,44.91,10,2.4,43.7,6,8,1,0,1,0
CLI02876,Essencial,Anual,Débito automático,Indicação,4,47.4,5,2.5,44.3,13,4,0,0,0,0
CLI02877,Essencial,Anual,Débito automático,Mídia paga,24,49.9,0,8.3,48.8,6,5,0,0,1,0
CLI02878,Essencial,Mensal,Cartão,Parceiro,3,44.91,10,7.8,22.8,7,8,0,0,1,0
CLI02879,Plus,Mensal,Cartão,Busca orgânica,10,79.9,0,1.7,1.1,1,6,0,0,0,0
CLI02880,Essencial,Anual,Cartão,Indicação,2,44.91,10,3.2,33.5,8,8,0,1,0,0
CLI02881,Essencial,Mensal,Cartão,Busca orgânica,22,44.91,10,5.4,35.2,6,5,2,1,0,0
CLI02882,Essencial,Anual,Cartão,Parceiro,71,39.92,20,1.8,22.6,6,8,2,0,0,0
CLI02883,Plus,Mensal,Débito automático,Indicação,56,79.9,0,4.6,30.8,8,5,0,1,1,0
CLI02884,Essencial,Mensal,Débito automático,Indicação,15,44.91,10,1.4,21.7,6,7,0,1,0,0
CLI02885,Plus,Anual,Cartão,Parceiro,37,71.91,10,1.8,40.1,7,7,1,1,0,0
CLI02886,Essencial,Anual,Débito automático,Mídia paga,12,49.9,0,3.3,31.7,4,5,3,0,1,0
CLI02887,Essencial,Mensal,Cartão,Busca orgânica,29,44.91,10,1.2,11.6,7,8,1,0,1,0
CLI02888,Premium,Anual,Débito automático,Indicação,65,119.9,0,7.3,64.5,10,10,0,0,1,0
CLI02889,Essencial,Anual,Cartão,Mídia paga,9,44.91,10,3.4,56.4,8,8,1,1,1,0
CLI02890,Essencial,Mensal,Débito automático,Mídia paga,33,44.91,10,4.2,47.3,10,7,1,2,0,0
CLI02891,Essencial,Anual,Cartão,Busca orgânica,45,42.42,15,1.1,23.9,4,7,0,1,0,0
CLI02892,Premium,Mensal,Cartão,Indicação,17,95.92,20,1.5,0.5,1,5,3,0,1,0
CLI02893,Plus,Mensal,Cartão,Parceiro,33,63.92,20,15.9,34.5,4,7,0,1,1,0
CLI02894,Plus,Anual,Débito automático,Mídia paga,14,71.91,10,4.2,55.6,7,7,0,0,1,0
CLI02895,Premium,Mensal,Boleto,Busca orgânica,30,113.9,5,9.0,2.3,3,8,2,0,0,0
CLI02896,Essencial,Anual,Pix,Parceiro,30,44.91,10,3.3,34.5,5,5,3,0,1,0
CLI02897,Premium,Mensal,Débito automático,Mídia paga,8,107.91,10,5.3,8.8,7,8,0,1,1,0
CLI02898,Essencial,Mensal,Cartão,Parceiro,7,42.42,15,3.4,51.0,12,7,0,2,1,0
CLI02899,Plus,Mensal,Débito automático,Indicação,6,79.9,0,2.7,38.5,12,7,1,0,0,0
CLI02900,Essencial,Mensal,Débito automático,Busca orgânica,38,44.91,10,3.1,17.3,3,8,0,1,0,0
CLI02901,Essencial,Anual,Cartão,Mídia paga,34,49.9,0,5.8,11.9,6,6,0,0,0,0
CLI02902,Premium,Mensal,Pix,Busca orgânica,28,119.9,0,5.4,57.4,8,7,1,0,0,0
CLI02903,Essencial,Mensal,Cartão,Busca orgânica,23,44.91,10,8.8,4.1,1,10,1,0,0,0
CLI02904,Premium,Mensal,Cartão,Mídia paga,47,107.91,10,8.4,10.3,7,7,0,0,0,0
CLI02905,Essencial,Mensal,Cartão,Mídia paga,21,47.4,5,1.6,10.0,4,7,1,0,0,0
CLI02906,Plus,Anual,Débito automático,Busca orgânica,15,75.9,5,6.9,43.2,10,6,2,0,0,0
CLI02907,Premium,Anual,Débito automático,Busca orgânica,10,119.9,0,12.3,22.1,3,7,0,0,0,0
CLI02908,Essencial,Mensal,Cartão,Mídia paga,27,44.91,10,2.3,2.8,5,7,0,0,0,0
CLI02909,Premium,Mensal,Boleto,Mídia paga,31,119.9,0,7.4,4.7,5,5,0,3,0,0
CLI02910,Plus,Anual,Débito automático,Busca orgânica,26,71.91,10,1.6,57.0,12,4,2,1,0,1
CLI02911,Plus,Mensal,Pix,Busca orgânica,43,75.9,5,5.3,34.2,5,6,0,0,0,0
CLI02912,Essencial,Mensal,Boleto,Indicação,21,44.91,10,2.3,15.2,4,8,0,0,1,0
CLI02913,Plus,Mensal,Débito automático,Mídia paga,96,79.9,0,1.8,1.5,2,8,1,0,0,0
CLI02914,Plus,Mensal,Cartão,Mídia paga,27,79.9,0,3.4,17.9,4,8,0,0,0,0
CLI02915,Essencial,Mensal,Boleto,Mídia paga,19,47.4,5,3.7,58.3,9,10,0,0,0,0
CLI02916,Essencial,Mensal,Cartão,Mídia paga,20,47.4,5,10.0,25.6,9,10,1,0,0,0
CLI02917,Essencial,Anual,Cartão,Indicação,35,42.42,15,5.6,49.5,8,6,0,0,0,0
CLI02918,Premium,Mensal,Cartão,Busca orgânica,91,107.91,10,14.6,18.4,8,9,0,0,0,0
CLI02919,Essencial,Anual,Débito automático,Busca orgânica,16,44.91,10,6.4,13.1,3,8,0,0,1,0
CLI02920,Plus,Mensal,Boleto,Busca orgânica,40,71.91,10,7.3,15.3,8,7,1,0,0,0
CLI02921,Premium,Mensal,Cartão,Busca orgânica,33,119.9,0,5.0,3.8,5,8,1,0,0,0
CLI02922,Essencial,Anual,Pix,Indicação,66,47.4,5,4.0,22.4,5,10,0,0,0,0
CLI02923,Essencial,Mensal,Cartão,Parceiro,15,44.91,10,1.5,7.6,5,9,0,0,0,0
CLI02924,Plus,Mensal,Débito automático,Mídia paga,37,75.9,5,5.7,13.5,4,6,1,0,0,0
CLI02925,Essencial,Mensal,Cartão,Mídia paga,51,39.92,20,3.9,12.0,4,7,3,3,1,0
CLI02926,Plus,Anual,Pix,Mídia paga,40,75.9,5,4.2,27.1,11,10,0,0,1,0
CLI02927,Plus,Mensal,Pix,Mídia paga,47,75.9,5,4.3,29.9,9,7,3,0,1,0
CLI02928,Plus,Anual,Cartão,Indicação,21,79.9,0,4.0,47.9,8,5,0,0,0,0
CLI02929,Essencial,Mensal,Boleto,Indicação,32,49.9,0,4.5,4.3,1,9,0,1,1,0
CLI02930,Plus,Mensal,Boleto,Mídia paga,58,79.9,0,5.7,32.7,8,7,0,1,0,1
CLI02931,Plus,Mensal,Cartão,Busca orgânica,7,79.9,0,10.2,25.3,6,7,0,2,1,0
CLI02932,Essencial,Mensal,Débito automático,Indicação,21,44.91,10,7.9,63.7,15,5,2,1,1,1
CLI02933,Plus,Anual,Débito automático,Mídia paga,14,79.9,0,5.2,52.5,11,5,1,0,0,1
CLI02934,Premium,Mensal,Cartão,Indicação,14,119.9,0,4.8,22.7,9,6,3,0,0,0
CLI02935,Plus,Anual,Cartão,Indicação,34,71.91,10,3.8,17.2,5,7,0,0,0,0
CLI02936,Plus,Mensal,Débito automático,Parceiro,33,67.92,15,2.1,68.8,10,5,0,0,0,0
CLI02937,Essencial,Mensal,Pix,Mídia paga,22,49.9,0,2.1,42.7,9,8,0,0,0,0
CLI02938,Essencial,Mensal,Débito automático,Busca orgânica,30,47.4,5,5.4,3.8,4,7,1,0,0,0
CLI02939,Essencial,Anual,Pix,Indicação,26,49.9,0,4.7,40.3,8,5,2,0,1,0
CLI02940,Essencial,Mensal,Débito automático,Parceiro,6,42.42,15,2.8,6.9,2,9,0,0,0,1
CLI02941,Premium,Mensal,Cartão,Parceiro,10,113.9,5,13.2,24.2,7,8,1,0,0,0
CLI02942,Essencial,Anual,Cartão,Busca orgânica,40,44.91,10,3.2,10.1,5,7,0,1,0,0
CLI02943,Plus,Anual,Cartão,Busca orgânica,12,75.9,5,6.4,12.5,6,5,2,0,0,1
CLI02944,Essencial,Mensal,Cartão,Mídia paga,21,42.42,15,1.8,34.0,11,8,0,1,0,0
CLI02945,Essencial,Anual,Débito automático,Indicação,35,47.4,5,4.9,10.3,9,8,1,0,0,0
CLI02946,Essencial,Mensal,Débito automático,Busca orgânica,33,39.92,20,0.9,82.7,11,3,1,0,1,1
CLI02947,Essencial,Mensal,Cartão,Indicação,16,49.9,0,3.1,13.2,6,9,0,1,0,0
CLI02948,Plus,Mensal,Pix,Indicação,27,71.91,10,3.9,18.9,6,6,2,0,1,0
CLI02949,Premium,Anual,Cartão,Mídia paga,21,119.9,0,7.2,13.4,4,8,0,1,0,0
CLI02950,Premium,Mensal,Pix,Busca orgânica,25,119.9,0,19.1,4.2,4,6,2,0,0,0
CLI02951,Essencial,Anual,Boleto,Mídia paga,65,47.4,5,2.2,28.7,5,6,2,3,1,1
CLI02952,Plus,Anual,Cartão,Busca orgânica,37,79.9,0,6.4,31.9,8,9,3,1,0,0
CLI02953,Essencial,Mensal,Débito automático,Busca orgânica,25,49.9,0,4.9,39.6,5,6,2,0,0,0
CLI02954,Premium,Mensal,Cartão,Parceiro,27,119.9,0,9.8,12.9,6,8,1,0,1,1
CLI02955,Plus,Anual,Cartão,Busca orgânica,3,79.9,0,4.1,16.5,6,5,2,0,0,0
CLI02956,Essencial,Mensal,Débito automático,Busca orgânica,96,44.91,10,1.3,15.1,3,5,1,0,0,0
CLI02957,Essencial,Mensal,Débito automático,Busca orgânica,58,49.9,0,3.8,25.8,8,8,0,0,1,0
CLI02958,Essencial,Mensal,Pix,Mídia paga,20,42.42,15,2.5,19.6,8,4,0,0,0,0
CLI02959,Essencial,Anual,Débito automático,Mídia paga,6,49.9,0,4.0,12.5,4,10,1,0,0,0
CLI02960,Premium,Mensal,Débito automático,Indicação,21,95.92,20,4.1,2.2,3,8,0,0,0,0
CLI02961,Plus,Mensal,Pix,Indicação,51,75.9,5,6.4,36.6,10,8,1,0,1,0
CLI02962,Premium,Mensal,Cartão,Mídia paga,48,107.91,10,14.6,4.7,5,9,1,0,1,0
CLI02963,Essencial,Mensal,Cartão,Mídia paga,27,44.91,10,1.9,21.5,0,8,0,0,0,0
CLI02964,Plus,Anual,Pix,Indicação,80,79.9,0,6.2,13.2,6,7,1,0,0,0
CLI02965,Essencial,Mensal,Débito automático,Busca orgânica,23,47.4,5,3.1,39.4,12,5,2,0,0,0
CLI02966,Plus,Anual,Cartão,Mídia paga,22,79.9,0,7.3,20.9,9,6,2,0,0,0
CLI02967,Essencial,Anual,Cartão,Busca orgânica,35,42.42,15,1.7,24.9,5,4,1,0,0,0
CLI02968,Essencial,Mensal,Cartão,Mídia paga,15,42.42,15,0.8,47.0,6,7,2,0,0,0
CLI02969,Plus,Anual,Cartão,Busca orgânica,18,79.9,0,3.7,43.9,7,7,0,1,0,0
CLI02970,Essencial,Anual,Cartão,Mídia paga,41,47.4,5,4.7,7.8,1,9,0,0,0,0
CLI02971,Plus,Anual,Débito automático,Mídia paga,14,79.9,0,4.1,49.6,4,6,0,0,0,0
CLI02972,Plus,Anual,Débito automático,Parceiro,35,79.9,0,1.8,50.8,4,6,0,2,0,0
CLI02973,Essencial,Mensal,Boleto,Mídia paga,49,49.9,0,4.0,21.2,9,9,1,0,0,0
CLI02974,Premium,Anual,Débito automático,Busca orgânica,20,107.91,10,5.1,12.9,4,10,0,0,1,0
CLI02975,Plus,Mensal,Cartão,Mídia paga,23,71.91,10,3.7,57.0,10,5,1,2,0,0
CLI02976,Plus,Anual,Débito automático,Mídia paga,29,79.9,0,5.2,15.0,3,5,1,0,1,0
CLI02977,Plus,Mensal,Débito automático,Busca orgânica,14,75.9,5,10.8,33.6,7,6,0,0,1,1
CLI02978,Plus,Mensal,Pix,Busca orgânica,19,79.9,0,1.9,7.8,4,8,0,1,0,0
CLI02979,Plus,Anual,Pix,Indicação,8,71.91,10,4.4,17.7,3,6,1,0,0,0
CLI02980,Premium,Mensal,Pix,Mídia paga,12,119.9,0,11.2,5.3,3,8,2,0,0,0
CLI02981,Plus,Mensal,Cartão,Busca orgânica,25,79.9,0,11.2,38.4,7,7,1,0,0,0
CLI02982,Essencial,Anual,Cartão,Indicação,34,49.9,0,6.6,58.3,11,8,2,0,0,1
CLI02983,Essencial,Anual,Cartão,Mídia paga,34,47.4,5,1.5,9.2,4,8,0,2,0,0
CLI02984,Plus,Anual,Cartão,Parceiro,16,71.91,10,4.0,32.8,11,6,2,0,0,0
CLI02985,Essencial,Anual,Boleto,Indicação,17,49.9,0,2.5,2.4,2,8,0,0,0,0
CLI02986,Essencial,Anual,Cartão,Busca orgânica,18,49.9,0,1.4,22.3,3,7,1,1,0,0
CLI02987,Essencial,Anual,Cartão,Parceiro,27,44.91,10,9.4,18.5,3,8,2,0,0,0
CLI02988,Plus,Mensal,Débito automático,Parceiro,12,71.91,10,5.0,38.2,8,8,0,0,1,0
CLI02989,Essencial,Mensal,Débito automático,Busca orgânica,7,49.9,0,2.0,7.2,1,7,3,0,1,0
CLI02990,Plus,Anual,Pix,Indicação,30,67.92,15,3.0,1.2,4,7,1,0,0,0
CLI02991,Plus,Anual,Cartão,Busca orgânica,17,71.91,10,22.2,35.9,4,5,1,0,1,1
CLI02992,Premium,Mensal,Cartão,Busca orgânica,34,101.92,15,4.8,37.6,6,5,0,1,0,0
CLI02993,Essencial,Mensal,Débito automático,Busca orgânica,82,42.42,15,4.6,20.4,7,9,1,0,0,0
CLI02994,Plus,Mensal,Débito automático,Mídia paga,18,71.91,10,3.0,48.1,15,6,0,0,1,1
CLI02995,Plus,Anual,Cartão,Mídia paga,36,79.9,0,2.4,52.1,8,7,0,1,0,0
CLI02996,Plus,Anual,Boleto,Mídia paga,4,71.91,10,3.2,25.2,6,6,1,1,1,0
CLI02997,Plus,Mensal,Débito automático,Parceiro,20,75.9,5,4.0,19.9,6,8,1,0,1,0
CLI02998,Essencial,Mensal,Débito automático,Mídia paga,28,49.9,0,3.9,16.8,10,9,1,0,0,0
CLI02999,Premium,Mensal,Cartão,Busca orgânica,3,119.9,0,7.6,26.5,6,5,3,1,1,1
CLI03000,Essencial,Anual,Boleto,Indicação,60,49.9,0,3.0,42.1,4,6,1,0,0,0
CLI03001,Premium,Mensal,Pix,Mídia paga,14,113.9,5,1.3,17.5,7,7,1,0,0,0
CLI03002,Plus,Mensal,Cartão,Mídia paga,45,71.91,10,9.0,3.6,4,7,2,1,1,0
CLI03003,Essencial,Mensal,Cartão,Busca orgânica,38,39.92,20,1.2,55.4,9,8,0,1,0,0
CLI03004,Plus,Anual,Cartão,Indicação,69,71.91,10,7.9,3.0,3,7,0,0,0,0
CLI03005,Essencial,Mensal,Cartão,Mídia paga,4,49.9,0,3.6,20.4,3,5,1,0,0,1
CLI03006,Plus,Mensal,Cartão,Indicação,32,67.92,15,7.2,55.1,6,5,0,1,0,0
CLI03007,Plus,Mensal,Cartão,Mídia paga,24,63.92,20,10.7,22.8,4,6,2,0,0,0
CLI03008,Essencial,Anual,Pix,Indicação,3,47.4,5,6.9,26.5,2,4,1,0,1,0
CLI03009,Essencial,Mensal,Débito automático,Mídia paga,23,42.42,15,3.5,15.9,2,5,2,0,1,0
CLI03010,Plus,Mensal,Débito automático,Busca orgânica,21,71.91,10,7.5,25.9,8,7,2,0,0,0
CLI03011,Essencial,Mensal,Pix,Busca orgânica,9,49.9,0,3.1,27.5,5,8,0,0,0,0
CLI03012,Premium,Mensal,Cartão,Mídia paga,22,119.9,0,5.9,18.6,9,6,1,0,1,0
CLI03013,Plus,Anual,Cartão,Busca orgânica,20,71.91,10,4.0,28.5,3,8,1,0,0,0
CLI03014,Plus,Anual,Débito automático,Indicação,18,63.92,20,9.0,12.8,5,8,1,0,0,0
CLI03015,Essencial,Mensal,Débito automático,Indicação,32,49.9,0,4.6,17.9,4,6,0,0,1,1
CLI03016,Plus,Anual,Cartão,Indicação,42,67.92,15,6.9,10.4,4,7,2,0,1,0
CLI03017,Premium,Mensal,Boleto,Busca orgânica,14,119.9,0,5.0,8.1,7,9,1,1,0,0
CLI03018,Essencial,Anual,Débito automático,Indicação,24,47.4,5,5.7,6.8,8,8,0,0,1,0
CLI03019,Essencial,Mensal,Débito automático,Busca orgânica,68,47.4,5,5.8,23.7,3,6,0,0,0,0
CLI03020,Essencial,Mensal,Débito automático,Mídia paga,23,49.9,0,1.1,2.2,1,9,0,0,0,0
CLI03021,Essencial,Anual,Cartão,Mídia paga,14,49.9,0,9.7,67.6,16,6,0,0,0,0
CLI03022,Plus,Anual,Boleto,Indicação,11,79.9,0,3.6,11.3,4,9,0,0,0,0
CLI03023,Plus,Anual,Boleto,Mídia paga,37,75.9,5,6.9,39.5,14,7,0,1,0,0
CLI03024,Plus,Anual,Débito automático,Parceiro,15,79.9,0,2.6,31.9,7,9,0,0,0,0
CLI03025,Essencial,Anual,Boleto,Mídia paga,13,44.91,10,2.6,18.8,8,8,2,1,0,0
CLI03026,Essencial,Anual,Boleto,Mídia paga,35,47.4,5,7.2,38.5,6,9,1,1,0,0
CLI03027,Essencial,Mensal,Débito automático,Busca orgânica,8,49.9,0,1.7,54.6,13,5,2,1,1,1
CLI03028,Premium,Mensal,Cartão,Indicação,34,119.9,0,8.1,13.7,5,6,2,0,0,0
CLI03029,Plus,Anual,Pix,Parceiro,11,71.91,10,4.3,27.6,6,8,1,0,0,1
CLI03030,Essencial,Mensal,Pix,Parceiro,13,42.42,15,0.9,25.5,2,7,0,1,0,0
CLI03031,Plus,Anual,Débito automático,Busca orgânica,8,71.91,10,7.4,3.3,5,9,0,0,1,0
CLI03032,Essencial,Mensal,Pix,Indicação,13,47.4,5,6.2,6.8,3,8,1,0,0,0
CLI03033,Essencial,Mensal,Pix,Indicação,52,49.9,0,3.4,12.6,8,8,2,0,0,0
CLI03034,Essencial,Mensal,Boleto,Busca orgânica,96,44.91,10,5.7,47.2,7,7,0,0,1,0
CLI03035,Premium,Anual,Cartão,Parceiro,22,113.9,5,5.2,45.3,7,8,0,0,0,0
CLI03036,Plus,Mensal,Cartão,Indicação,19,79.9,0,3.8,28.0,8,6,0,1,0,0
CLI03037,Plus,Anual,Débito automático,Mídia paga,42,71.91,10,8.7,19.2,1,6,1,0,0,0
CLI03038,Essencial,Mensal,Cartão,Mídia paga,34,49.9,0,2.7,10.0,3,9,0,0,1,0
CLI03039,Essencial,Mensal,Cartão,Busca orgânica,48,49.9,0,7.0,66.4,10,6,0,1,0,1
CLI03040,Plus,Anual,Pix,Mídia paga,32,71.91,10,12.8,13.4,4,9,0,0,0,0
CLI03041,Essencial,Mensal,Boleto,Busca orgânica,52,49.9,0,3.2,11.9,3,8,0,0,1,0
CLI03042,Premium,Anual,Cartão,Indicação,31,119.9,0,10.2,11.5,5,7,0,0,0,0
CLI03043,Plus,Mensal,Cartão,Busca orgânica,68,71.91,10,11.0,5.3,3,5,0,1,1,0
CLI03044,Essencial,Mensal,Cartão,Indicação,41,49.9,0,1.1,39.5,9,7,1,1,0,0
CLI03045,Plus,Mensal,Débito automático,Mídia paga,64,79.9,0,3.6,45.5,7,6,1,0,1,0
CLI03046,Premium,Anual,Cartão,Busca orgânica,19,119.9,0,8.8,20.6,6,8,1,0,0,0
CLI03047,Plus,Mensal,Cartão,Mídia paga,21,75.9,5,6.3,35.5,13,7,1,0,1,0
CLI03048,Plus,Mensal,Débito automático,Mídia paga,29,63.92,20,7.0,9.5,4,8,1,0,0,0
CLI03049,Premium,Anual,Boleto,Parceiro,30,113.9,5,6.2,8.9,5,7,2,0,1,0
CLI03050,Essencial,Anual,Cartão,Mídia paga,24,39.92,20,3.2,20.7,6,7,2,0,0,0
CLI03051,Premium,Anual,Pix,Mídia paga,26,101.92,15,11.3,6.4,4,7,1,0,0,0
CLI03052,Essencial,Anual,Débito automático,Busca orgânica,21,42.42,15,5.0,15.0,4,6,2,1,1,0
CLI03053,Plus,Mensal,Cartão,Busca orgânica,29,75.9,5,0.5,31.7,9,5,1,0,0,0
CLI03054,Plus,Mensal,Débito automático,Mídia paga,18,75.9,5,7.9,20.4,7,7,0,0,1,0
CLI03055,Plus,Anual,Cartão,Mídia paga,51,71.91,10,4.7,7.3,4,7,1,1,1,0
CLI03056,Plus,Anual,Cartão,Mídia paga,40,79.9,0,6.1,8.8,3,7,0,0,0,0
CLI03057,Plus,Anual,Cartão,Indicação,29,79.9,0,1.1,21.7,4,6,1,0,1,0
CLI03058,Essencial,Anual,Cartão,Indicação,7,39.92,20,4.8,4.9,4,9,1,0,0,0
CLI03059,Essencial,Anual,Débito automático,Indicação,6,47.4,5,11.8,36.5,7,7,0,0,0,0
CLI03060,Essencial,Mensal,Débito automático,Indicação,26,42.42,15,0.7,22.6,8,6,1,0,0,0
CLI03061,Plus,Mensal,Débito automático,Mídia paga,12,79.9,0,8.9,43.7,10,7,1,0,0,0
CLI03062,Essencial,Anual,Débito automático,Busca orgânica,36,49.9,0,5.4,23.1,9,5,1,0,0,0
CLI03063,Essencial,Mensal,Cartão,Busca orgânica,3,49.9,0,1.7,47.9,4,8,0,0,0,0
CLI03064,Premium,Mensal,Boleto,Indicação,75,107.91,10,4.2,44.5,8,8,2,1,0,0
CLI03065,Essencial,Mensal,Débito automático,Mídia paga,9,49.9,0,2.9,14.1,7,7,0,0,0,0
CLI03066,Essencial,Anual,Cartão,Indicação,48,44.91,10,3.2,19.7,6,7,0,0,0,0
CLI03067,Essencial,Anual,Débito automático,Indicação,20,44.91,10,4.6,41.7,8,8,0,0,1,0
CLI03068,Essencial,Anual,Débito automático,Mídia paga,6,49.9,0,1.7,20.1,3,7,2,0,0,0
CLI03069,Plus,Mensal,Pix,Mídia paga,21,79.9,0,4.1,45.0,7,8,2,0,0,0
CLI03070,Essencial,Mensal,Cartão,Indicação,60,47.4,5,5.7,23.5,8,8,0,1,0,0
CLI03071,Essencial,Mensal,Cartão,Indicação,20,44.91,10,0.7,13.4,3,7,1,0,0,0
CLI03072,Premium,Anual,Boleto,Busca orgânica,57,107.91,10,11.0,6.1,2,7,1,1,0,0
CLI03073,Plus,Mensal,Débito automático,Mídia paga,25,75.9,5,2.5,57.1,14,5,1,0,0,0
CLI03074,Plus,Mensal,Débito automático,Busca orgânica,39,71.91,10,9.0,3.4,3,9,1,0,0,0
CLI03075,Premium,Mensal,Boleto,Mídia paga,16,95.92,20,3.6,6.4,6,7,1,1,0,0
CLI03076,Premium,Mensal,Cartão,Busca orgânica,13,113.9,5,3.7,21.8,5,4,1,0,1,1
CLI03077,Essencial,Mensal,Boleto,Mídia paga,10,49.9,0,3.2,67.8,6,7,1,0,0,0
CLI03078,Plus,Anual,Pix,Mídia paga,30,79.9,0,5.5,17.5,6,6,1,0,0,0
CLI03079,Plus,Mensal,Débito automático,Mídia paga,35,79.9,0,4.4,52.5,9,5,0,2,0,1
CLI03080,Essencial,Mensal,Cartão,Indicação,21,49.9,0,2.3,19.4,3,9,0,1,0,1
CLI03081,Essencial,Mensal,Cartão,Indicação,15,42.42,15,5.2,25.2,5,9,0,0,0,0
CLI03082,Essencial,Mensal,Cartão,Indicação,67,47.4,5,1.7,53.7,8,6,0,0,0,0
CLI03083,Plus,Mensal,Cartão,Indicação,25,71.91,10,7.3,2.2,3,7,0,1,0,0
CLI03084,Plus,Anual,Cartão,Busca orgânica,33,63.92,20,3.6,3.8,3,10,0,0,1,0
CLI03085,Plus,Mensal,Cartão,Indicação,18,75.9,5,7.0,46.3,7,4,3,0,0,0
CLI03086,Essencial,Anual,Pix,Mídia paga,7,44.91,10,1.6,10.5,4,6,1,0,0,0
CLI03087,Essencial,Mensal,Boleto,Mídia paga,13,44.91,10,3.6,48.8,12,7,2,1,0,0
CLI03088,Essencial,Anual,Cartão,Mídia paga,24,49.9,0,1.4,21.9,7,5,3,1,0,0
CLI03089,Plus,Mensal,Cartão,Busca orgânica,8,79.9,0,3.7,24.6,4,8,1,1,0,0
CLI03090,Premium,Mensal,Pix,Mídia paga,37,119.9,0,8.6,45.4,12,9,0,0,0,0
CLI03091,Premium,Mensal,Débito automático,Mídia paga,24,101.92,15,5.6,8.8,6,10,1,0,1,0
CLI03092,Premium,Mensal,Pix,Mídia paga,22,95.92,20,15.1,70.1,6,6,0,0,1,0
CLI03093,Premium,Mensal,Boleto,Indicação,4,119.9,0,4.7,27.0,10,9,0,2,0,0
CLI03094,Premium,Anual,Cartão,Mídia paga,24,113.9,5,9.3,21.9,3,5,3,0,0,0
CLI03095,Plus,Mensal,Pix,Busca orgânica,28,79.9,0,2.6,39.0,8,6,1,0,1,0
CLI03096,Essencial,Anual,Boleto,Busca orgânica,12,44.91,10,7.7,8.8,2,6,2,0,1,0
CLI03097,Essencial,Anual,Pix,Busca orgânica,17,49.9,0,6.4,0.5,1,7,0,0,0,0
CLI03098,Essencial,Mensal,Pix,Busca orgânica,27,49.9,0,3.8,10.4,2,6,1,0,0,0
CLI03099,Essencial,Anual,Boleto,Parceiro,12,39.92,20,3.4,25.0,8,6,0,0,1,0
CLI03100,Essencial,Mensal,Cartão,Mídia paga,17,49.9,0,3.0,33.2,9,9,1,0,1,0
CLI03101,Premium,Mensal,Cartão,Parceiro,14,113.9,5,8.9,4.8,2,9,0,1,0,1
CLI03102,Essencial,Mensal,Cartão,Parceiro,35,47.4,5,5.7,31.0,7,6,2,3,1,1
CLI03103,Premium,Anual,Débito automático,Mídia paga,49,119.9,0,2.2,42.8,5,7,1,0,0,0
CLI03104,Plus,Mensal,Débito automático,Mídia paga,28,71.91,10,5.8,44.3,4,7,0,1,1,0
CLI03105,Plus,Mensal,Cartão,Parceiro,19,67.92,15,0.9,26.2,13,7,1,0,0,0
CLI03106,Plus,Anual,Cartão,Indicação,39,75.9,5,6.4,12.5,6,7,1,2,0,0
CLI03107,Essencial,Mensal,Pix,Busca orgânica,6,49.9,0,4.1,51.6,9,8,0,2,0,0
CLI03108,Plus,Mensal,Cartão,Busca orgânica,23,67.92,15,1.7,17.3,7,8,1,0,1,0
CLI03109,Essencial,Mensal,Débito automático,Mídia paga,51,49.9,0,1.6,18.8,10,5,0,0,0,0
CLI03110,Premium,Anual,Cartão,Mídia paga,15,101.92,15,5.2,17.9,5,5,3,0,0,0
CLI03111,Essencial,Mensal,Débito automático,Busca orgânica,33,42.42,15,1.8,3.4,4,8,0,0,1,0
CLI03112,Essencial,Mensal,Débito automático,Mídia paga,41,42.42,15,0.9,47.7,5,6,1,0,0,0
CLI03113,Plus,Anual,Cartão,Mídia paga,27,71.91,10,2.5,55.2,10,7,1,0,0,0
CLI03114,Plus,Anual,Débito automático,Busca orgânica,13,63.92,20,8.2,40.7,9,6,3,0,0,1
CLI03115,Essencial,Mensal,Débito automático,Mídia paga,17,42.42,15,4.2,45.3,13,7,0,1,0,0
CLI03116,Plus,Mensal,Cartão,Mídia paga,36,63.92,20,5.5,30.3,2,8,0,1,0,0
CLI03117,Essencial,Mensal,Cartão,Busca orgânica,35,47.4,5,3.6,43.3,7,6,1,0,0,0
CLI03118,Plus,Anual,Débito automático,Busca orgânica,26,79.9,0,3.9,31.3,8,6,3,0,0,0
CLI03119,Essencial,Mensal,Débito automático,Mídia paga,5,39.92,20,1.2,15.2,3,7,0,0,0,0
CLI03120,Essencial,Mensal,Débito automático,Busca orgânica,8,49.9,0,3.2,30.9,8,3,0,1,1,1
CLI03121,Essencial,Mensal,Cartão,Indicação,23,44.91,10,0.7,38.2,10,6,2,1,0,0
CLI03122,Essencial,Mensal,Débito automático,Mídia paga,14,44.91,10,2.8,13.3,6,7,0,0,1,0
CLI03123,Essencial,Mensal,Débito automático,Indicação,10,49.9,0,1.9,33.7,10,9,1,0,1,0
CLI03124,Essencial,Anual,Cartão,Busca orgânica,10,49.9,0,1.6,30.6,8,8,1,0,0,0
CLI03125,Essencial,Mensal,Cartão,Mídia paga,87,49.9,0,4.8,31.8,9,8,1,2,0,0
CLI03126,Essencial,Mensal,Cartão,Mídia paga,29,49.9,0,2.7,62.6,7,5,0,0,0,1
CLI03127,Plus,Anual,Débito automático,Busca orgânica,35,63.92,20,17.5,4.5,2,8,1,0,1,0
CLI03128,Essencial,Mensal,Cartão,Busca orgânica,20,47.4,5,4.5,25.6,4,9,1,2,0,0
CLI03129,Plus,Mensal,Débito automático,Indicação,45,79.9,0,9.0,26.7,5,7,0,1,0,0
CLI03130,Premium,Mensal,Cartão,Indicação,33,119.9,0,11.5,38.1,8,5,1,1,0,0
CLI03131,Essencial,Anual,Débito automático,Parceiro,27,49.9,0,2.7,23.0,9,7,0,0,0,0
CLI03132,Premium,Mensal,Cartão,Indicação,27,113.9,5,6.9,37.5,8,5,2,1,0,1
CLI03133,Essencial,Anual,Débito automático,Indicação,13,49.9,0,3.3,1.6,5,8,1,0,0,0
CLI03134,Essencial,Mensal,Pix,Mídia paga,13,49.9,0,1.3,16.9,9,9,1,0,0,0
CLI03135,Plus,Mensal,Débito automático,Parceiro,28,63.92,20,8.7,25.9,6,10,0,0,0,0
CLI03136,Plus,Mensal,Boleto,Mídia paga,42,71.91,10,4.0,46.1,9,7,1,1,0,0
CLI03137,Premium,Mensal,Cartão,Busca orgânica,53,119.9,0,4.5,64.1,14,6,1,0,0,0
CLI03138,Essencial,Mensal,Cartão,Busca orgânica,38,44.91,10,1.6,12.5,2,6,2,1,1,0
CLI03139,Plus,Anual,Cartão,Parceiro,57,79.9,0,12.5,38.1,13,8,0,0,0,0
CLI03140,Essencial,Mensal,Pix,Mídia paga,51,49.9,0,3.2,26.5,3,7,1,0,0,0
CLI03141,Essencial,Mensal,Débito automático,Mídia paga,22,49.9,0,4.2,37.4,8,5,0,0,0,0
CLI03142,Essencial,Anual,Cartão,Busca orgânica,65,44.91,10,2.8,47.4,11,6,2,0,1,0
CLI03143,Premium,Mensal,Débito automático,Mídia paga,25,119.9,0,6.3,59.0,8,7,2,2,0,0
CLI03144,Essencial,Mensal,Cartão,Parceiro,24,47.4,5,1.8,60.2,10,4,1,0,1,0
CLI03145,Premium,Mensal,Boleto,Busca orgânica,36,113.9,5,3.8,57.7,10,4,0,0,0,0
CLI03146,Plus,Mensal,Cartão,Busca orgânica,53,79.9,0,3.2,12.4,7,8,1,0,1,0
CLI03147,Plus,Anual,Boleto,Indicação,15,75.9,5,10.9,34.9,9,6,0,1,0,0
CLI03148,Plus,Anual,Pix,Mídia paga,25,75.9,5,11.5,64.8,8,5,3,0,0,1
CLI03149,Premium,Mensal,Boleto,Busca orgânica,22,95.92,20,8.1,32.4,6,7,0,1,0,0
CLI03150,Essencial,Anual,Pix,Busca orgânica,12,44.91,10,4.1,35.3,8,8,1,0,0,0
CLI03151,Essencial,Mensal,Cartão,Mídia paga,15,49.9,0,2.2,3.6,4,7,0,1,0,0
CLI03152,Plus,Anual,Débito automático,Mídia paga,12,71.91,10,7.0,44.4,9,8,0,0,0,0
CLI03153,Essencial,Anual,Pix,Busca orgânica,34,47.4,5,4.2,33.3,11,7,2,2,0,0
CLI03154,Essencial,Mensal,Cartão,Parceiro,21,49.9,0,4.3,29.1,4,4,1,0,0,1
CLI03155,Essencial,Mensal,Pix,Indicação,18,49.9,0,1.2,17.8,10,6,0,0,0,0
CLI03156,Essencial,Anual,Débito automático,Busca orgânica,32,47.4,5,9.0,22.8,7,7,1,0,0,0
CLI03157,Essencial,Mensal,Débito automático,Mídia paga,32,49.9,0,2.9,19.5,5,9,1,0,0,0
CLI03158,Essencial,Mensal,Cartão,Mídia paga,51,42.42,15,2.3,28.5,6,10,0,0,0,0
CLI03159,Premium,Mensal,Débito automático,Mídia paga,4,119.9,0,6.0,22.9,6,8,0,0,1,1
CLI03160,Essencial,Mensal,Cartão,Mídia paga,44,49.9,0,2.1,2.5,2,10,0,0,0,0
CLI03161,Premium,Mensal,Cartão,Mídia paga,11,113.9,5,6.4,22.1,2,10,0,3,0,0
CLI03162,Premium,Mensal,Cartão,Mídia paga,30,95.92,20,7.1,13.3,2,6,1,0,0,0
CLI03163,Essencial,Anual,Cartão,Parceiro,10,49.9,0,4.9,13.6,4,8,0,0,1,1
CLI03164,Plus,Mensal,Débito automático,Parceiro,37,71.91,10,2.6,42.1,9,8,0,1,0,0
CLI03165,Plus,Mensal,Cartão,Busca orgânica,16,75.9,5,3.4,9.0,7,7,0,0,0,0
CLI03166,Plus,Mensal,Cartão,Mídia paga,34,75.9,5,3.9,30.7,13,6,1,1,0,1
CLI03167,Essencial,Mensal,Cartão,Busca orgânica,14,49.9,0,2.2,35.9,11,8,0,1,0,0
CLI03168,Essencial,Anual,Débito automático,Mídia paga,6,49.9,0,7.8,25.2,3,6,0,0,1,1
CLI03169,Essencial,Mensal,Pix,Indicação,14,44.91,10,2.8,46.8,9,6,0,0,0,0
CLI03170,Plus,Anual,Pix,Busca orgânica,32,71.91,10,9.4,16.1,9,7,2,0,0,0
CLI03171,Premium,Mensal,Débito automático,Parceiro,20,119.9,0,8.2,13.1,6,5,3,0,0,0
CLI03172,Plus,Anual,Cartão,Mídia paga,40,75.9,5,7.1,33.0,4,5,1,0,0,0
CLI03173,Plus,Mensal,Débito automático,Indicação,23,79.9,0,2.8,6.5,2,9,1,1,0,0
CLI03174,Premium,Anual,Cartão,Busca orgânica,29,119.9,0,10.9,54.1,7,6,0,1,0,0
CLI03175,Plus,Mensal,Cartão,Busca orgânica,7,75.9,5,5.0,52.5,15,6,2,1,0,1
CLI03176,Essencial,Anual,Cartão,Mídia paga,33,49.9,0,1.6,41.6,13,6,1,0,0,0
CLI03177,Premium,Mensal,Cartão,Indicação,43,113.9,5,3.1,30.0,6,9,2,0,1,0
CLI03178,Essencial,Mensal,Cartão,Mídia paga,4,49.9,0,0.9,51.0,6,6,1,1,0,1
CLI03179,Essencial,Mensal,Débito automático,Mídia paga,9,49.9,0,4.6,19.9,4,6,1,1,0,0
CLI03180,Plus,Mensal,Cartão,Mídia paga,72,79.9,0,3.9,38.4,8,6,0,0,1,0
CLI03181,Premium,Mensal,Cartão,Busca orgânica,29,119.9,0,8.4,51.5,4,5,1,1,1,0
CLI03182,Essencial,Anual,Pix,Mídia paga,21,44.91,10,6.2,22.8,0,6,0,1,0,0
CLI03183,Plus,Anual,Débito automático,Mídia paga,19,75.9,5,1.4,31.1,7,6,1,0,1,0
CLI03184,Essencial,Mensal,Boleto,Busca orgânica,2,44.91,10,2.6,24.2,3,6,0,0,0,0
CLI03185,Essencial,Anual,Cartão,Busca orgânica,37,42.42,15,1.2,22.6,4,8,2,1,0,0
CLI03186,Essencial,Mensal,Débito automático,Mídia paga,20,49.9,0,2.3,12.7,3,6,2,0,0,0
CLI03187,Plus,Mensal,Débito automático,Busca orgânica,26,75.9,5,1.9,63.4,8,4,1,1,0,0
CLI03188,Premium,Anual,Pix,Busca orgânica,44,107.91,10,15.2,5.2,3,8,0,1,0,0
CLI03189,Essencial,Mensal,Cartão,Busca orgânica,22,49.9,0,2.5,34.7,7,7,0,2,1,0
CLI03190,Essencial,Mensal,Cartão,Busca orgânica,49,47.4,5,9.0,8.7,5,5,3,0,0,0
CLI03191,Essencial,Mensal,Cartão,Mídia paga,6,47.4,5,4.3,36.6,8,4,1,2,0,1
CLI03192,Essencial,Mensal,Débito automático,Parceiro,31,49.9,0,4.4,10.3,5,7,3,0,0,0
CLI03193,Plus,Mensal,Débito automático,Mídia paga,16,75.9,5,2.6,22.4,4,7,1,1,0,1
CLI03194,Plus,Mensal,Cartão,Indicação,32,79.9,0,3.2,5.9,4,8,0,0,1,0
CLI03195,Plus,Mensal,Cartão,Busca orgânica,20,79.9,0,3.9,52.7,8,6,1,0,0,0
CLI03196,Essencial,Anual,Boleto,Indicação,51,44.91,10,4.4,45.7,11,3,3,0,0,0
CLI03197,Plus,Anual,Pix,Mídia paga,39,67.92,15,0.9,21.9,3,6,1,0,0,0
CLI03198,Essencial,Mensal,Pix,Mídia paga,17,44.91,10,1.1,18.9,4,8,0,0,0,0
CLI03199,Essencial,Mensal,Boleto,Parceiro,16,44.91,10,4.1,8.3,8,5,1,2,0,0
CLI03200,Premium,Mensal,Cartão,Busca orgânica,31,119.9,0,2.1,62.1,12,7,1,0,0,1
CLI03201,Plus,Mensal,Pix,Indicação,22,75.9,5,5.7,33.6,5,6,0,0,0,0
CLI03202,Premium,Mensal,Débito automático,Mídia paga,28,95.92,20,14.8,23.7,6,7,2,0,0,0
CLI03203,Premium,Mensal,Cartão,Busca orgânica,35,101.92,15,3.9,71.7,5,6,1,0,1,1
CLI03204,Plus,Anual,Cartão,Indicação,44,71.91,10,7.7,5.1,2,9,0,2,0,0
CLI03205,Premium,Mensal,Boleto,Busca orgânica,19,107.91,10,7.4,34.9,7,9,0,0,0,1
CLI03206,Essencial,Anual,Cartão,Indicação,13,47.4,5,1.4,18.4,7,5,2,0,0,0
CLI03207,Essencial,Anual,Cartão,Indicação,51,47.4,5,0.5,15.2,10,8,0,0,0,0
CLI03208,Essencial,Anual,Cartão,Busca orgânica,43,44.91,10,3.0,29.4,4,7,0,1,1,0
CLI03209,Essencial,Mensal,Débito automático,Mídia paga,32,47.4,5,8.0,56.5,8,8,0,0,0,0
CLI03210,Essencial,Anual,Cartão,Parceiro,37,47.4,5,3.5,17.2,6,8,0,0,1,0
CLI03211,Essencial,Anual,Cartão,Busca orgânica,23,44.91,10,6.9,28.5,8,6,2,0,0,0
CLI03212,Plus,Mensal,Cartão,Busca orgânica,36,67.92,15,13.6,33.5,7,7,0,0,0,0
CLI03213,Plus,Mensal,Cartão,Mídia paga,57,79.9,0,5.7,7.5,5,10,0,0,0,0
CLI03214,Plus,Anual,Débito automático,Parceiro,11,79.9,0,8.0,32.9,5,5,2,0,0,0
CLI03215,Essencial,Mensal,Débito automático,Mídia paga,14,49.9,0,1.3,40.0,5,7,1,0,1,0
CLI03216,Plus,Mensal,Cartão,Busca orgânica,39,71.91,10,7.2,8.9,6,9,2,0,0,0
CLI03217,Essencial,Mensal,Débito automático,Mídia paga,3,42.42,15,6.2,18.6,7,9,0,0,0,0
CLI03218,Essencial,Anual,Débito automático,Mídia paga,59,44.91,10,2.7,26.4,4,9,0,0,0,0
CLI03219,Essencial,Mensal,Débito automático,Indicação,67,47.4,5,2.9,4.8,9,10,0,0,0,0
CLI03220,Essencial,Mensal,Pix,Indicação,13,47.4,5,6.7,20.1,6,6,4,0,1,0
CLI03221,Essencial,Mensal,Cartão,Parceiro,13,49.9,0,2.3,18.7,7,5,2,0,1,1
CLI03222,Plus,Anual,Débito automático,Parceiro,2,75.9,5,5.8,38.4,4,6,0,0,1,0
CLI03223,Plus,Anual,Pix,Busca orgânica,13,71.91,10,5.0,48.9,6,6,2,0,1,0
CLI03224,Plus,Mensal,Pix,Mídia paga,24,71.91,10,12.7,10.8,2,9,1,1,1,0
CLI03225,Essencial,Mensal,Cartão,Busca orgânica,6,44.91,10,5.0,10.8,8,9,0,0,0,0
CLI03226,Plus,Mensal,Cartão,Mídia paga,46,67.92,15,4.3,33.7,8,7,0,1,0,0
CLI03227,Plus,Mensal,Cartão,Busca orgânica,44,79.9,0,5.1,48.4,4,5,0,1,1,0
CLI03228,Essencial,Anual,Cartão,Busca orgânica,29,49.9,0,0.6,12.4,10,8,3,1,0,0
CLI03229,Plus,Mensal,Cartão,Busca orgânica,16,75.9,5,9.9,3.1,4,6,0,0,1,0
CLI03230,Plus,Anual,Cartão,Busca orgânica,15,63.92,20,6.4,16.5,2,8,0,0,0,0
CLI03231,Essencial,Anual,Cartão,Parceiro,37,42.42,15,2.5,39.7,6,5,0,0,0,1
CLI03232,Essencial,Anual,Cartão,Parceiro,53,42.42,15,4.4,4.9,2,9,0,0,0,0
CLI03233,Plus,Mensal,Boleto,Indicação,16,71.91,10,7.3,37.1,2,5,1,3,1,1
CLI03234,Essencial,Mensal,Pix,Busca orgânica,54,39.92,20,3.7,25.2,7,5,1,1,0,0
CLI03235,Essencial,Mensal,Cartão,Busca orgânica,33,47.4,5,3.8,47.1,10,8,1,0,0,0
CLI03236,Essencial,Anual,Débito automático,Indicação,55,47.4,5,0.9,58.5,9,5,0,0,0,0
CLI03237,Premium,Anual,Cartão,Busca orgânica,19,107.91,10,8.8,31.9,7,9,0,0,0,0
CLI03238,Essencial,Mensal,Cartão,Busca orgânica,9,47.4,5,4.6,51.5,8,6,0,1,1,1
CLI03239,Essencial,Anual,Pix,Indicação,55,44.91,10,6.4,28.2,14,7,3,0,0,0
CLI03240,Essencial,Mensal,Cartão,Parceiro,15,49.9,0,5.6,5.2,3,9,1,0,0,0
CLI03241,Premium,Mensal,Pix,Mídia paga,47,95.92,20,4.9,6.6,4,6,0,0,1,0
CLI03242,Plus,Anual,Cartão,Indicação,4,63.92,20,6.0,37.5,4,7,0,0,1,0
CLI03243,Premium,Mensal,Pix,Mídia paga,25,107.91,10,7.9,4.0,6,6,1,0,0,0
CLI03244,Essencial,Anual,Cartão,Busca orgânica,33,49.9,0,5.2,41.8,7,5,0,0,0,0
CLI03245,Essencial,Anual,Cartão,Mídia paga,29,49.9,0,2.6,21.9,4,7,1,0,0,0
CLI03246,Plus,Anual,Débito automático,Busca orgânica,29,63.92,20,6.5,11.8,5,8,2,0,0,0
CLI03247,Essencial,Anual,Cartão,Indicação,23,42.42,15,6.4,24.1,6,8,0,0,0,0
CLI03248,Plus,Mensal,Cartão,Busca orgânica,22,79.9,0,5.2,4.5,3,9,0,2,0,0
CLI03249,Premium,Mensal,Cartão,Parceiro,31,113.9,5,6.8,18.0,11,10,1,0,0,0
CLI03250,Plus,Mensal,Débito automático,Mídia paga,52,79.9,0,2.4,13.1,6,8,1,0,1,0
CLI03251,Premium,Anual,Pix,Mídia paga,15,101.92,15,10.4,29.4,5,7,1,0,0,1
CLI03252,Plus,Mensal,Débito automático,Mídia paga,38,75.9,5,4.5,32.9,9,8,1,0,1,1
CLI03253,Essencial,Anual,Pix,Mídia paga,9,47.4,5,2.7,42.8,7,6,0,0,0,0
CLI03254,Plus,Mensal,Boleto,Parceiro,35,79.9,0,5.1,52.4,8,4,1,1,0,0
CLI03255,Essencial,Mensal,Cartão,Indicação,17,49.9,0,1.9,6.7,8,7,1,1,0,0
CLI03256,Plus,Mensal,Débito automático,Indicação,13,63.92,20,8.2,19.8,8,7,2,0,0,0
CLI03257,Essencial,Anual,Cartão,Mídia paga,31,44.91,10,4.8,22.8,4,7,1,1,1,0
CLI03258,Essencial,Mensal,Cartão,Parceiro,57,49.9,0,3.6,6.6,9,8,1,1,1,0
CLI03259,Plus,Mensal,Débito automático,Mídia paga,12,79.9,0,3.7,8.7,7,7,1,0,0,0
CLI03260,Essencial,Mensal,Boleto,Parceiro,10,44.91,10,3.8,5.6,3,8,0,1,1,0
CLI03261,Essencial,Mensal,Débito automático,Mídia paga,25,42.42,15,3.9,45.1,12,8,0,0,1,0
CLI03262,Plus,Anual,Cartão,Indicação,14,75.9,5,11.4,30.8,8,8,0,0,1,0
CLI03263,Essencial,Mensal,Pix,Parceiro,26,44.91,10,8.1,26.1,11,5,1,0,1,0
CLI03264,Plus,Mensal,Cartão,Mídia paga,19,63.92,20,3.3,33.2,5,8,1,0,1,0
CLI03265,Essencial,Mensal,Pix,Busca orgânica,10,47.4,5,2.4,11.8,8,10,0,0,0,0
CLI03266,Essencial,Mensal,Cartão,Mídia paga,15,42.42,15,6.2,32.9,12,5,0,0,0,1
CLI03267,Essencial,Mensal,Cartão,Busca orgânica,48,49.9,0,2.3,16.5,10,7,0,0,0,0
CLI03268,Plus,Mensal,Cartão,Mídia paga,21,79.9,0,7.6,11.8,2,6,1,1,0,0
CLI03269,Premium,Mensal,Boleto,Busca orgânica,24,101.92,15,9.5,31.0,12,7,2,1,1,0
CLI03270,Essencial,Mensal,Cartão,Busca orgânica,13,39.92,20,2.3,19.2,7,5,2,2,1,0
CLI03271,Premium,Mensal,Cartão,Mídia paga,30,119.9,0,7.4,4.0,3,8,0,1,0,0
CLI03272,Plus,Anual,Cartão,Indicação,40,71.91,10,1.8,11.5,4,8,2,0,0,0
CLI03273,Plus,Mensal,Pix,Indicação,27,71.91,10,6.5,12.5,8,6,1,0,1,0
CLI03274,Plus,Anual,Cartão,Indicação,20,67.92,15,6.2,14.9,1,7,0,0,0,0
CLI03275,Plus,Mensal,Débito automático,Mídia paga,44,71.91,10,5.3,14.7,9,7,1,0,1,0
CLI03276,Plus,Anual,Cartão,Busca orgânica,25,67.92,15,3.9,33.1,9,6,3,0,0,1
CLI03277,Plus,Mensal,Cartão,Busca orgânica,51,71.91,10,1.1,48.8,10,8,0,1,1,0
CLI03278,Plus,Anual,Cartão,Busca orgânica,36,79.9,0,9.8,20.8,3,7,1,0,1,0
CLI03279,Essencial,Anual,Cartão,Indicação,20,49.9,0,1.8,24.5,6,5,0,1,0,0
CLI03280,Essencial,Anual,Pix,Mídia paga,7,42.42,15,4.1,7.7,7,6,0,0,1,0
CLI03281,Plus,Anual,Cartão,Mídia paga,37,63.92,20,4.0,19.6,5,6,2,0,0,0
CLI03282,Essencial,Mensal,Débito automático,Mídia paga,51,49.9,0,2.7,4.2,5,7,1,0,0,0
CLI03283,Essencial,Anual,Cartão,Indicação,11,44.91,10,4.7,16.2,3,6,1,0,0,0
CLI03284,Essencial,Anual,Cartão,Mídia paga,23,49.9,0,8.1,31.6,5,5,0,1,0,0
CLI03285,Essencial,Mensal,Cartão,Busca orgânica,37,44.91,10,0.6,46.8,3,7,0,0,0,0
CLI03286,Plus,Mensal,Pix,Mídia paga,20,79.9,0,5.0,13.4,9,9,1,1,1,0
CLI03287,Plus,Anual,Cartão,Indicação,25,63.92,20,8.9,13.7,8,7,0,0,1,0
CLI03288,Essencial,Mensal,Pix,Mídia paga,64,44.91,10,1.7,33.0,10,8,1,0,0,1
CLI03289,Essencial,Anual,Débito automático,Parceiro,30,44.91,10,7.8,18.7,9,6,0,1,0,0
CLI03290,Essencial,Mensal,Cartão,Mídia paga,14,49.9,0,1.1,25.1,6,7,0,0,1,0
CLI03291,Essencial,Anual,Cartão,Parceiro,25,49.9,0,2.6,9.9,5,6,1,0,0,0
CLI03292,Plus,Mensal,Cartão,Indicação,25,75.9,5,2.2,22.5,3,8,1,0,0,0
CLI03293,Plus,Anual,Cartão,Busca orgânica,12,79.9,0,3.1,21.2,7,6,0,0,1,0
CLI03294,Plus,Mensal,Cartão,Busca orgânica,80,79.9,0,10.4,18.4,5,7,0,0,0,0
CLI03295,Plus,Anual,Pix,Busca orgânica,3,67.92,15,2.3,12.7,9,9,0,0,0,0
CLI03296,Premium,Mensal,Pix,Mídia paga,7,113.9,5,7.0,10.3,4,8,1,2,1,0
CLI03297,Plus,Mensal,Débito automático,Mídia paga,11,79.9,0,3.2,54.7,6,8,0,0,0,0
CLI03298,Plus,Mensal,Cartão,Parceiro,7,67.92,15,6.8,38.1,5,5,0,0,0,0
CLI03299,Plus,Mensal,Cartão,Parceiro,5,71.91,10,4.7,10.5,3,6,3,1,0,0
CLI03300,Essencial,Anual,Débito automático,Busca orgânica,64,47.4,5,3.2,6.9,4,6,0,0,1,0
CLI03301,Premium,Mensal,Cartão,Parceiro,38,107.91,10,3.9,18.0,5,8,0,1,0,0
CLI03302,Essencial,Mensal,Débito automático,Parceiro,46,49.9,0,7.2,26.1,4,4,2,0,0,0
CLI03303,Essencial,Anual,Pix,Mídia paga,19,49.9,0,4.2,52.3,9,7,0,0,0,0
CLI03304,Premium,Mensal,Cartão,Busca orgânica,53,119.9,0,7.8,60.0,8,7,1,1,1,0
CLI03305,Plus,Mensal,Cartão,Indicação,37,79.9,0,7.1,40.4,7,8,0,0,1,0
CLI03306,Essencial,Anual,Pix,Busca orgânica,18,42.42,15,2.2,67.6,11,7,0,0,0,0
CLI03307,Essencial,Mensal,Pix,Indicação,34,39.92,20,5.8,29.2,10,6,0,0,0,0
CLI03308,Essencial,Anual,Cartão,Busca orgânica,8,49.9,0,4.3,26.6,8,7,0,0,0,0
CLI03309,Plus,Mensal,Cartão,Indicação,31,67.92,15,6.7,21.6,7,4,1,1,0,1
CLI03310,Essencial,Mensal,Cartão,Busca orgânica,22,42.42,15,0.2,44.4,11,10,0,1,0,0
CLI03311,Premium,Mensal,Pix,Mídia paga,64,119.9,0,5.9,33.9,4,7,2,0,0,0
CLI03312,Premium,Anual,Cartão,Indicação,48,113.9,5,5.3,71.4,15,7,2,0,0,0
CLI03313,Plus,Mensal,Débito automático,Mídia paga,8,75.9,5,5.7,43.8,5,6,0,0,0,0
CLI03314,Plus,Anual,Boleto,Indicação,12,79.9,0,10.0,32.1,2,6,1,1,0,0
CLI03315,Essencial,Mensal,Boleto,Busca orgânica,82,49.9,0,2.2,15.3,4,7,0,0,1,0
CLI03316,Essencial,Mensal,Cartão,Busca orgânica,19,49.9,0,3.9,1.1,3,10,0,0,0,0
CLI03317,Plus,Anual,Pix,Mídia paga,8,75.9,5,6.6,39.3,10,6,3,0,1,0
CLI03318,Essencial,Mensal,Boleto,Busca orgânica,39,49.9,0,3.6,62.5,8,5,0,0,0,0
CLI03319,Essencial,Mensal,Débito automático,Mídia paga,58,47.4,5,2.5,18.7,5,7,0,0,0,0
CLI03320,Essencial,Mensal,Cartão,Busca orgânica,21,47.4,5,1.3,5.9,8,10,1,0,0,0
CLI03321,Essencial,Anual,Débito automático,Busca orgânica,33,47.4,5,0.7,16.2,6,9,1,1,1,0
CLI03322,Essencial,Mensal,Pix,Busca orgânica,24,49.9,0,2.6,10.1,3,7,0,0,1,0
CLI03323,Plus,Mensal,Débito automático,Indicação,40,79.9,0,3.6,28.8,6,6,2,0,0,0
CLI03324,Plus,Mensal,Boleto,Parceiro,14,75.9,5,5.3,8.9,5,9,0,0,0,0
CLI03325,Plus,Anual,Boleto,Mídia paga,29,79.9,0,10.3,44.8,13,6,0,1,1,0
CLI03326,Premium,Mensal,Pix,Indicação,47,119.9,0,5.5,12.4,3,6,1,0,1,0
CLI03327,Essencial,Mensal,Cartão,Mídia paga,18,49.9,0,1.0,13.8,3,7,0,0,0,0
CLI03328,Premium,Mensal,Pix,Mídia paga,45,95.92,20,7.0,49.7,7,5,2,1,1,1
CLI03329,Plus,Mensal,Pix,Busca orgânica,38,71.91,10,0.9,48.8,13,7,0,0,0,0
CLI03330,Essencial,Mensal,Pix,Parceiro,10,44.91,10,0.7,11.3,7,6,1,0,0,0
CLI03331,Premium,Anual,Cartão,Busca orgânica,14,101.92,15,3.2,15.1,7,7,1,0,0,0
CLI03332,Essencial,Anual,Pix,Indicação,42,44.91,10,1.8,24.3,3,7,1,0,0,1
CLI03333,Essencial,Mensal,Pix,Mídia paga,14,47.4,5,2.7,73.1,9,4,2,0,0,0
CLI03334,Essencial,Mensal,Boleto,Parceiro,3,42.42,15,4.9,27.9,12,6,0,2,0,0
CLI03335,Essencial,Mensal,Débito automático,Busca orgânica,28,49.9,0,2.3,64.8,8,7,1,0,0,0
CLI03336,Essencial,Mensal,Cartão,Indicação,26,49.9,0,3.5,9.4,6,7,0,2,1,0
CLI03337,Plus,Mensal,Pix,Mídia paga,40,79.9,0,8.2,32.7,8,9,1,0,0,0
CLI03338,Premium,Mensal,Pix,Mídia paga,55,119.9,0,19.4,40.7,5,8,1,0,0,0
CLI03339,Essencial,Anual,Pix,Busca orgânica,26,44.91,10,2.0,37.5,5,8,1,0,0,0
CLI03340,Plus,Mensal,Cartão,Parceiro,31,79.9,0,3.6,30.2,9,10,0,0,0,0
CLI03341,Essencial,Mensal,Débito automático,Indicação,7,47.4,5,3.6,46.9,13,6,2,0,0,0
CLI03342,Premium,Anual,Débito automático,Mídia paga,19,107.91,10,6.6,53.1,10,7,1,0,0,0
CLI03343,Essencial,Mensal,Pix,Mídia paga,96,39.92,20,3.1,24.8,4,7,0,0,0,0
CLI03344,Essencial,Mensal,Boleto,Indicação,36,49.9,0,2.4,42.6,5,5,1,0,1,0
CLI03345,Plus,Mensal,Boleto,Busca orgânica,57,75.9,5,1.5,39.7,5,6,1,1,0,0
CLI03346,Plus,Anual,Débito automático,Indicação,19,71.91,10,4.5,14.0,7,7,0,0,0,0
CLI03347,Plus,Mensal,Boleto,Mídia paga,17,79.9,0,3.3,81.2,12,4,1,1,0,1
CLI03348,Plus,Mensal,Pix,Busca orgânica,17,75.9,5,3.8,12.8,4,9,0,1,0,0
CLI03349,Plus,Mensal,Boleto,Mídia paga,46,79.9,0,5.3,50.8,12,5,1,0,0,0
CLI03350,Essencial,Mensal,Boleto,Busca orgânica,22,49.9,0,7.0,9.7,5,5,0,2,0,1
CLI03351,Essencial,Mensal,Pix,Busca orgânica,7,47.4,5,1.3,17.7,8,7,0,1,1,0
CLI03352,Essencial,Mensal,Cartão,Indicação,23,42.42,15,2.8,2.5,1,5,0,2,0,1
CLI03353,Essencial,Anual,Cartão,Indicação,17,49.9,0,1.3,10.1,5,8,0,0,0,0
CLI03354,Essencial,Anual,Pix,Busca orgânica,48,47.4,5,5.8,19.0,6,9,2,0,0,0
CLI03355,Plus,Mensal,Débito automático,Parceiro,79,75.9,5,7.9,22.5,6,6,3,0,0,0
CLI03356,Essencial,Mensal,Pix,Mídia paga,7,47.4,5,7.2,40.6,6,7,0,1,1,0
CLI03357,Plus,Mensal,Débito automático,Busca orgânica,37,71.91,10,6.1,10.9,4,9,1,0,0,0
CLI03358,Plus,Mensal,Débito automático,Parceiro,52,63.92,20,0.4,13.3,0,9,0,0,0,0
CLI03359,Plus,Anual,Cartão,Indicação,42,75.9,5,5.7,39.6,10,5,0,1,1,0
CLI03360,Plus,Mensal,Cartão,Parceiro,17,67.92,15,14.8,22.6,6,9,2,0,0,0
CLI03361,Essencial,Anual,Débito automático,Indicação,20,49.9,0,2.5,19.1,5,5,0,0,0,0
CLI03362,Essencial,Mensal,Cartão,Indicação,26,49.9,0,2.0,11.6,9,10,1,0,0,0
CLI03363,Plus,Anual,Boleto,Mídia paga,15,79.9,0,3.4,7.6,3,8,1,0,0,0
CLI03364,Plus,Anual,Débito automático,Busca orgânica,29,71.91,10,6.7,60.1,10,6,1,1,1,1
CLI03365,Essencial,Anual,Cartão,Parceiro,59,44.91,10,1.8,12.4,5,8,0,0,0,0
CLI03366,Essencial,Anual,Pix,Mídia paga,36,44.91,10,5.6,23.3,7,6,2,0,1,1
CLI03367,Plus,Anual,Débito automático,Indicação,6,67.92,15,0.9,18.3,5,9,0,0,0,0
CLI03368,Plus,Mensal,Débito automático,Indicação,24,79.9,0,10.7,57.8,6,9,0,0,0,0
CLI03369,Essencial,Mensal,Pix,Busca orgânica,74,44.91,10,2.5,20.7,2,8,1,1,1,0
CLI03370,Essencial,Mensal,Boleto,Mídia paga,14,47.4,5,5.3,39.5,4,5,3,2,1,1
CLI03371,Premium,Anual,Pix,Busca orgânica,42,119.9,0,4.6,31.9,12,8,0,0,0,0
CLI03372,Essencial,Mensal,Cartão,Indicação,10,47.4,5,2.2,17.9,7,5,1,0,0,0
CLI03373,Premium,Anual,Pix,Indicação,36,107.91,10,5.5,6.1,6,4,0,1,1,0
CLI03374,Essencial,Mensal,Débito automático,Busca orgânica,20,42.42,15,5.1,32.4,8,4,2,0,0,1
CLI03375,Plus,Anual,Boleto,Indicação,64,71.91,10,3.2,7.8,9,7,1,1,0,0
CLI03376,Essencial,Mensal,Cartão,Busca orgânica,64,44.91,10,4.7,17.7,8,7,0,0,0,0
CLI03377,Essencial,Anual,Cartão,Indicação,8,39.92,20,3.9,60.9,17,5,1,0,0,0
CLI03378,Premium,Mensal,Pix,Mídia paga,23,107.91,10,14.2,24.7,8,6,1,0,0,0
CLI03379,Essencial,Mensal,Débito automático,Mídia paga,19,49.9,0,5.1,40.5,11,6,0,0,0,0
CLI03380,Premium,Anual,Débito automático,Indicação,41,107.91,10,2.2,17.3,4,10,0,1,0,0
CLI03381,Essencial,Mensal,Cartão,Mídia paga,96,49.9,0,3.0,68.9,17,6,0,0,0,0
CLI03382,Premium,Mensal,Débito automático,Busca orgânica,22,119.9,0,9.0,60.7,10,4,1,1,0,0
CLI03383,Premium,Anual,Débito automático,Busca orgânica,60,95.92,20,3.2,18.4,9,8,1,0,0,0
CLI03384,Plus,Anual,Boleto,Busca orgânica,21,79.9,0,6.2,11.4,10,6,0,2,0,0
CLI03385,Essencial,Mensal,Débito automático,Busca orgânica,28,42.42,15,6.2,11.0,5,7,2,0,0,0
CLI03386,Plus,Mensal,Cartão,Mídia paga,22,71.91,10,3.0,20.5,8,5,1,2,1,1
CLI03387,Plus,Mensal,Boleto,Indicação,41,71.91,10,6.6,28.1,6,6,0,0,1,0
CLI03388,Premium,Mensal,Cartão,Mídia paga,67,113.9,5,28.0,15.8,7,7,3,0,0,0
CLI03389,Essencial,Mensal,Boleto,Indicação,47,44.91,10,3.4,39.8,9,6,0,0,1,1
CLI03390,Essencial,Mensal,Cartão,Busca orgânica,20,39.92,20,4.3,40.2,11,8,0,1,1,0
CLI03391,Essencial,Mensal,Débito automático,Busca orgânica,10,44.91,10,3.7,37.4,8,7,1,0,0,0
CLI03392,Plus,Mensal,Cartão,Indicação,15,79.9,0,3.6,77.7,13,5,0,0,0,0
CLI03393,Premium,Anual,Cartão,Indicação,56,101.92,15,4.4,21.3,9,7,2,0,1,0
CLI03394,Essencial,Mensal,Boleto,Busca orgânica,29,47.4,5,2.1,13.9,3,8,0,1,1,0
CLI03395,Plus,Mensal,Cartão,Busca orgânica,31,79.9,0,1.8,34.4,3,5,1,0,1,0
CLI03396,Premium,Anual,Cartão,Parceiro,45,101.92,15,3.4,1.7,4,7,0,1,0,0
CLI03397,Essencial,Anual,Débito automático,Mídia paga,26,47.4,5,6.3,25.4,6,6,0,1,0,0
CLI03398,Essencial,Mensal,Cartão,Parceiro,49,49.9,0,6.9,8.7,6,8,1,0,0,0
CLI03399,Plus,Anual,Pix,Parceiro,23,71.91,10,5.8,62.1,12,8,1,0,0,1
CLI03400,Plus,Mensal,Boleto,Indicação,19,63.92,20,4.0,17.7,6,9,0,1,1,0
CLI03401,Essencial,Mensal,Pix,Mídia paga,11,42.42,15,1.3,7.3,5,10,0,0,0,0
CLI03402,Premium,Mensal,Cartão,Parceiro,4,119.9,0,7.8,41.0,6,8,1,0,0,0
CLI03403,Plus,Mensal,Débito automático,Busca orgânica,29,71.91,10,8.7,13.4,3,4,0,0,0,0
CLI03404,Premium,Anual,Débito automático,Mídia paga,43,119.9,0,13.8,13.3,10,8,1,0,0,0
CLI03405,Premium,Mensal,Cartão,Busca orgânica,43,113.9,5,17.4,55.3,8,8,1,0,1,0
CLI03406,Plus,Anual,Pix,Indicação,58,79.9,0,2.8,20.2,3,8,0,0,0,0
CLI03407,Plus,Mensal,Cartão,Busca orgânica,25,79.9,0,11.7,28.1,4,6,1,0,1,0
CLI03408,Essencial,Mensal,Cartão,Indicação,57,39.92,20,3.4,84.1,11,8,0,2,1,1
CLI03409,Plus,Mensal,Cartão,Busca orgânica,27,75.9,5,6.1,19.6,8,9,1,0,0,0
CLI03410,Essencial,Mensal,Boleto,Mídia paga,11,44.91,10,3.9,10.5,4,6,0,1,1,0
CLI03411,Plus,Anual,Cartão,Indicação,36,75.9,5,3.5,13.0,8,7,0,0,0,0
CLI03412,Essencial,Anual,Cartão,Indicação,11,49.9,0,4.6,25.1,6,6,0,0,0,0
CLI03413,Plus,Anual,Boleto,Indicação,25,71.91,10,2.1,32.0,4,6,2,1,0,1
CLI03414,Essencial,Anual,Cartão,Parceiro,51,47.4,5,7.5,31.3,6,7,3,1,1,0
CLI03415,Essencial,Mensal,Boleto,Mídia paga,2,49.9,0,3.5,27.8,9,9,0,0,0,0
CLI03416,Essencial,Mensal,Débito automático,Indicação,28,49.9,0,0.3,18.8,8,10,0,1,0,0
CLI03417,Plus,Mensal,Pix,Mídia paga,15,75.9,5,18.2,10.0,6,9,1,0,0,0
CLI03418,Plus,Anual,Cartão,Mídia paga,51,67.92,15,5.6,8.1,10,7,0,0,0,0
CLI03419,Essencial,Mensal,Cartão,Mídia paga,71,49.9,0,1.5,36.4,5,5,0,0,1,0
CLI03420,Premium,Mensal,Cartão,Mídia paga,21,113.9,5,10.9,10.7,2,8,1,1,1,0
CLI03421,Premium,Anual,Cartão,Busca orgânica,40,119.9,0,3.2,36.6,6,5,0,0,0,0
CLI03422,Essencial,Mensal,Pix,Indicação,8,44.91,10,2.0,20.0,4,6,2,1,0,0
CLI03423,Plus,Mensal,Cartão,Mídia paga,32,71.91,10,4.1,36.3,6,9,1,0,0,0
CLI03424,Essencial,Mensal,Débito automático,Mídia paga,12,49.9,0,1.4,3.9,4,8,0,0,1,0
CLI03425,Essencial,Mensal,Cartão,Busca orgânica,13,47.4,5,3.9,27.2,7,8,1,0,0,0
CLI03426,Plus,Mensal,Cartão,Mídia paga,24,79.9,0,2.6,45.7,8,6,1,0,0,1
CLI03427,Essencial,Anual,Cartão,Mídia paga,14,42.42,15,6.5,26.2,7,6,0,0,0,1
CLI03428,Premium,Anual,Cartão,Busca orgânica,33,113.9,5,3.9,49.9,15,6,1,1,0,0
CLI03429,Premium,Mensal,Débito automático,Mídia paga,26,119.9,0,1.5,31.5,5,8,0,2,0,0
CLI03430,Premium,Anual,Débito automático,Indicação,16,107.91,10,6.8,4.4,1,9,2,0,0,0
CLI03431,Plus,Anual,Cartão,Busca orgânica,15,71.91,10,3.6,28.8,9,6,0,0,0,1
CLI03432,Plus,Anual,Pix,Busca orgânica,37,79.9,0,5.8,66.3,15,7,2,0,0,0
CLI03433,Premium,Anual,Cartão,Indicação,43,113.9,5,11.8,15.1,4,7,1,0,0,0
CLI03434,Essencial,Anual,Boleto,Busca orgânica,28,47.4,5,1.4,24.6,1,9,1,0,1,0
CLI03435,Essencial,Mensal,Cartão,Busca orgânica,40,49.9,0,8.2,57.5,3,4,0,1,1,1
CLI03436,Plus,Mensal,Débito automático,Busca orgânica,11,67.92,15,7.7,74.4,10,4,1,0,1,0
CLI03437,Essencial,Mensal,Cartão,Indicação,12,44.91,10,1.4,8.7,8,7,1,1,1,1
CLI03438,Essencial,Mensal,Cartão,Busca orgânica,17,42.42,15,1.2,32.5,2,7,0,1,1,0
CLI03439,Essencial,Anual,Pix,Busca orgânica,10,47.4,5,5.4,8.6,2,7,0,0,0,0
CLI03440,Plus,Mensal,Cartão,Indicação,2,71.91,10,11.6,60.0,7,6,1,1,0,0
CLI03441,Essencial,Mensal,Pix,Mídia paga,22,49.9,0,2.8,11.1,4,8,0,0,0,0
CLI03442,Essencial,Anual,Pix,Mídia paga,14,49.9,0,0.6,16.9,8,10,0,0,1,0
CLI03443,Essencial,Anual,Cartão,Busca orgânica,19,47.4,5,5.2,39.6,7,3,2,2,0,0
CLI03444,Essencial,Mensal,Boleto,Mídia paga,13,47.4,5,7.6,25.1,8,7,0,1,0,0
CLI03445,Premium,Anual,Cartão,Busca orgânica,18,119.9,0,2.4,29.2,5,5,2,0,0,0
CLI03446,Essencial,Mensal,Boleto,Indicação,26,44.91,10,1.7,48.3,12,6,1,1,1,0
CLI03447,Plus,Mensal,Pix,Busca orgânica,39,79.9,0,5.2,19.4,5,6,0,1,0,0
CLI03448,Plus,Mensal,Cartão,Mídia paga,55,79.9,0,7.0,10.5,3,9,1,1,0,0
CLI03449,Essencial,Anual,Cartão,Mídia paga,21,49.9,0,4.2,44.2,13,8,0,1,0,0
CLI03450,Premium,Mensal,Débito automático,Mídia paga,14,101.92,15,2.0,89.3,14,3,1,0,0,1
CLI03451,Plus,Mensal,Débito automático,Parceiro,6,79.9,0,4.4,43.6,7,6,1,0,0,0
CLI03452,Plus,Anual,Débito automático,Busca orgânica,87,75.9,5,3.0,39.0,8,8,0,1,0,0
CLI03453,Essencial,Anual,Cartão,Parceiro,42,44.91,10,8.3,22.0,8,4,1,2,1,0
CLI03454,Essencial,Mensal,Cartão,Mídia paga,29,49.9,0,4.0,21.2,4,7,0,0,0,0
CLI03455,Premium,Mensal,Débito automático,Mídia paga,8,119.9,0,3.4,14.6,6,6,1,0,0,0
CLI03456,Plus,Anual,Débito automático,Busca orgânica,3,79.9,0,3.0,40.9,6,8,0,0,0,0
CLI03457,Premium,Anual,Cartão,Busca orgânica,6,95.92,20,3.5,50.5,9,7,2,0,0,0
CLI03458,Premium,Mensal,Débito automático,Indicação,17,119.9,0,1.7,20.9,6,7,1,1,1,0
CLI03459,Essencial,Mensal,Pix,Indicação,15,44.91,10,1.4,40.5,9,7,0,0,0,0
CLI03460,Plus,Mensal,Pix,Busca orgânica,14,79.9,0,3.5,38.8,7,9,0,0,1,0
CLI03461,Essencial,Anual,Pix,Indicação,16,42.42,15,2.5,43.4,7,6,1,1,0,0
CLI03462,Plus,Mensal,Cartão,Indicação,47,71.91,10,5.9,5.0,6,9,0,1,0,0
CLI03463,Essencial,Anual,Cartão,Indicação,8,39.92,20,2.8,8.0,9,10,0,2,1,0
CLI03464,Essencial,Mensal,Débito automático,Parceiro,11,39.92,20,5.1,10.1,3,9,0,0,0,0
CLI03465,Plus,Anual,Boleto,Indicação,11,63.92,20,4.0,10.7,5,8,0,2,0,0
CLI03466,Plus,Mensal,Pix,Parceiro,17,79.9,0,6.4,26.6,4,7,0,0,1,0
CLI03467,Plus,Anual,Cartão,Busca orgânica,6,71.91,10,2.7,65.6,11,6,0,1,0,0
CLI03468,Essencial,Mensal,Cartão,Indicação,35,44.91,10,6.0,11.7,5,5,0,1,0,1
CLI03469,Essencial,Mensal,Cartão,Indicação,14,49.9,0,4.4,28.0,2,4,1,1,1,0
CLI03470,Premium,Mensal,Débito automático,Indicação,22,119.9,0,4.2,43.3,7,8,0,0,0,0
CLI03471,Essencial,Mensal,Cartão,Busca orgânica,25,47.4,5,3.2,25.5,4,5,1,2,1,0
CLI03472,Essencial,Mensal,Cartão,Indicação,19,42.42,15,2.1,11.6,3,8,0,0,0,0
CLI03473,Plus,Anual,Débito automático,Mídia paga,43,67.92,15,4.2,41.8,8,7,1,0,0,0
CLI03474,Essencial,Anual,Cartão,Busca orgânica,54,42.42,15,1.8,16.4,6,9,1,1,0,0
CLI03475,Plus,Mensal,Cartão,Busca orgânica,9,79.9,0,9.7,4.4,2,4,0,1,1,0
CLI03476,Essencial,Mensal,Débito automático,Busca orgânica,14,44.91,10,7.4,52.6,9,5,0,0,0,0
CLI03477,Premium,Mensal,Cartão,Mídia paga,12,119.9,0,11.0,25.1,5,9,1,0,0,1
CLI03478,Premium,Anual,Cartão,Parceiro,7,95.92,20,4.4,32.7,4,6,1,0,1,0
CLI03479,Premium,Mensal,Cartão,Busca orgânica,38,113.9,5,4.8,45.5,10,7,0,0,1,1
CLI03480,Plus,Mensal,Cartão,Busca orgânica,33,71.91,10,1.0,49.0,11,5,0,3,0,0
CLI03481,Essencial,Mensal,Boleto,Parceiro,14,39.92,20,1.5,54.8,7,6,2,0,0,0
CLI03482,Plus,Mensal,Débito automático,Parceiro,14,75.9,5,12.7,57.7,11,6,0,0,0,0
CLI03483,Premium,Mensal,Cartão,Mídia paga,28,119.9,0,16.1,56.5,8,7,1,0,0,0
CLI03484,Plus,Mensal,Cartão,Mídia paga,20,79.9,0,9.9,17.0,8,9,2,1,0,0
CLI03485,Plus,Mensal,Cartão,Busca orgânica,29,79.9,0,10.4,76.1,8,7,0,1,0,1
CLI03486,Plus,Anual,Boleto,Busca orgânica,16,71.91,10,1.9,7.0,9,9,1,1,0,0
CLI03487,Plus,Mensal,Débito automático,Busca orgânica,27,63.92,20,7.8,25.3,8,7,0,1,0,0
CLI03488,Plus,Mensal,Pix,Mídia paga,44,67.92,15,7.2,49.5,6,5,2,1,0,0
CLI03489,Essencial,Mensal,Cartão,Mídia paga,22,39.92,20,5.5,3.3,4,8,0,2,0,0
CLI03490,Plus,Anual,Boleto,Busca orgânica,63,79.9,0,14.1,56.7,9,6,0,0,0,0
CLI03491,Plus,Anual,Débito automático,Busca orgânica,29,79.9,0,1.0,23.1,6,5,1,0,1,0
CLI03492,Essencial,Mensal,Cartão,Mídia paga,3,49.9,0,0.7,19.3,2,9,1,0,0,0
CLI03493,Premium,Anual,Cartão,Indicação,21,107.91,10,3.0,1.7,2,8,3,1,0,0
CLI03494,Plus,Mensal,Cartão,Mídia paga,36,71.91,10,1.7,52.3,8,6,2,1,0,1
CLI03495,Essencial,Mensal,Pix,Mídia paga,31,44.91,10,2.8,11.1,9,7,2,0,0,0
CLI03496,Plus,Anual,Cartão,Indicação,36,79.9,0,5.9,37.0,3,5,1,2,0,0
CLI03497,Plus,Anual,Cartão,Busca orgânica,26,71.91,10,6.9,20.9,5,5,1,0,0,0
CLI03498,Plus,Mensal,Débito automático,Indicação,61,79.9,0,1.3,22.2,3,8,2,0,0,0
CLI03499,Essencial,Mensal,Débito automático,Indicação,39,49.9,0,2.0,5.3,5,9,1,0,1,0
CLI03500,Premium,Mensal,Cartão,Busca orgânica,25,107.91,10,7.7,30.0,9,7,0,1,0,1
CLI03501,Essencial,Mensal,Pix,Mídia paga,29,42.42,15,3.1,32.2,6,6,1,1,0,0
CLI03502,Plus,Anual,Cartão,Busca orgânica,82,71.91,10,3.9,13.0,1,8,0,0,0,0
CLI03503,Essencial,Mensal,Cartão,Mídia paga,57,49.9,0,6.4,19.9,3,7,2,0,0,0
CLI03504,Plus,Anual,Débito automático,Indicação,20,79.9,0,3.1,21.4,4,7,1,0,0,0
CLI03505,Plus,Mensal,Pix,Mídia paga,30,63.92,20,12.3,19.8,9,7,2,0,0,0
CLI03506,Plus,Anual,Boleto,Busca orgânica,60,71.91,10,2.4,28.9,11,8,1,0,0,0
CLI03507,Plus,Anual,Débito automático,Mídia paga,11,67.92,15,2.5,30.5,5,9,0,0,0,0
CLI03508,Plus,Anual,Débito automático,Indicação,17,75.9,5,6.2,17.9,2,7,0,0,1,0
CLI03509,Plus,Mensal,Cartão,Mídia paga,46,75.9,5,3.4,23.4,6,6,0,2,0,0
CLI03510,Essencial,Mensal,Cartão,Busca orgânica,13,47.4,5,2.4,3.1,6,9,1,1,0,0
CLI03511,Premium,Mensal,Boleto,Parceiro,20,101.92,15,4.0,29.9,4,6,3,1,0,0
CLI03512,Plus,Mensal,Débito automático,Busca orgânica,28,63.92,20,5.7,35.8,11,8,0,0,0,0
CLI03513,Premium,Anual,Boleto,Mídia paga,42,113.9,5,1.4,20.6,2,5,0,3,1,0
CLI03514,Premium,Mensal,Pix,Busca orgânica,8,95.92,20,3.2,48.3,11,8,2,1,0,1
CLI03515,Premium,Mensal,Cartão,Indicação,44,107.91,10,4.9,8.9,8,6,2,0,1,0
CLI03516,Plus,Mensal,Cartão,Mídia paga,27,71.91,10,6.5,12.3,6,5,1,1,1,0
CLI03517,Plus,Mensal,Cartão,Indicação,28,63.92,20,3.2,56.5,14,5,2,0,0,0
CLI03518,Essencial,Mensal,Pix,Mídia paga,6,49.9,0,9.9,37.5,5,8,1,0,0,0
CLI03519,Plus,Mensal,Boleto,Busca orgânica,23,79.9,0,7.1,20.5,8,6,2,1,0,0
CLI03520,Plus,Anual,Débito automático,Mídia paga,9,79.9,0,6.4,12.8,5,8,0,0,1,0
CLI03521,Plus,Mensal,Pix,Busca orgânica,64,75.9,5,4.7,18.5,5,8,1,0,0,0
CLI03522,Premium,Mensal,Cartão,Busca orgânica,19,101.92,15,7.2,25.0,9,6,1,0,0,0
CLI03523,Essencial,Mensal,Cartão,Mídia paga,55,49.9,0,2.8,10.6,6,9,1,0,1,0
CLI03524,Essencial,Mensal,Cartão,Mídia paga,27,47.4,5,4.8,25.4,5,9,2,1,0,0
CLI03525,Plus,Mensal,Boleto,Mídia paga,56,71.91,10,8.4,37.5,13,5,2,0,0,0
CLI03526,Essencial,Anual,Débito automático,Mídia paga,4,44.91,10,3.4,36.6,9,7,0,2,1,0
CLI03527,Essencial,Mensal,Pix,Mídia paga,12,49.9,0,9.9,36.7,6,6,1,0,0,0
CLI03528,Essencial,Anual,Débito automático,Mídia paga,53,49.9,0,2.1,16.1,4,7,1,0,0,0
CLI03529,Premium,Mensal,Cartão,Busca orgânica,73,119.9,0,16.2,57.9,12,5,2,1,0,0
CLI03530,Plus,Mensal,Boleto,Indicação,21,79.9,0,7.1,18.1,4,8,0,1,1,1
CLI03531,Essencial,Anual,Débito automático,Mídia paga,16,49.9,0,2.8,14.8,4,7,0,1,0,0
CLI03532,Essencial,Anual,Cartão,Busca orgânica,8,47.4,5,2.4,12.7,4,8,0,1,1,0
CLI03533,Plus,Mensal,Débito automático,Parceiro,5,71.91,10,1.1,1.8,6,7,0,1,0,0
CLI03534,Essencial,Anual,Cartão,Parceiro,5,44.91,10,6.4,43.1,8,7,1,2,0,1
CLI03535,Plus,Anual,Pix,Mídia paga,25,71.91,10,11.9,7.2,5,7,0,0,1,0
CLI03536,Plus,Mensal,Cartão,Busca orgânica,24,79.9,0,6.0,15.4,4,8,1,0,0,0
CLI03537,Essencial,Mensal,Cartão,Mídia paga,9,47.4,5,2.1,37.1,4,6,0,0,1,0
CLI03538,Plus,Mensal,Pix,Busca orgânica,14,79.9,0,2.1,12.4,2,9,0,0,0,0
CLI03539,Essencial,Mensal,Cartão,Indicação,19,44.91,10,4.3,3.1,2,6,1,1,1,0
CLI03540,Essencial,Anual,Cartão,Mídia paga,4,44.91,10,4.1,3.9,1,7,0,0,0,0
CLI03541,Premium,Mensal,Débito automático,Mídia paga,28,107.91,10,5.9,16.7,3,10,0,0,0,0
CLI03542,Plus,Mensal,Cartão,Indicação,31,75.9,5,4.9,15.5,1,7,0,0,0,0
CLI03543,Premium,Mensal,Pix,Mídia paga,37,119.9,0,9.9,49.9,7,8,0,0,0,0
CLI03544,Essencial,Mensal,Pix,Parceiro,34,47.4,5,3.7,54.8,11,7,1,0,1,0
CLI03545,Essencial,Anual,Cartão,Busca orgânica,22,42.42,15,3.4,40.3,8,8,0,0,0,0
CLI03546,Plus,Mensal,Boleto,Indicação,64,71.91,10,6.6,65.5,15,3,0,0,0,0
CLI03547,Plus,Mensal,Cartão,Mídia paga,17,79.9,0,13.0,12.3,7,3,1,2,0,0
CLI03548,Premium,Mensal,Cartão,Indicação,34,107.91,10,2.5,22.3,8,9,1,0,0,0
CLI03549,Essencial,Anual,Cartão,Indicação,9,49.9,0,3.1,19.5,2,7,2,0,0,0
CLI03550,Premium,Anual,Pix,Busca orgânica,9,119.9,0,2.5,23.6,6,9,1,0,1,0
CLI03551,Premium,Anual,Cartão,Mídia paga,32,119.9,0,1.8,19.6,8,5,2,2,0,0
CLI03552,Plus,Mensal,Cartão,Mídia paga,11,71.91,10,5.7,4.0,6,6,2,1,0,1
CLI03553,Essencial,Mensal,Pix,Mídia paga,32,42.42,15,5.5,24.8,4,8,0,0,1,0
CLI03554,Plus,Anual,Débito automático,Mídia paga,33,79.9,0,3.2,71.1,9,7,0,0,0,0
CLI03555,Essencial,Anual,Cartão,Mídia paga,68,44.91,10,3.4,45.0,3,8,2,0,1,0
CLI03556,Plus,Mensal,Cartão,Mídia paga,8,75.9,5,6.2,3.5,8,7,0,2,1,0
CLI03557,Plus,Anual,Cartão,Indicação,7,71.91,10,13.7,12.6,6,7,0,0,0,0
CLI03558,Premium,Mensal,Cartão,Busca orgânica,26,119.9,0,14.8,41.0,8,8,0,1,0,0
CLI03559,Plus,Mensal,Débito automático,Busca orgânica,52,75.9,5,1.2,27.3,7,7,0,0,1,0
CLI03560,Plus,Anual,Cartão,Indicação,25,63.92,20,5.9,21.5,10,9,1,0,0,0
CLI03561,Plus,Mensal,Cartão,Busca orgânica,96,79.9,0,9.2,9.8,10,10,0,0,0,0
CLI03562,Plus,Anual,Cartão,Indicação,31,71.91,10,6.3,57.1,8,3,1,1,0,1
CLI03563,Premium,Mensal,Pix,Indicação,30,107.91,10,2.9,25.5,11,8,0,0,0,0
CLI03564,Essencial,Anual,Pix,Busca orgânica,19,39.92,20,2.2,35.5,13,6,1,0,0,0
CLI03565,Premium,Mensal,Cartão,Indicação,35,119.9,0,5.8,45.3,6,8,0,0,1,0
CLI03566,Plus,Anual,Pix,Indicação,51,67.92,15,0.7,30.0,8,6,0,0,1,0
CLI03567,Premium,Anual,Pix,Mídia paga,28,119.9,0,15.2,44.3,4,8,0,0,0,0
CLI03568,Plus,Mensal,Cartão,Mídia paga,48,75.9,5,1.4,77.7,9,5,0,0,1,0
CLI03569,Premium,Mensal,Cartão,Mídia paga,27,113.9,5,3.9,33.0,8,9,0,0,0,0
CLI03570,Essencial,Mensal,Cartão,Indicação,8,44.91,10,3.6,14.5,6,8,0,1,1,0
CLI03571,Plus,Mensal,Débito automático,Mídia paga,6,79.9,0,2.2,12.2,2,8,0,0,0,0
CLI03572,Essencial,Anual,Cartão,Mídia paga,40,49.9,0,2.4,61.9,11,3,4,1,0,1
CLI03573,Essencial,Mensal,Cartão,Indicação,28,39.92,20,6.9,36.0,5,9,0,0,0,1
CLI03574,Essencial,Anual,Pix,Indicação,50,44.91,10,8.4,3.2,6,10,0,0,0,0
CLI03575,Essencial,Mensal,Pix,Busca orgânica,41,47.4,5,2.3,23.3,4,6,1,0,0,0
CLI03576,Essencial,Mensal,Débito automático,Busca orgânica,6,49.9,0,2.8,55.1,11,5,0,1,1,1
CLI03577,Premium,Anual,Cartão,Indicação,17,95.92,20,2.0,16.8,4,8,1,1,0,0
CLI03578,Essencial,Mensal,Cartão,Indicação,11,44.91,10,1.7,6.9,3,7,1,0,0,0
CLI03579,Plus,Mensal,Pix,Busca orgânica,24,63.92,20,6.0,25.2,14,6,1,1,1,0
CLI03580,Essencial,Mensal,Débito automático,Busca orgânica,23,49.9,0,3.6,11.1,3,7,0,0,0,0
CLI03581,Plus,Mensal,Boleto,Busca orgânica,6,79.9,0,7.3,30.4,6,7,1,1,0,0
CLI03582,Plus,Mensal,Pix,Parceiro,16,71.91,10,3.9,16.9,9,8,0,1,0,0
CLI03583,Essencial,Anual,Pix,Indicação,16,44.91,10,5.3,37.2,8,7,1,0,0,0
CLI03584,Plus,Mensal,Cartão,Mídia paga,33,67.92,15,6.0,25.9,2,7,1,1,0,0
CLI03585,Premium,Anual,Boleto,Busca orgânica,23,119.9,0,2.7,29.8,7,8,1,0,1,1
CLI03586,Plus,Mensal,Débito automático,Mídia paga,14,71.91,10,5.4,56.9,9,7,0,0,0,0
CLI03587,Essencial,Mensal,Cartão,Mídia paga,12,49.9,0,6.4,57.2,4,7,0,0,0,1
CLI03588,Plus,Mensal,Cartão,Mídia paga,5,75.9,5,0.7,47.8,12,6,1,0,0,0
CLI03589,Plus,Mensal,Pix,Mídia paga,40,63.92,20,4.1,9.3,4,7,0,0,0,0
CLI03590,Essencial,Anual,Cartão,Mídia paga,40,44.91,10,1.6,21.3,6,10,0,0,0,0
CLI03591,Plus,Mensal,Débito automático,Mídia paga,53,79.9,0,5.7,14.7,4,9,0,1,1,0
CLI03592,Essencial,Mensal,Débito automático,Indicação,15,44.91,10,2.4,26.7,7,6,2,0,0,0
CLI03593,Plus,Mensal,Cartão,Busca orgânica,64,75.9,5,6.2,16.2,12,8,1,0,0,0
CLI03594,Essencial,Mensal,Boleto,Mídia paga,40,47.4,5,5.4,48.1,6,5,0,2,0,0
CLI03595,Essencial,Anual,Boleto,Busca orgânica,43,49.9,0,2.6,21.4,7,8,0,1,0,0
CLI03596,Premium,Mensal,Cartão,Indicação,18,107.91,10,7.5,19.2,7,8,0,0,0,0
CLI03597,Premium,Mensal,Cartão,Parceiro,17,107.91,10,13.2,19.1,1,6,1,2,0,0
CLI03598,Premium,Mensal,Boleto,Parceiro,37,119.9,0,7.4,14.7,6,5,4,0,0,0
CLI03599,Premium,Anual,Cartão,Busca orgânica,54,119.9,0,2.2,14.3,8,10,0,0,0,0
CLI03600,Essencial,Anual,Boleto,Busca orgânica,64,47.4,5,1.3,24.5,10,8,0,1,1,0
CLI03601,Essencial,Mensal,Cartão,Busca orgânica,58,47.4,5,2.4,28.5,10,8,1,0,0,0
CLI03602,Essencial,Mensal,Débito automático,Busca orgânica,33,49.9,0,3.2,30.4,8,8,1,0,0,0
CLI03603,Plus,Anual,Pix,Parceiro,9,67.92,15,6.8,18.8,6,9,1,0,0,0
CLI03604,Essencial,Mensal,Cartão,Busca orgânica,1,44.91,10,2.7,29.4,7,6,2,1,1,1
CLI03605,Premium,Mensal,Débito automático,Busca orgânica,42,119.9,0,2.3,57.5,7,4,0,1,0,0
CLI03606,Essencial,Mensal,Cartão,Parceiro,12,44.91,10,5.8,39.4,12,5,1,2,0,1
CLI03607,Essencial,Mensal,Cartão,Busca orgânica,78,44.91,10,3.9,16.4,7,10,0,0,0,0
CLI03608,Essencial,Mensal,Cartão,Parceiro,57,49.9,0,1.4,15.3,4,8,1,1,0,0
CLI03609,Essencial,Mensal,Cartão,Busca orgânica,25,42.42,15,0.6,11.1,5,6,2,0,1,0
CLI03610,Essencial,Mensal,Cartão,Indicação,27,47.4,5,4.1,6.2,3,8,0,0,0,0
CLI03611,Plus,Mensal,Cartão,Parceiro,37,75.9,5,4.3,25.3,9,6,1,0,0,0
CLI03612,Essencial,Mensal,Cartão,Indicação,26,49.9,0,4.1,59.3,13,9,0,0,0,0
CLI03613,Plus,Mensal,Cartão,Mídia paga,39,67.92,15,2.8,34.5,3,6,1,1,0,0
CLI03614,Premium,Mensal,Cartão,Indicação,25,119.9,0,10.1,72.7,19,7,1,0,0,0
CLI03615,Plus,Mensal,Débito automático,Mídia paga,17,79.9,0,2.3,15.4,7,7,2,0,0,0
CLI03616,Plus,Anual,Cartão,Indicação,12,67.92,15,5.0,13.4,4,7,0,0,0,0
CLI03617,Essencial,Anual,Débito automático,Mídia paga,18,49.9,0,6.0,12.0,6,6,1,0,0,0
CLI03618,Essencial,Mensal,Cartão,Parceiro,29,39.92,20,4.1,7.8,5,9,0,1,0,0
CLI03619,Essencial,Mensal,Cartão,Indicação,11,49.9,0,1.0,39.1,10,8,0,0,0,0
CLI03620,Premium,Mensal,Cartão,Busca orgânica,46,119.9,0,11.2,64.6,9,7,1,0,0,0
CLI03621,Plus,Anual,Cartão,Mídia paga,29,71.91,10,5.6,19.6,6,7,1,0,1,0
CLI03622,Essencial,Mensal,Pix,Parceiro,21,49.9,0,4.8,8.9,4,6,3,1,0,1
CLI03623,Essencial,Mensal,Débito automático,Busca orgânica,11,49.9,0,1.1,10.9,6,6,2,0,0,0
CLI03624,Premium,Anual,Cartão,Parceiro,49,119.9,0,8.9,19.3,7,7,0,0,0,0
CLI03625,Plus,Mensal,Cartão,Parceiro,62,79.9,0,1.7,35.4,10,5,2,0,0,0
CLI03626,Plus,Mensal,Débito automático,Mídia paga,2,63.92,20,6.8,64.9,9,5,2,0,0,0
CLI03627,Premium,Mensal,Cartão,Busca orgânica,27,119.9,0,6.8,84.3,11,5,0,0,0,0
CLI03628,Plus,Mensal,Débito automático,Busca orgânica,55,63.92,20,2.9,0.9,4,8,1,0,0,0
CLI03629,Plus,Anual,Pix,Mídia paga,37,75.9,5,4.8,36.3,9,2,2,0,1,0
CLI03630,Essencial,Mensal,Cartão,Mídia paga,6,44.91,10,1.5,15.1,4,7,1,0,1,0
CLI03631,Essencial,Mensal,Cartão,Busca orgânica,20,44.91,10,1.9,3.4,2,9,2,1,0,0
CLI03632,Premium,Mensal,Cartão,Mídia paga,10,119.9,0,5.2,22.2,6,8,1,1,0,0
CLI03633,Plus,Mensal,Pix,Mídia paga,11,63.92,20,5.9,16.6,4,5,3,0,0,0
CLI03634,Essencial,Anual,Boleto,Busca orgânica,25,44.91,10,1.8,29.3,10,4,1,0,0,0
CLI03635,Plus,Anual,Cartão,Mídia paga,34,71.91,10,4.4,42.8,11,3,0,0,0,0
CLI03636,Essencial,Anual,Boleto,Busca orgânica,16,47.4,5,5.6,37.2,5,6,1,0,0,0
CLI03637,Premium,Anual,Cartão,Indicação,24,107.91,10,5.5,29.1,7,7,2,0,0,0
CLI03638,Essencial,Mensal,Cartão,Indicação,34,47.4,5,2.7,6.5,6,6,0,0,0,0
CLI03639,Plus,Mensal,Pix,Busca orgânica,6,79.9,0,8.5,57.0,10,6,3,1,1,0
CLI03640,Plus,Mensal,Boleto,Mídia paga,11,79.9,0,3.3,41.2,9,10,0,0,0,0
CLI03641,Essencial,Mensal,Pix,Mídia paga,13,44.91,10,2.1,37.2,6,9,0,0,0,0
CLI03642,Essencial,Mensal,Débito automático,Indicação,18,47.4,5,6.1,3.7,5,8,1,0,0,0
CLI03643,Plus,Mensal,Pix,Busca orgânica,20,79.9,0,5.4,27.7,4,8,1,0,0,0
CLI03644,Essencial,Mensal,Débito automático,Mídia paga,26,42.42,15,2.6,33.2,5,9,0,0,0,0
CLI03645,Essencial,Anual,Débito automático,Indicação,16,49.9,0,3.4,10.5,5,6,1,0,1,0
CLI03646,Plus,Mensal,Débito automático,Parceiro,36,67.92,15,3.7,26.0,5,6,0,0,0,0
CLI03647,Essencial,Mensal,Pix,Mídia paga,17,44.91,10,2.2,33.0,8,7,1,0,0,0
CLI03648,Essencial,Anual,Pix,Parceiro,9,42.42,15,0.6,28.6,7,8,1,0,0,0
CLI03649,Essencial,Mensal,Boleto,Mídia paga,14,47.4,5,3.8,23.5,1,10,0,0,0,0
CLI03650,Premium,Mensal,Pix,Parceiro,10,113.9,5,11.1,43.2,5,8,0,0,1,0
CLI03651,Essencial,Mensal,Cartão,Mídia paga,3,49.9,0,3.1,48.1,10,5,2,0,1,1
CLI03652,Essencial,Anual,Débito automático,Busca orgânica,73,39.92,20,7.8,25.7,7,8,0,0,1,0
CLI03653,Essencial,Anual,Débito automático,Mídia paga,3,49.9,0,3.1,21.7,6,7,1,1,0,0
CLI03654,Essencial,Mensal,Pix,Indicação,18,47.4,5,1.7,27.9,8,5,3,0,0,0
CLI03655,Essencial,Mensal,Débito automático,Mídia paga,23,49.9,0,1.4,24.1,13,9,1,0,1,0
CLI03656,Essencial,Mensal,Cartão,Busca orgânica,23,49.9,0,5.0,28.2,7,4,0,0,1,0
CLI03657,Essencial,Mensal,Cartão,Mídia paga,3,42.42,15,2.7,75.6,14,3,3,2,1,1
CLI03658,Essencial,Anual,Cartão,Mídia paga,25,47.4,5,1.0,59.9,5,3,2,0,0,0
CLI03659,Premium,Anual,Débito automático,Mídia paga,49,119.9,0,2.7,14.0,5,6,0,0,1,0
CLI03660,Essencial,Anual,Débito automático,Busca orgânica,6,49.9,0,3.3,25.5,5,9,0,0,0,0
CLI03661,Essencial,Anual,Débito automático,Parceiro,25,39.92,20,5.6,2.5,6,9,1,0,0,0
CLI03662,Premium,Mensal,Cartão,Mídia paga,25,107.91,10,3.8,5.0,3,9,1,1,0,0
CLI03663,Premium,Anual,Boleto,Busca orgânica,21,113.9,5,6.5,44.5,7,8,0,0,1,1
CLI03664,Plus,Anual,Cartão,Indicação,79,63.92,20,8.5,36.8,3,6,0,0,0,0
CLI03665,Essencial,Mensal,Cartão,Busca orgânica,21,47.4,5,10.0,7.0,4,7,0,1,1,0
CLI03666,Essencial,Anual,Boleto,Indicação,15,39.92,20,2.4,52.2,9,7,0,2,0,0
CLI03667,Essencial,Anual,Débito automático,Mídia paga,5,49.9,0,2.2,79.3,8,5,0,0,0,1
CLI03668,Essencial,Anual,Boleto,Indicação,54,47.4,5,3.3,15.1,3,7,0,0,0,0
CLI03669,Essencial,Mensal,Pix,Busca orgânica,10,47.4,5,3.3,12.3,9,7,2,0,0,0
CLI03670,Plus,Mensal,Cartão,Mídia paga,28,79.9,0,7.6,0.6,5,10,0,2,0,0
CLI03671,Essencial,Anual,Cartão,Busca orgânica,58,44.91,10,3.6,56.2,14,8,1,0,0,0
CLI03672,Plus,Mensal,Débito automático,Parceiro,32,71.91,10,3.1,19.3,9,9,1,0,0,0
CLI03673,Essencial,Mensal,Pix,Busca orgânica,6,49.9,0,2.1,5.7,4,7,1,2,0,0
CLI03674,Essencial,Mensal,Débito automático,Busca orgânica,37,47.4,5,2.5,3.2,7,9,1,0,0,0
CLI03675,Plus,Mensal,Cartão,Parceiro,14,67.92,15,6.2,16.1,4,7,0,0,1,0
CLI03676,Premium,Mensal,Cartão,Busca orgânica,35,107.91,10,1.9,3.7,3,9,1,0,1,0
CLI03677,Essencial,Anual,Débito automático,Busca orgânica,72,44.91,10,4.5,47.7,12,5,0,1,0,0
CLI03678,Plus,Mensal,Boleto,Parceiro,33,71.91,10,1.4,22.0,12,6,2,0,0,1
CLI03679,Essencial,Anual,Cartão,Busca orgânica,22,49.9,0,1.4,75.3,12,6,0,1,0,0
CLI03680,Essencial,Anual,Cartão,Mídia paga,2,44.91,10,0.6,42.9,7,8,2,0,0,0
CLI03681,Plus,Anual,Cartão,Parceiro,13,67.92,15,10.2,45.6,12,9,0,1,1,0
CLI03682,Essencial,Mensal,Cartão,Busca orgânica,9,39.92,20,3.4,53.6,12,7,0,0,0,0
CLI03683,Essencial,Mensal,Débito automático,Mídia paga,33,49.9,0,4.0,6.5,3,9,0,0,1,0
CLI03684,Plus,Anual,Cartão,Mídia paga,56,79.9,0,1.8,52.0,9,5,2,0,1,1
CLI03685,Essencial,Mensal,Cartão,Parceiro,31,49.9,0,3.5,17.5,3,7,1,0,0,0
CLI03686,Essencial,Mensal,Débito automático,Mídia paga,25,47.4,5,3.4,35.7,7,7,1,0,0,0
CLI03687,Essencial,Anual,Débito automático,Mídia paga,25,49.9,0,2.5,45.3,12,8,2,0,1,0
CLI03688,Premium,Mensal,Cartão,Busca orgânica,22,107.91,10,8.6,0.8,2,7,2,0,0,0
CLI03689,Plus,Mensal,Boleto,Mídia paga,51,79.9,0,5.7,18.2,12,7,2,1,1,0
CLI03690,Essencial,Anual,Cartão,Mídia paga,39,44.91,10,2.8,18.0,6,4,2,0,0,0
CLI03691,Essencial,Mensal,Cartão,Parceiro,62,39.92,20,3.9,26.1,6,8,0,0,1,0
CLI03692,Plus,Mensal,Boleto,Busca orgânica,58,79.9,0,5.0,12.8,5,8,0,1,0,0
CLI03693,Essencial,Mensal,Cartão,Indicação,88,49.9,0,5.6,19.0,6,6,0,1,0,0
CLI03694,Plus,Anual,Boleto,Parceiro,44,79.9,0,1.9,19.0,5,7,0,0,1,1
CLI03695,Plus,Anual,Pix,Mídia paga,40,63.92,20,10.2,13.9,6,7,2,0,1,0
CLI03696,Essencial,Anual,Boleto,Indicação,23,44.91,10,2.7,3.5,4,6,1,2,1,0
CLI03697,Essencial,Anual,Cartão,Busca orgânica,26,49.9,0,3.3,22.5,4,7,1,0,0,0
CLI03698,Essencial,Mensal,Cartão,Parceiro,48,49.9,0,1.1,16.3,10,8,0,1,1,0
CLI03699,Essencial,Mensal,Débito automático,Parceiro,19,42.42,15,1.7,29.4,4,5,1,0,1,0
CLI03700,Essencial,Mensal,Débito automático,Busca orgânica,53,44.91,10,3.1,14.7,6,7,0,0,0,0
CLI03701,Premium,Anual,Débito automático,Mídia paga,22,113.9,5,7.6,43.7,3,9,0,0,1,0
CLI03702,Essencial,Anual,Cartão,Busca orgânica,27,49.9,0,5.3,26.1,10,6,0,1,0,0
CLI03703,Plus,Mensal,Pix,Busca orgânica,69,63.92,20,1.4,51.7,13,6,0,0,0,0
CLI03704,Plus,Anual,Cartão,Mídia paga,41,67.92,15,2.8,5.4,4,5,1,0,0,0
CLI03705,Essencial,Mensal,Cartão,Busca orgânica,27,49.9,0,1.5,20.8,7,8,1,0,0,0
CLI03706,Essencial,Mensal,Pix,Busca orgânica,81,47.4,5,2.4,39.8,4,8,1,1,0,0
CLI03707,Essencial,Mensal,Débito automático,Busca orgânica,16,49.9,0,3.5,8.1,2,7,1,2,1,0
CLI03708,Plus,Anual,Pix,Indicação,13,75.9,5,6.8,9.8,7,8,2,0,0,0
CLI03709,Essencial,Mensal,Cartão,Busca orgânica,12,39.92,20,8.9,42.5,7,4,0,1,0,0
CLI03710,Plus,Mensal,Débito automático,Parceiro,30,79.9,0,3.3,49.4,8,5,2,0,1,0
CLI03711,Premium,Anual,Boleto,Busca orgânica,26,119.9,0,5.7,25.2,3,7,2,2,0,0
CLI03712,Plus,Mensal,Cartão,Mídia paga,34,75.9,5,8.2,18.1,5,6,1,0,1,0
CLI03713,Premium,Mensal,Débito automático,Busca orgânica,5,119.9,0,4.7,46.3,4,5,2,1,0,1
CLI03714,Plus,Anual,Débito automático,Mídia paga,6,79.9,0,11.5,12.7,7,8,0,0,1,0
CLI03715,Premium,Mensal,Cartão,Mídia paga,13,119.9,0,3.7,38.0,11,9,0,1,0,0
CLI03716,Premium,Mensal,Débito automático,Parceiro,30,119.9,0,4.6,9.1,6,10,1,0,0,0
CLI03717,Plus,Mensal,Boleto,Busca orgânica,18,79.9,0,6.0,8.5,8,9,0,0,0,0
CLI03718,Plus,Anual,Débito automático,Busca orgânica,9,63.92,20,6.9,42.9,10,8,0,0,0,0
CLI03719,Premium,Mensal,Cartão,Indicação,11,95.92,20,5.8,6.5,5,7,1,1,0,0
CLI03720,Plus,Anual,Pix,Indicação,42,71.91,10,17.1,8.0,5,4,1,0,1,0
CLI03721,Plus,Anual,Débito automático,Mídia paga,62,79.9,0,5.5,33.7,7,7,1,0,0,0
CLI03722,Plus,Mensal,Pix,Mídia paga,20,79.9,0,3.0,9.6,4,10,0,0,1,0
CLI03723,Premium,Anual,Cartão,Indicação,10,107.91,10,5.5,43.7,10,8,0,0,0,0
CLI03724,Essencial,Anual,Cartão,Mídia paga,31,44.91,10,1.1,46.7,14,6,1,0,1,0
CLI03725,Plus,Anual,Débito automático,Mídia paga,75,79.9,0,2.6,3.3,0,7,0,0,0,0
CLI03726,Plus,Mensal,Pix,Busca orgânica,28,67.92,15,2.5,13.3,7,8,0,1,0,0
CLI03727,Premium,Mensal,Boleto,Mídia paga,29,107.91,10,5.5,54.9,4,6,1,0,0,0
CLI03728,Essencial,Anual,Cartão,Mídia paga,23,49.9,0,2.5,16.6,7,8,0,0,0,0
CLI03729,Plus,Anual,Débito automático,Parceiro,35,67.92,15,6.8,32.7,8,5,0,0,0,1
CLI03730,Plus,Anual,Cartão,Mídia paga,29,71.91,10,2.7,57.9,5,7,1,1,0,0
CLI03731,Premium,Mensal,Débito automático,Parceiro,4,101.92,15,8.0,12.3,2,10,0,0,0,0
CLI03732,Premium,Mensal,Débito automático,Busca orgânica,35,101.92,15,13.0,16.7,4,9,2,0,0,0
CLI03733,Plus,Mensal,Cartão,Mídia paga,28,79.9,0,8.0,37.3,5,7,0,1,0,0
CLI03734,Plus,Anual,Cartão,Parceiro,11,75.9,5,3.0,26.7,5,8,1,0,0,0
CLI03735,Essencial,Anual,Boleto,Indicação,15,49.9,0,7.0,10.3,3,6,1,0,0,0
CLI03736,Premium,Anual,Débito automático,Busca orgânica,7,119.9,0,3.5,13.9,7,10,0,0,1,0
CLI03737,Essencial,Mensal,Pix,Mídia paga,39,49.9,0,4.7,24.8,6,9,0,0,0,0
CLI03738,Plus,Anual,Cartão,Busca orgânica,46,75.9,5,4.7,23.8,11,6,1,0,0,0
CLI03739,Plus,Mensal,Boleto,Busca orgânica,31,67.92,15,3.6,11.0,6,9,0,2,1,0
CLI03740,Essencial,Mensal,Débito automático,Mídia paga,19,49.9,0,2.4,25.4,7,6,0,0,0,0
CLI03741,Essencial,Mensal,Cartão,Mídia paga,26,47.4,5,4.8,25.4,9,9,0,1,0,0
CLI03742,Essencial,Mensal,Pix,Indicação,31,42.42,15,1.8,45.6,16,8,0,0,1,0
CLI03743,Premium,Anual,Cartão,Busca orgânica,30,113.9,5,18.7,41.7,9,5,1,3,0,0
CLI03744,Plus,Mensal,Débito automático,Busca orgânica,41,79.9,0,5.4,37.1,7,5,3,0,0,0
CLI03745,Essencial,Mensal,Débito automático,Indicação,16,47.4,5,6.7,9.5,7,7,0,0,1,0
CLI03746,Plus,Mensal,Cartão,Indicação,28,79.9,0,4.4,58.7,11,7,2,1,0,0
CLI03747,Essencial,Mensal,Cartão,Mídia paga,13,47.4,5,2.9,4.2,3,8,0,1,0,0
CLI03748,Premium,Anual,Cartão,Mídia paga,39,113.9,5,13.8,42.2,8,6,2,1,1,0
CLI03749,Essencial,Mensal,Cartão,Parceiro,14,49.9,0,3.4,3.1,5,7,1,1,0,0
CLI03750,Essencial,Mensal,Boleto,Parceiro,81,49.9,0,7.0,22.4,8,5,1,1,1,1
CLI03751,Essencial,Mensal,Débito automático,Parceiro,26,49.9,0,2.0,28.7,8,6,1,0,1,0
CLI03752,Plus,Anual,Cartão,Indicação,19,67.92,15,4.7,24.1,7,7,0,0,0,0
CLI03753,Essencial,Mensal,Cartão,Busca orgânica,16,49.9,0,0.6,32.3,9,5,2,0,1,1
CLI03754,Plus,Mensal,Cartão,Indicação,26,67.92,15,6.0,42.6,9,8,0,2,1,0
CLI03755,Plus,Mensal,Débito automático,Mídia paga,70,63.92,20,4.8,3.6,8,8,0,0,0,0
CLI03756,Essencial,Mensal,Cartão,Parceiro,11,47.4,5,1.8,12.5,3,8,0,0,0,1
CLI03757,Essencial,Mensal,Cartão,Indicação,39,42.42,15,2.2,24.6,11,8,0,1,0,0
CLI03758,Essencial,Mensal,Boleto,Busca orgânica,13,47.4,5,4.3,15.9,6,9,0,1,0,0
CLI03759,Premium,Anual,Pix,Busca orgânica,9,119.9,0,7.5,48.6,7,6,2,0,1,0
CLI03760,Essencial,Mensal,Débito automático,Indicação,34,49.9,0,1.1,7.0,6,7,2,0,0,0
CLI03761,Premium,Mensal,Cartão,Mídia paga,19,95.92,20,9.9,27.4,3,6,2,1,0,0
CLI03762,Essencial,Anual,Cartão,Busca orgânica,24,42.42,15,3.1,19.0,7,7,1,0,0,0
CLI03763,Essencial,Mensal,Boleto,Busca orgânica,32,39.92,20,8.3,48.9,7,7,0,2,0,1
CLI03764,Essencial,Mensal,Débito automático,Parceiro,70,47.4,5,6.8,5.6,1,6,0,0,0,0
CLI03765,Essencial,Mensal,Débito automático,Busca orgânica,38,49.9,0,2.3,36.1,5,7,1,0,0,0
CLI03766,Plus,Mensal,Pix,Busca orgânica,19,79.9,0,6.1,23.2,3,7,0,0,0,0
CLI03767,Plus,Mensal,Cartão,Mídia paga,41,67.92,15,8.9,48.4,11,4,1,2,0,1
CLI03768,Essencial,Anual,Pix,Busca orgânica,8,49.9,0,1.8,28.2,10,8,1,0,0,0
CLI03769,Plus,Mensal,Cartão,Mídia paga,22,71.91,10,6.9,9.7,3,7,0,0,1,0
CLI03770,Plus,Anual,Cartão,Busca orgânica,17,67.92,15,8.8,16.3,6,7,2,0,0,0
CLI03771,Premium,Anual,Pix,Busca orgânica,91,101.92,15,10.7,21.4,4,6,2,1,0,0
CLI03772,Premium,Mensal,Cartão,Indicação,13,113.9,5,4.2,11.4,5,9,1,0,0,0
CLI03773,Plus,Anual,Cartão,Mídia paga,38,79.9,0,3.4,51.7,9,6,4,1,0,1
CLI03774,Plus,Mensal,Cartão,Busca orgânica,16,71.91,10,1.4,28.3,3,5,2,0,1,0
CLI03775,Plus,Mensal,Cartão,Parceiro,12,75.9,5,10.5,4.2,3,5,2,0,0,0
CLI03776,Plus,Anual,Débito automático,Indicação,14,79.9,0,4.9,33.0,8,9,0,0,1,0
CLI03777,Plus,Mensal,Boleto,Parceiro,27,79.9,0,3.6,20.1,8,9,0,1,1,1
CLI03778,Essencial,Anual,Cartão,Parceiro,24,49.9,0,2.8,19.6,6,7,2,0,0,0
CLI03779,Plus,Mensal,Cartão,Indicação,19,79.9,0,3.6,15.5,9,8,1,1,0,0
CLI03780,Premium,Mensal,Débito automático,Mídia paga,47,119.9,0,1.7,12.2,9,7,1,1,0,0
CLI03781,Essencial,Mensal,Cartão,Mídia paga,21,42.42,15,4.3,12.9,6,8,0,0,0,0
CLI03782,Premium,Mensal,Débito automático,Mídia paga,44,107.91,10,4.4,15.1,5,5,3,0,0,0
CLI03783,Premium,Mensal,Cartão,Parceiro,25,95.92,20,3.6,42.5,13,7,1,0,1,0
CLI03784,Essencial,Mensal,Pix,Indicação,11,44.91,10,1.6,66.9,13,7,0,0,0,1
CLI03785,Plus,Mensal,Cartão,Parceiro,27,71.91,10,0.9,48.1,8,8,1,0,0,0
CLI03786,Premium,Mensal,Débito automático,Mídia paga,27,113.9,5,3.2,47.9,7,6,5,0,0,1
CLI03787,Premium,Anual,Pix,Busca orgânica,96,107.91,10,5.5,62.0,12,5,1,0,1,0
CLI03788,Essencial,Mensal,Cartão,Busca orgânica,58,49.9,0,2.0,16.8,4,6,2,2,1,0
CLI03789,Essencial,Mensal,Cartão,Busca orgânica,64,44.91,10,1.2,27.1,6,7,3,1,1,0
CLI03790,Plus,Anual,Pix,Busca orgânica,24,71.91,10,2.2,13.7,3,7,1,1,0,0
CLI03791,Essencial,Anual,Boleto,Indicação,16,47.4,5,3.4,0.9,5,7,1,0,1,1
CLI03792,Essencial,Anual,Pix,Mídia paga,21,44.91,10,1.4,13.8,6,3,0,0,1,0
CLI03793,Essencial,Anual,Cartão,Busca orgânica,20,44.91,10,1.0,45.7,8,5,2,1,0,0
CLI03794,Essencial,Mensal,Pix,Busca orgânica,45,47.4,5,8.7,12.8,8,8,0,0,0,0
CLI03795,Plus,Mensal,Cartão,Parceiro,17,79.9,0,2.9,30.4,10,8,2,0,0,1
CLI03796,Plus,Anual,Débito automático,Parceiro,42,79.9,0,1.3,38.4,7,8,1,1,0,0
CLI03797,Plus,Mensal,Débito automático,Mídia paga,50,67.92,15,2.5,31.7,6,8,1,0,0,0
CLI03798,Plus,Anual,Cartão,Indicação,35,63.92,20,8.0,9.8,3,8,0,0,0,0
CLI03799,Essencial,Mensal,Pix,Parceiro,9,44.91,10,5.5,0.8,6,7,2,0,1,0
CLI03800,Essencial,Anual,Débito automático,Indicação,34,44.91,10,3.2,0.6,3,7,1,0,0,0
CLI03801,Essencial,Anual,Cartão,Busca orgânica,8,42.42,15,4.2,42.9,10,6,0,0,1,0
CLI03802,Essencial,Mensal,Pix,Parceiro,26,44.91,10,1.2,15.6,4,9,1,1,0,0
CLI03803,Essencial,Mensal,Cartão,Indicação,21,49.9,0,3.1,1.8,7,7,1,0,0,0
CLI03804,Essencial,Anual,Pix,Indicação,37,49.9,0,0.9,24.1,4,8,0,0,1,0
CLI03805,Essencial,Anual,Pix,Mídia paga,18,42.42,15,6.9,15.3,5,4,0,0,0,0
CLI03806,Essencial,Anual,Pix,Busca orgânica,17,42.42,15,1.3,28.3,3,8,0,0,1,0
CLI03807,Plus,Anual,Débito automático,Busca orgânica,18,79.9,0,4.8,28.2,7,7,1,0,0,0
CLI03808,Plus,Mensal,Cartão,Mídia paga,20,79.9,0,1.2,35.6,5,6,1,0,0,0
CLI03809,Premium,Mensal,Débito automático,Parceiro,8,95.92,20,13.1,16.6,8,7,2,0,1,0
CLI03810,Plus,Mensal,Pix,Parceiro,51,75.9,5,10.2,23.8,8,7,1,1,0,0
CLI03811,Plus,Anual,Débito automático,Indicação,20,71.91,10,7.4,14.8,4,6,2,0,1,0
CLI03812,Essencial,Mensal,Cartão,Mídia paga,42,49.9,0,4.8,17.1,7,5,4,0,0,1
CLI03813,Plus,Mensal,Pix,Mídia paga,33,75.9,5,9.5,38.9,11,9,1,0,1,0
CLI03814,Essencial,Anual,Cartão,Busca orgânica,21,47.4,5,0.6,29.1,5,10,0,0,0,0
CLI03815,Essencial,Mensal,Cartão,Busca orgânica,18,49.9,0,4.3,38.5,4,7,2,1,0,0
CLI03816,Essencial,Anual,Cartão,Indicação,7,49.9,0,2.6,7.6,5,6,3,1,0,0
CLI03817,Essencial,Mensal,Pix,Indicação,15,42.42,15,4.5,13.0,3,8,0,0,0,0
CLI03818,Essencial,Mensal,Cartão,Indicação,9,49.9,0,3.3,42.0,17,6,0,1,1,1
CLI03819,Plus,Mensal,Cartão,Mídia paga,11,71.91,10,6.6,29.7,5,4,1,3,0,1
CLI03820,Premium,Anual,Cartão,Mídia paga,41,113.9,5,7.5,54.1,9,8,1,1,0,0
CLI03821,Plus,Anual,Pix,Indicação,18,79.9,0,0.7,56.2,12,5,1,0,1,0
CLI03822,Plus,Mensal,Boleto,Mídia paga,14,67.92,15,4.7,27.3,7,6,1,0,0,0
CLI03823,Plus,Mensal,Débito automático,Indicação,18,71.91,10,13.8,53.7,9,4,2,0,1,0
CLI03824,Essencial,Mensal,Boleto,Indicação,9,44.91,10,2.8,11.9,7,7,0,1,1,0
CLI03825,Plus,Mensal,Boleto,Parceiro,10,75.9,5,5.0,4.5,2,8,0,0,1,0
CLI03826,Plus,Mensal,Cartão,Busca orgânica,45,67.92,15,10.3,18.7,10,7,0,0,0,0
CLI03827,Essencial,Mensal,Cartão,Mídia paga,61,39.92,20,1.1,9.8,5,8,0,1,0,0
CLI03828,Essencial,Anual,Cartão,Busca orgânica,24,44.91,10,3.0,52.8,10,6,1,1,1,0
CLI03829,Premium,Anual,Cartão,Indicação,5,113.9,5,7.6,3.7,1,10,1,0,0,0
CLI03830,Plus,Mensal,Débito automático,Parceiro,58,63.92,20,3.1,63.6,16,4,1,0,0,1
CLI03831,Plus,Anual,Boleto,Indicação,77,79.9,0,2.5,17.4,10,6,2,0,1,0
CLI03832,Plus,Mensal,Pix,Busca orgânica,30,67.92,15,7.7,34.5,10,7,0,0,0,0
CLI03833,Essencial,Anual,Boleto,Mídia paga,15,49.9,0,6.3,33.2,7,5,2,2,0,0
CLI03834,Plus,Mensal,Débito automático,Mídia paga,42,75.9,5,9.3,6.0,6,9,0,1,1,0
CLI03835,Essencial,Mensal,Cartão,Parceiro,23,49.9,0,1.6,52.4,9,7,0,0,0,0
CLI03836,Essencial,Anual,Cartão,Parceiro,39,47.4,5,4.5,11.2,4,5,1,0,0,0
CLI03837,Plus,Mensal,Boleto,Indicação,6,79.9,0,4.5,21.9,6,7,0,1,1,1
CLI03838,Essencial,Anual,Débito automático,Indicação,17,49.9,0,3.2,1.2,3,6,0,0,1,0
CLI03839,Plus,Anual,Cartão,Mídia paga,9,75.9,5,2.9,16.6,8,8,0,1,0,0
CLI03840,Essencial,Anual,Cartão,Indicação,12,39.92,20,5.0,48.1,15,7,0,1,0,0
CLI03841,Plus,Mensal,Débito automático,Busca orgânica,6,79.9,0,0.8,21.1,3,8,1,0,0,0
CLI03842,Plus,Mensal,Débito automático,Busca orgânica,12,79.9,0,7.3,2.7,3,7,3,0,0,0
CLI03843,Plus,Mensal,Pix,Parceiro,51,79.9,0,7.0,59.5,10,8,1,0,1,0
CLI03844,Plus,Mensal,Boleto,Parceiro,13,75.9,5,3.1,1.4,9,6,2,1,0,0
CLI03845,Premium,Anual,Cartão,Busca orgânica,6,119.9,0,2.7,5.2,5,8,0,0,0,0
CLI03846,Plus,Mensal,Boleto,Indicação,13,79.9,0,2.2,17.5,6,10,0,0,0,0
CLI03847,Plus,Mensal,Pix,Parceiro,6,71.91,10,4.0,17.8,4,8,2,0,0,0
CLI03848,Plus,Mensal,Débito automático,Indicação,25,79.9,0,2.4,18.1,5,9,0,0,1,0
CLI03849,Essencial,Anual,Boleto,Indicação,13,47.4,5,6.3,32.1,1,8,0,0,1,0
CLI03850,Essencial,Anual,Débito automático,Busca orgânica,20,49.9,0,4.2,45.7,11,7,0,0,0,0
CLI03851,Essencial,Mensal,Cartão,Busca orgânica,15,44.91,10,6.8,19.9,4,9,0,1,0,0
CLI03852,Essencial,Mensal,Débito automático,Indicação,20,49.9,0,1.6,32.3,7,6,2,0,0,0
CLI03853,Essencial,Anual,Pix,Busca orgânica,6,44.91,10,7.7,45.7,9,4,1,0,1,0
CLI03854,Essencial,Mensal,Cartão,Indicação,12,49.9,0,2.0,23.3,2,7,0,1,1,0
CLI03855,Plus,Anual,Débito automático,Mídia paga,34,71.91,10,3.1,16.3,8,8,1,0,0,0
CLI03856,Essencial,Anual,Pix,Busca orgânica,36,49.9,0,5.2,37.3,10,5,1,0,1,0
CLI03857,Plus,Anual,Pix,Mídia paga,21,79.9,0,5.3,34.1,11,5,1,0,0,0
CLI03858,Essencial,Mensal,Cartão,Mídia paga,22,44.91,10,3.2,3.4,4,7,0,0,0,0
CLI03859,Plus,Anual,Cartão,Busca orgânica,4,71.91,10,8.1,20.9,7,9,0,0,0,0
CLI03860,Essencial,Anual,Cartão,Parceiro,29,49.9,0,0.4,24.9,5,7,1,1,1,0
CLI03861,Plus,Mensal,Débito automático,Busca orgânica,50,75.9,5,2.9,30.4,9,6,1,0,0,0
CLI03862,Essencial,Anual,Cartão,Indicação,6,49.9,0,0.9,25.7,2,8,0,0,0,0
CLI03863,Plus,Mensal,Pix,Mídia paga,40,79.9,0,4.1,71.2,10,6,1,0,0,0
CLI03864,Essencial,Anual,Pix,Indicação,6,47.4,5,7.5,55.5,9,6,0,0,0,0
CLI03865,Premium,Anual,Cartão,Busca orgânica,24,95.92,20,14.0,37.6,7,10,0,0,0,0
CLI03866,Essencial,Mensal,Cartão,Parceiro,5,47.4,5,1.2,17.3,4,6,0,2,0,0
CLI03867,Plus,Mensal,Cartão,Parceiro,7,79.9,0,4.2,15.8,5,7,0,0,1,0
CLI03868,Essencial,Mensal,Débito automático,Busca orgânica,11,47.4,5,6.3,17.3,5,9,1,0,0,0
CLI03869,Plus,Mensal,Boleto,Busca orgânica,10,71.91,10,3.3,18.6,4,5,0,1,1,1
CLI03870,Plus,Anual,Cartão,Mídia paga,47,79.9,0,3.7,18.2,7,9,0,0,0,0
CLI03871,Essencial,Mensal,Cartão,Indicação,25,47.4,5,1.3,4.5,6,5,0,0,0,0
CLI03872,Essencial,Anual,Pix,Busca orgânica,10,49.9,0,1.8,5.5,4,8,2,0,0,0
CLI03873,Essencial,Mensal,Cartão,Mídia paga,34,44.91,10,2.5,22.5,8,8,1,1,0,0
CLI03874,Essencial,Anual,Pix,Busca orgânica,38,39.92,20,2.4,69.3,10,7,0,0,0,0
CLI03875,Premium,Anual,Cartão,Indicação,30,119.9,0,6.5,65.5,8,7,1,1,0,0
CLI03876,Essencial,Anual,Débito automático,Mídia paga,28,47.4,5,4.0,3.8,6,7,2,0,0,0
CLI03877,Essencial,Anual,Cartão,Mídia paga,28,49.9,0,7.4,36.2,8,7,2,0,0,0
CLI03878,Premium,Anual,Boleto,Busca orgânica,10,119.9,0,5.4,19.8,4,8,1,0,0,0
CLI03879,Essencial,Anual,Cartão,Parceiro,24,47.4,5,3.3,17.5,7,6,1,0,1,0
CLI03880,Essencial,Anual,Cartão,Mídia paga,47,44.91,10,2.7,13.5,3,7,1,0,1,0
CLI03881,Plus,Mensal,Boleto,Mídia paga,67,75.9,5,3.6,1.7,5,7,1,0,0,0
CLI03882,Premium,Mensal,Cartão,Indicação,22,113.9,5,4.8,28.3,8,5,2,1,0,0
CLI03883,Plus,Mensal,Cartão,Mídia paga,14,79.9,0,6.7,14.7,2,6,1,0,0,0
CLI03884,Plus,Anual,Cartão,Mídia paga,11,79.9,0,2.9,7.9,4,9,0,1,0,0
CLI03885,Premium,Anual,Débito automático,Mídia paga,45,101.92,15,10.1,6.7,1,9,0,0,0,0
CLI03886,Essencial,Mensal,Pix,Mídia paga,11,42.42,15,4.5,41.5,13,6,2,0,0,0
CLI03887,Premium,Anual,Pix,Indicação,19,119.9,0,7.2,69.6,15,4,1,0,0,1
CLI03888,Premium,Mensal,Cartão,Busca orgânica,19,101.92,15,6.1,11.6,4,9,0,1,0,0
CLI03889,Premium,Anual,Cartão,Parceiro,37,95.92,20,11.4,46.4,7,8,0,0,1,0
CLI03890,Essencial,Mensal,Cartão,Indicação,29,44.91,10,5.8,20.3,9,9,1,0,0,0
CLI03891,Essencial,Mensal,Cartão,Mídia paga,77,47.4,5,7.4,16.8,5,7,0,0,0,0
CLI03892,Plus,Mensal,Cartão,Parceiro,28,79.9,0,4.9,30.2,6,8,0,1,0,0
CLI03893,Plus,Mensal,Pix,Indicação,46,67.92,15,3.5,17.4,6,6,2,0,0,0
CLI03894,Plus,Anual,Débito automático,Parceiro,16,79.9,0,7.7,33.9,5,4,2,0,0,0
CLI03895,Premium,Anual,Pix,Parceiro,29,119.9,0,3.4,24.8,4,8,0,0,0,0
CLI03896,Plus,Anual,Pix,Mídia paga,48,75.9,5,12.0,2.2,2,9,0,1,0,0
CLI03897,Essencial,Mensal,Pix,Mídia paga,44,42.42,15,1.4,20.8,4,10,0,0,0,0
CLI03898,Essencial,Mensal,Cartão,Mídia paga,8,42.42,15,3.6,69.8,17,5,1,2,0,1
CLI03899,Essencial,Mensal,Pix,Indicação,10,44.91,10,2.1,18.9,14,7,2,0,0,0
CLI03900,Essencial,Mensal,Cartão,Mídia paga,29,49.9,0,5.3,11.8,8,4,1,1,0,0
CLI03901,Essencial,Mensal,Débito automático,Busca orgânica,19,44.91,10,3.3,2.9,4,7,0,0,0,0
CLI03902,Plus,Mensal,Cartão,Mídia paga,23,67.92,15,6.0,60.2,12,6,1,0,0,0
CLI03903,Plus,Anual,Pix,Busca orgânica,19,67.92,15,1.9,10.3,3,6,1,0,1,0
CLI03904,Plus,Anual,Débito automático,Mídia paga,41,71.91,10,7.6,19.1,5,7,0,0,0,0
CLI03905,Essencial,Anual,Cartão,Indicação,26,47.4,5,4.7,44.5,15,2,3,2,1,1
CLI03906,Plus,Mensal,Cartão,Busca orgânica,21,67.92,15,6.3,26.7,6,6,0,1,1,0
CLI03907,Plus,Mensal,Boleto,Mídia paga,94,75.9,5,5.2,10.3,5,7,0,1,1,1
CLI03908,Premium,Mensal,Cartão,Busca orgânica,47,119.9,0,2.6,22.5,9,9,0,0,0,1
CLI03909,Plus,Mensal,Cartão,Busca orgânica,54,75.9,5,4.2,26.8,3,8,0,0,0,0
CLI03910,Plus,Mensal,Cartão,Mídia paga,9,67.92,15,5.5,38.1,7,6,1,0,0,0
CLI03911,Plus,Anual,Cartão,Indicação,96,79.9,0,3.8,19.5,7,8,0,0,0,0
CLI03912,Plus,Mensal,Pix,Busca orgânica,90,75.9,5,5.5,10.0,5,9,0,0,1,0
CLI03913,Premium,Mensal,Débito automático,Busca orgânica,41,101.92,15,7.9,38.4,5,8,0,0,0,0
CLI03914,Essencial,Anual,Débito automático,Parceiro,26,47.4,5,0.6,26.5,9,7,1,0,0,0
CLI03915,Essencial,Anual,Pix,Indicação,13,47.4,5,1.8,16.0,7,7,0,0,1,0
CLI03916,Essencial,Mensal,Débito automático,Busca orgânica,44,44.91,10,3.2,62.6,11,5,0,1,0,0
CLI03917,Plus,Anual,Débito automático,Parceiro,79,71.91,10,0.3,29.8,1,7,1,0,0,0
CLI03918,Plus,Mensal,Cartão,Mídia paga,26,75.9,5,9.0,27.6,6,5,1,0,1,0
CLI03919,Plus,Mensal,Pix,Mídia paga,10,79.9,0,6.0,19.3,1,9,0,0,1,0
CLI03920,Essencial,Anual,Cartão,Busca orgânica,24,42.42,15,3.1,59.1,7,4,1,0,1,0
CLI03921,Essencial,Mensal,Cartão,Mídia paga,17,49.9,0,3.2,26.8,4,8,3,0,0,0
CLI03922,Premium,Anual,Débito automático,Parceiro,11,107.91,10,9.7,17.7,8,10,2,0,0,0
CLI03923,Essencial,Mensal,Débito automático,Parceiro,6,44.91,10,1.5,2.7,6,8,0,0,0,0
CLI03924,Premium,Mensal,Débito automático,Mídia paga,73,119.9,0,7.7,57.6,8,7,0,0,1,1
CLI03925,Essencial,Mensal,Pix,Mídia paga,57,49.9,0,5.8,63.6,12,6,0,0,0,0
CLI03926,Plus,Anual,Cartão,Mídia paga,18,79.9,0,1.2,15.0,7,8,0,1,0,0
CLI03927,Plus,Anual,Cartão,Mídia paga,3,79.9,0,2.1,29.4,4,6,1,2,1,0
CLI03928,Premium,Anual,Cartão,Mídia paga,33,95.92,20,4.1,9.5,4,7,0,2,0,0
CLI03929,Essencial,Mensal,Cartão,Indicação,61,42.42,15,10.4,67.5,11,8,3,0,0,1
CLI03930,Premium,Mensal,Pix,Mídia paga,78,95.92,20,6.4,27.4,8,8,2,0,0,1
CLI03931,Plus,Mensal,Pix,Busca orgânica,33,63.92,20,3.6,61.4,10,5,0,1,0,0
CLI03932,Plus,Mensal,Cartão,Indicação,13,79.9,0,2.7,31.6,12,7,0,0,0,0
CLI03933,Plus,Mensal,Cartão,Indicação,29,71.91,10,3.0,16.8,7,6,1,2,0,1
CLI03934,Essencial,Anual,Cartão,Busca orgânica,21,47.4,5,4.6,12.3,4,4,2,0,0,0
CLI03935,Plus,Mensal,Débito automático,Busca orgânica,19,79.9,0,3.2,23.6,8,8,2,0,0,0
CLI03936,Essencial,Mensal,Cartão,Busca orgânica,52,47.4,5,2.0,10.9,3,5,0,0,0,0
CLI03937,Essencial,Anual,Cartão,Mídia paga,34,49.9,0,2.1,34.2,13,7,1,0,1,0
CLI03938,Plus,Mensal,Cartão,Parceiro,8,63.92,20,8.5,25.4,7,8,0,1,0,0
CLI03939,Plus,Anual,Cartão,Indicação,53,67.92,15,3.0,26.5,5,5,2,0,0,0
CLI03940,Essencial,Mensal,Cartão,Indicação,73,42.42,15,0.9,19.1,9,5,1,1,0,0
CLI03941,Essencial,Mensal,Débito automático,Busca orgânica,13,49.9,0,3.8,5.1,4,6,1,1,0,0
CLI03942,Essencial,Anual,Cartão,Mídia paga,33,49.9,0,2.2,9.3,5,10,0,0,0,0
CLI03943,Essencial,Mensal,Cartão,Busca orgânica,21,49.9,0,1.7,56.3,2,8,0,0,1,0
CLI03944,Plus,Anual,Cartão,Indicação,5,67.92,15,5.6,23.0,2,7,0,0,0,0
CLI03945,Essencial,Mensal,Cartão,Indicação,29,47.4,5,3.1,1.3,8,7,0,2,1,1
CLI03946,Premium,Mensal,Boleto,Indicação,42,107.91,10,2.6,17.8,4,7,1,1,0,0
CLI03947,Essencial,Mensal,Débito automático,Mídia paga,29,49.9,0,4.9,16.0,5,6,1,1,0,1
CLI03948,Essencial,Mensal,Cartão,Mídia paga,59,47.4,5,4.9,31.2,8,8,1,0,0,0
CLI03949,Premium,Mensal,Pix,Busca orgânica,28,113.9,5,4.9,12.9,4,6,3,0,1,0
CLI03950,Essencial,Anual,Cartão,Busca orgânica,5,39.92,20,4.6,35.8,9,8,0,0,0,0
CLI03951,Essencial,Mensal,Cartão,Mídia paga,14,44.91,10,4.4,1.4,0,8,0,0,0,0
CLI03952,Premium,Mensal,Cartão,Parceiro,49,119.9,0,7.8,9.4,2,9,0,1,0,0
CLI03953,Premium,Mensal,Débito automático,Mídia paga,2,113.9,5,6.9,20.8,6,6,1,1,1,0
CLI03954,Plus,Mensal,Débito automático,Mídia paga,15,71.91,10,4.2,40.1,7,8,0,0,1,0
CLI03955,Essencial,Mensal,Cartão,Parceiro,29,44.91,10,4.5,65.4,7,4,2,0,0,1
CLI03956,Plus,Anual,Débito automático,Busca orgânica,49,75.9,5,3.0,15.4,0,9,0,0,0,0
CLI03957,Premium,Anual,Cartão,Indicação,63,101.92,15,14.9,36.7,11,6,0,0,1,0
CLI03958,Premium,Anual,Cartão,Mídia paga,21,113.9,5,8.9,8.3,4,8,0,0,1,0
CLI03959,Essencial,Mensal,Cartão,Indicação,25,49.9,0,4.3,23.7,8,4,2,0,1,0
CLI03960,Essencial,Mensal,Cartão,Busca orgânica,16,42.42,15,2.0,20.6,5,6,3,0,0,0
CLI03961,Essencial,Anual,Cartão,Mídia paga,26,39.92,20,1.6,78.9,11,4,1,0,0,0
CLI03962,Essencial,Mensal,Boleto,Mídia paga,9,49.9,0,2.1,16.7,4,9,0,0,0,0
CLI03963,Plus,Mensal,Cartão,Busca orgânica,34,71.91,10,10.3,25.8,4,8,1,0,0,0
CLI03964,Essencial,Anual,Cartão,Busca orgânica,2,47.4,5,2.4,7.4,2,8,1,0,0,0
CLI03965,Essencial,Mensal,Cartão,Busca orgânica,32,47.4,5,2.1,14.9,6,5,0,2,0,0
CLI03966,Essencial,Anual,Cartão,Indicação,21,42.42,15,9.0,15.1,4,10,0,0,0,0
CLI03967,Plus,Mensal,Cartão,Busca orgânica,50,63.92,20,7.6,49.1,6,6,2,0,0,0
CLI03968,Essencial,Mensal,Cartão,Indicação,42,49.9,0,3.0,26.8,10,6,0,0,0,0
CLI03969,Essencial,Mensal,Cartão,Parceiro,18,44.91,10,2.7,42.3,7,7,2,0,0,0
CLI03970,Essencial,Mensal,Cartão,Busca orgânica,40,49.9,0,2.8,10.4,8,6,2,2,0,0
CLI03971,Premium,Mensal,Cartão,Parceiro,10,113.9,5,14.8,1.3,1,6,0,0,1,0
CLI03972,Essencial,Anual,Pix,Parceiro,6,44.91,10,2.7,33.6,8,8,1,0,0,0
CLI03973,Plus,Anual,Boleto,Busca orgânica,32,79.9,0,2.5,19.1,5,7,1,0,1,0
CLI03974,Essencial,Mensal,Cartão,Busca orgânica,6,49.9,0,3.2,2.0,4,6,1,0,0,0
CLI03975,Essencial,Mensal,Débito automático,Parceiro,67,39.92,20,2.4,26.0,6,9,1,0,0,0
CLI03976,Essencial,Mensal,Débito automático,Indicação,4,47.4,5,5.1,36.1,7,7,0,1,0,0
CLI03977,Essencial,Mensal,Pix,Busca orgânica,47,49.9,0,2.6,41.7,4,4,1,0,0,0
CLI03978,Essencial,Anual,Débito automático,Busca orgânica,21,47.4,5,2.2,32.3,6,8,0,0,1,0
CLI03979,Plus,Mensal,Pix,Mídia paga,35,75.9,5,5.3,16.1,6,7,2,0,1,0
CLI03980,Plus,Anual,Boleto,Mídia paga,26,71.91,10,4.1,14.8,4,6,1,1,0,0
CLI03981,Essencial,Mensal,Cartão,Mídia paga,15,49.9,0,1.3,41.8,11,9,0,1,0,0
CLI03982,Essencial,Mensal,Pix,Busca orgânica,13,49.9,0,4.1,1.0,9,6,1,0,0,0
CLI03983,Plus,Anual,Débito automático,Mídia paga,37,71.91,10,2.1,67.9,8,6,0,0,0,0
CLI03984,Essencial,Mensal,Boleto,Mídia paga,51,49.9,0,0.3,25.6,4,6,1,2,1,1
CLI03985,Essencial,Mensal,Pix,Mídia paga,29,49.9,0,2.3,21.5,8,9,0,0,0,0
CLI03986,Essencial,Mensal,Boleto,Parceiro,34,42.42,15,4.4,30.0,7,5,2,0,1,0
CLI03987,Essencial,Anual,Débito automático,Busca orgânica,28,39.92,20,3.0,12.7,6,10,0,0,0,0
CLI03988,Plus,Mensal,Débito automático,Indicação,8,63.92,20,6.8,34.0,8,9,0,0,0,0
CLI03989,Premium,Mensal,Débito automático,Indicação,8,107.91,10,5.2,46.6,11,10,1,0,0,0
CLI03990,Premium,Mensal,Débito automático,Mídia paga,63,119.9,0,11.6,67.1,7,4,2,0,1,1
CLI03991,Premium,Mensal,Pix,Parceiro,21,101.92,15,6.7,11.4,8,8,2,1,0,0
CLI03992,Essencial,Anual,Débito automático,Busca orgânica,46,49.9,0,4.8,5.5,6,9,1,0,0,0
CLI03993,Essencial,Mensal,Cartão,Busca orgânica,18,44.91,10,10.2,15.8,7,6,0,1,0,1
CLI03994,Essencial,Mensal,Boleto,Parceiro,12,42.42,15,7.3,3.3,7,7,0,0,0,0
CLI03995,Essencial,Mensal,Débito automático,Indicação,17,42.42,15,7.5,8.7,5,9,0,0,1,0
CLI03996,Essencial,Mensal,Pix,Mídia paga,39,47.4,5,5.0,46.7,7,7,0,0,0,0
CLI03997,Essencial,Anual,Cartão,Parceiro,13,39.92,20,3.1,15.9,10,8,0,1,1,0
CLI03998,Essencial,Mensal,Cartão,Mídia paga,28,49.9,0,3.6,55.4,9,8,0,0,1,0
CLI03999,Essencial,Anual,Cartão,Busca orgânica,35,49.9,0,2.4,5.7,6,9,1,0,0,0
CLI04000,Essencial,Mensal,Cartão,Mídia paga,24,44.91,10,5.4,8.1,7,7,0,1,0,0
CLI04001,Plus,Anual,Débito automático,Busca orgânica,27,63.92,20,6.9,5.3,6,6,0,0,0,0
CLI04002,Essencial,Mensal,Débito automático,Indicação,28,49.9,0,1.3,25.9,9,10,0,2,0,0
CLI04003,Premium,Mensal,Débito automático,Indicação,13,119.9,0,10.8,24.2,7,5,1,0,1,0
CLI04004,Essencial,Mensal,Cartão,Indicação,20,39.92,20,5.1,68.0,13,7,2,0,1,0
CLI04005,Plus,Mensal,Boleto,Parceiro,12,67.92,15,6.0,20.7,9,7,1,1,0,0
CLI04006,Essencial,Anual,Débito automático,Mídia paga,19,47.4,5,3.1,45.3,10,9,0,0,0,0
CLI04007,Plus,Anual,Débito automático,Busca orgânica,41,67.92,15,4.7,9.9,5,8,1,0,0,0
CLI04008,Essencial,Mensal,Cartão,Mídia paga,41,47.4,5,2.4,10.9,1,7,0,2,1,0
CLI04009,Essencial,Mensal,Débito automático,Mídia paga,28,49.9,0,2.8,17.9,9,8,2,0,0,0
CLI04010,Plus,Anual,Cartão,Indicação,24,71.91,10,7.4,10.0,3,9,1,0,0,0
CLI04011,Essencial,Mensal,Cartão,Busca orgânica,33,49.9,0,3.6,21.7,4,8,1,0,1,0
CLI04012,Essencial,Mensal,Pix,Busca orgânica,27,44.91,10,8.4,57.0,7,6,0,0,0,0
CLI04013,Premium,Anual,Débito automático,Mídia paga,19,119.9,0,6.5,24.8,4,10,0,0,0,0
CLI04014,Essencial,Mensal,Cartão,Indicação,23,47.4,5,1.0,2.1,7,9,0,2,0,0
CLI04015,Plus,Mensal,Boleto,Mídia paga,10,71.91,10,8.5,52.7,8,4,3,0,0,0
CLI04016,Plus,Mensal,Débito automático,Mídia paga,9,67.92,15,3.8,57.2,7,6,1,0,0,1
CLI04017,Essencial,Mensal,Pix,Busca orgânica,57,49.9,0,8.9,15.0,8,7,0,2,1,0
CLI04018,Essencial,Anual,Cartão,Indicação,39,44.91,10,7.0,25.6,7,6,2,0,0,0
CLI04019,Essencial,Anual,Cartão,Busca orgânica,16,42.42,15,4.6,7.5,4,8,0,0,0,0
CLI04020,Plus,Anual,Pix,Busca orgânica,23,71.91,10,3.0,34.8,6,8,0,0,0,0
CLI04021,Essencial,Mensal,Débito automático,Indicação,18,49.9,0,3.6,47.5,8,6,0,0,0,0
CLI04022,Essencial,Anual,Pix,Mídia paga,23,44.91,10,4.2,44.7,13,6,0,0,0,0
CLI04023,Essencial,Anual,Cartão,Busca orgânica,39,44.91,10,0.6,29.9,8,3,4,0,0,0
CLI04024,Premium,Anual,Cartão,Indicação,2,119.9,0,4.6,22.2,5,8,0,0,0,0
CLI04025,Plus,Anual,Cartão,Busca orgânica,32,67.92,15,1.4,24.4,8,5,1,1,1,0
CLI04026,Premium,Anual,Pix,Indicação,8,119.9,0,4.5,22.1,8,8,3,0,0,0
CLI04027,Plus,Anual,Pix,Parceiro,96,63.92,20,5.3,37.0,8,5,1,1,0,0
CLI04028,Plus,Anual,Cartão,Busca orgânica,45,75.9,5,7.4,10.9,8,7,3,1,0,0
CLI04029,Plus,Mensal,Pix,Busca orgânica,7,79.9,0,3.2,32.4,7,10,0,0,0,0
CLI04030,Premium,Mensal,Débito automático,Mídia paga,7,107.91,10,7.8,18.5,9,7,1,0,0,0
CLI04031,Plus,Anual,Cartão,Indicação,14,75.9,5,7.5,38.8,11,5,2,0,1,0
CLI04032,Essencial,Anual,Cartão,Busca orgânica,23,44.91,10,2.9,9.3,3,8,1,0,0,0
CLI04033,Plus,Mensal,Pix,Mídia paga,13,79.9,0,2.7,18.2,7,7,0,0,1,0
CLI04034,Plus,Mensal,Boleto,Parceiro,15,79.9,0,5.2,12.9,6,8,2,0,0,0
CLI04035,Essencial,Mensal,Cartão,Mídia paga,3,49.9,0,4.2,16.7,7,7,0,1,0,0
CLI04036,Essencial,Anual,Cartão,Indicação,94,47.4,5,1.5,16.6,0,8,0,2,0,0
CLI04037,Essencial,Mensal,Pix,Busca orgânica,22,49.9,0,2.2,20.4,8,6,0,0,0,0
CLI04038,Premium,Mensal,Cartão,Busca orgânica,69,107.91,10,0.9,26.5,10,8,1,0,0,0
CLI04039,Essencial,Mensal,Boleto,Busca orgânica,15,47.4,5,0.5,13.8,3,4,1,0,0,0
CLI04040,Premium,Mensal,Débito automático,Parceiro,86,119.9,0,2.6,57.2,9,6,0,1,0,1
CLI04041,Essencial,Anual,Cartão,Indicação,34,44.91,10,7.0,17.6,10,6,1,1,0,0
CLI04042,Plus,Mensal,Débito automático,Busca orgânica,24,71.91,10,4.8,26.7,8,9,1,0,1,0
CLI04043,Essencial,Mensal,Pix,Busca orgânica,62,47.4,5,1.8,13.2,3,9,0,1,0,0
CLI04044,Premium,Mensal,Pix,Indicação,7,107.91,10,3.7,8.6,7,6,1,1,1,0
CLI04045,Plus,Anual,Cartão,Busca orgânica,23,71.91,10,4.0,10.4,9,8,0,1,0,0
CLI04046,Essencial,Mensal,Pix,Indicação,20,49.9,0,4.6,9.7,3,5,2,0,1,0
CLI04047,Essencial,Mensal,Boleto,Mídia paga,46,47.4,5,1.5,35.4,12,7,0,2,0,1
CLI04048,Essencial,Mensal,Cartão,Busca orgânica,4,49.9,0,0.3,13.1,6,6,1,0,0,0
CLI04049,Essencial,Anual,Cartão,Busca orgânica,16,44.91,10,1.2,28.2,4,6,0,0,1,0
CLI04050,Plus,Anual,Boleto,Mídia paga,3,71.91,10,3.8,37.9,8,5,1,1,1,1
CLI04051,Premium,Anual,Cartão,Busca orgânica,17,107.91,10,6.1,54.0,8,6,2,1,0,0
CLI04052,Plus,Mensal,Cartão,Busca orgânica,55,75.9,5,10.2,26.7,6,8,1,0,0,0
CLI04053,Plus,Anual,Cartão,Busca orgânica,17,79.9,0,2.5,14.9,6,7,2,1,0,0
CLI04054,Essencial,Anual,Débito automático,Mídia paga,12,44.91,10,3.9,25.5,11,5,4,0,0,0
CLI04055,Premium,Mensal,Débito automático,Busca orgânica,38,107.91,10,17.4,6.9,1,7,2,0,0,0
CLI04056,Premium,Anual,Cartão,Busca orgânica,13,113.9,5,13.9,10.6,7,7,0,1,0,0
CLI04057,Essencial,Anual,Cartão,Mídia paga,50,49.9,0,3.3,22.2,4,6,1,1,1,0
CLI04058,Premium,Anual,Pix,Busca orgânica,67,95.92,20,6.3,42.9,5,9,0,0,0,0
CLI04059,Essencial,Anual,Débito automático,Mídia paga,25,44.91,10,2.5,19.5,5,8,0,0,0,0
CLI04060,Plus,Mensal,Cartão,Indicação,34,79.9,0,1.6,79.2,9,8,1,0,0,0
CLI04061,Premium,Mensal,Cartão,Busca orgânica,53,119.9,0,9.1,48.6,5,9,0,1,0,0
CLI04062,Plus,Mensal,Pix,Parceiro,25,67.92,15,7.6,20.1,9,6,2,0,0,0
CLI04063,Essencial,Mensal,Cartão,Mídia paga,6,44.91,10,4.0,23.2,5,9,0,0,0,0
CLI04064,Plus,Mensal,Cartão,Busca orgânica,57,79.9,0,5.7,9.1,1,10,0,0,0,0
CLI04065,Essencial,Mensal,Boleto,Mídia paga,34,47.4,5,1.7,18.9,8,7,1,1,0,0
CLI04066,Plus,Anual,Débito automático,Busca orgânica,19,79.9,0,3.7,0.9,3,9,0,0,0,0
CLI04067,Essencial,Mensal,Cartão,Busca orgânica,8,44.91,10,4.8,19.4,6,8,0,2,0,0
CLI04068,Plus,Anual,Débito automático,Indicação,17,79.9,0,2.7,30.8,9,6,1,1,0,0
CLI04069,Premium,Mensal,Pix,Indicação,30,119.9,0,5.6,15.2,6,7,0,1,0,0
CLI04070,Essencial,Mensal,Boleto,Indicação,32,49.9,0,0.5,38.0,6,6,0,0,0,0
CLI04071,Essencial,Mensal,Boleto,Mídia paga,41,42.42,15,2.0,53.8,5,3,2,2,1,0
CLI04072,Plus,Mensal,Pix,Busca orgânica,59,79.9,0,1.3,2.9,3,9,1,0,0,0
CLI04073,Essencial,Mensal,Cartão,Parceiro,40,47.4,5,2.7,64.0,8,8,0,0,1,0
CLI04074,Essencial,Mensal,Cartão,Indicação,24,49.9,0,4.9,64.7,9,3,3,1,0,0
CLI04075,Essencial,Anual,Pix,Busca orgânica,15,49.9,0,3.7,28.0,9,5,2,0,1,0
CLI04076,Essencial,Mensal,Cartão,Mídia paga,11,49.9,0,3.2,18.2,8,7,0,3,0,0
CLI04077,Plus,Mensal,Pix,Indicação,44,79.9,0,5.4,19.7,0,7,0,0,0,0
CLI04078,Plus,Mensal,Cartão,Busca orgânica,23,75.9,5,3.7,10.8,6,4,2,2,0,0
CLI04079,Essencial,Mensal,Débito automático,Indicação,9,47.4,5,4.2,8.8,3,8,0,0,0,0
CLI04080,Essencial,Mensal,Boleto,Indicação,33,49.9,0,1.3,38.1,6,8,0,0,1,0
CLI04081,Essencial,Mensal,Cartão,Busca orgânica,31,39.92,20,4.2,3.1,3,7,0,0,0,0
CLI04082,Essencial,Anual,Pix,Mídia paga,92,47.4,5,1.1,4.5,5,9,0,0,1,0
CLI04083,Plus,Anual,Débito automático,Indicação,3,71.91,10,2.4,4.4,2,9,0,0,0,0
CLI04084,Essencial,Anual,Pix,Busca orgânica,6,47.4,5,6.8,43.5,10,6,2,0,0,0
CLI04085,Plus,Anual,Boleto,Busca orgânica,3,79.9,0,3.9,23.1,4,7,1,0,0,0
CLI04086,Premium,Mensal,Pix,Indicação,12,119.9,0,9.4,43.7,8,5,1,0,0,0
CLI04087,Plus,Mensal,Cartão,Parceiro,23,79.9,0,2.1,24.9,4,7,0,1,1,0
CLI04088,Plus,Mensal,Pix,Mídia paga,19,71.91,10,7.3,36.8,6,5,1,0,1,0
CLI04089,Essencial,Anual,Pix,Indicação,63,44.91,10,4.7,14.4,5,8,1,2,0,0
CLI04090,Essencial,Mensal,Cartão,Busca orgânica,19,49.9,0,8.8,25.3,5,9,0,1,0,0
CLI04091,Essencial,Mensal,Débito automático,Indicação,4,39.92,20,6.3,5.7,10,9,1,0,0,0
CLI04092,Plus,Anual,Pix,Indicação,82,67.92,15,1.1,15.5,5,7,1,0,0,0
CLI04093,Premium,Mensal,Cartão,Parceiro,44,119.9,0,3.2,8.9,4,8,2,0,1,0
CLI04094,Essencial,Mensal,Cartão,Indicação,42,49.9,0,3.4,26.7,7,4,3,0,0,1
CLI04095,Essencial,Anual,Cartão,Mídia paga,8,39.92,20,3.7,59.5,12,5,3,0,0,0
CLI04096,Essencial,Mensal,Cartão,Mídia paga,26,39.92,20,2.5,59.5,8,8,0,2,0,1
CLI04097,Plus,Mensal,Pix,Mídia paga,55,75.9,5,7.2,3.9,0,10,0,1,0,0
CLI04098,Plus,Mensal,Cartão,Busca orgânica,48,67.92,15,6.5,4.1,7,10,1,1,1,0
CLI04099,Plus,Mensal,Débito automático,Busca orgânica,13,67.92,15,2.3,8.8,3,7,0,1,1,0
CLI04100,Premium,Anual,Boleto,Mídia paga,23,101.92,15,7.5,4.8,3,7,1,2,1,1
CLI04101,Essencial,Anual,Pix,Mídia paga,49,44.91,10,1.2,20.4,5,9,0,0,1,0
CLI04102,Plus,Mensal,Débito automático,Busca orgânica,26,75.9,5,3.3,65.3,13,7,1,0,0,0
CLI04103,Plus,Mensal,Boleto,Indicação,18,75.9,5,5.8,44.7,8,8,1,0,0,0
CLI04104,Essencial,Mensal,Cartão,Indicação,9,44.91,10,4.4,32.1,8,8,0,0,1,0
CLI04105,Premium,Mensal,Cartão,Indicação,23,119.9,0,9.9,12.7,7,10,1,0,0,0
CLI04106,Essencial,Mensal,Cartão,Indicação,60,44.91,10,1.2,1.2,3,8,2,1,0,0
CLI04107,Plus,Mensal,Cartão,Busca orgânica,55,75.9,5,5.0,9.6,3,6,0,0,1,0
CLI04108,Plus,Anual,Cartão,Mídia paga,31,71.91,10,3.8,3.0,3,8,0,0,0,0
CLI04109,Premium,Anual,Pix,Mídia paga,28,101.92,15,6.4,30.4,6,9,1,0,0,0
CLI04110,Plus,Anual,Cartão,Mídia paga,41,63.92,20,5.4,59.2,7,7,0,0,0,0
CLI04111,Essencial,Anual,Cartão,Mídia paga,29,49.9,0,3.8,0.6,3,10,0,0,0,0
CLI04112,Premium,Mensal,Cartão,Mídia paga,29,107.91,10,8.2,4.9,4,9,3,1,0,0
CLI04113,Plus,Anual,Cartão,Busca orgânica,6,71.91,10,2.4,60.3,9,5,1,0,0,0
CLI04114,Plus,Anual,Pix,Mídia paga,10,79.9,0,10.8,10.2,3,8,1,0,0,0
CLI04115,Plus,Mensal,Cartão,Busca orgânica,37,71.91,10,8.9,12.0,4,7,0,1,1,0
CLI04116,Essencial,Mensal,Cartão,Parceiro,27,44.91,10,2.4,17.2,2,7,1,1,0,0
CLI04117,Plus,Mensal,Cartão,Indicação,24,67.92,15,5.4,9.1,3,7,1,0,0,0
CLI04118,Premium,Anual,Débito automático,Mídia paga,18,113.9,5,14.8,47.6,9,6,2,0,1,0
CLI04119,Essencial,Anual,Cartão,Busca orgânica,59,42.42,15,4.2,12.8,4,6,2,0,1,0
CLI04120,Plus,Anual,Débito automático,Busca orgânica,38,79.9,0,4.0,6.4,4,8,0,0,0,0
CLI04121,Premium,Mensal,Débito automático,Busca orgânica,33,113.9,5,12.3,67.0,11,5,1,0,0,0
CLI04122,Plus,Anual,Pix,Indicação,9,71.91,10,4.7,29.9,4,8,1,0,0,0
CLI04123,Premium,Mensal,Cartão,Mídia paga,33,107.91,10,4.1,18.3,6,5,2,0,1,0
CLI04124,Essencial,Mensal,Pix,Busca orgânica,96,49.9,0,3.8,13.7,7,8,0,0,0,0
CLI04125,Premium,Mensal,Cartão,Busca orgânica,5,119.9,0,4.8,23.3,6,9,1,2,0,0
CLI04126,Essencial,Anual,Débito automático,Mídia paga,44,49.9,0,5.5,24.9,9,6,3,0,0,0
CLI04127,Plus,Anual,Débito automático,Mídia paga,25,63.92,20,2.7,40.9,8,7,0,0,1,0
CLI04128,Plus,Mensal,Cartão,Mídia paga,24,63.92,20,7.8,16.4,8,6,1,0,0,0
CLI04129,Plus,Mensal,Cartão,Indicação,51,79.9,0,5.7,32.4,9,8,1,1,0,0
CLI04130,Premium,Mensal,Débito automático,Busca orgânica,13,107.91,10,0.8,5.9,4,10,0,1,0,1
CLI04131,Plus,Mensal,Pix,Indicação,18,75.9,5,5.9,26.8,5,5,2,0,0,0
CLI04132,Plus,Anual,Cartão,Parceiro,21,75.9,5,3.9,33.8,10,4,1,1,1,0
CLI04133,Essencial,Mensal,Débito automático,Mídia paga,12,44.91,10,1.1,54.7,5,7,0,0,0,0
CLI04134,Plus,Mensal,Cartão,Mídia paga,20,63.92,20,2.1,15.9,8,8,0,0,0,1
CLI04135,Plus,Mensal,Boleto,Mídia paga,13,79.9,0,12.1,55.9,11,5,0,0,0,0
CLI04136,Essencial,Anual,Débito automático,Indicação,25,49.9,0,5.3,1.2,4,6,1,0,0,0
CLI04137,Plus,Anual,Cartão,Busca orgânica,45,63.92,20,1.4,45.4,11,6,1,0,0,0
CLI04138,Premium,Mensal,Cartão,Mídia paga,11,107.91,10,7.6,55.2,7,4,1,1,0,0
CLI04139,Plus,Mensal,Cartão,Indicação,27,79.9,0,7.4,20.2,3,7,1,0,1,0
CLI04140,Plus,Anual,Débito automático,Mídia paga,23,79.9,0,5.7,42.2,4,6,0,1,0,0
CLI04141,Essencial,Mensal,Cartão,Mídia paga,23,44.91,10,1.4,50.3,7,8,1,0,0,0
CLI04142,Plus,Mensal,Cartão,Busca orgânica,11,71.91,10,6.4,18.0,6,6,1,3,0,0
CLI04143,Essencial,Mensal,Débito automático,Mídia paga,52,49.9,0,1.8,9.0,4,9,1,2,0,0
CLI04144,Essencial,Anual,Cartão,Busca orgânica,52,44.91,10,2.1,21.6,4,7,1,1,1,0
CLI04145,Plus,Anual,Cartão,Indicação,22,79.9,0,1.4,41.9,7,4,0,2,0,0
CLI04146,Essencial,Mensal,Débito automático,Busca orgânica,42,47.4,5,1.7,19.7,6,7,1,0,0,0
CLI04147,Essencial,Mensal,Pix,Busca orgânica,15,49.9,0,0.7,27.6,4,8,2,0,0,0
CLI04148,Plus,Mensal,Pix,Mídia paga,45,67.92,15,8.0,36.9,6,6,2,0,1,0
CLI04149,Essencial,Mensal,Cartão,Busca orgânica,11,49.9,0,1.9,39.5,6,6,2,1,1,0
CLI04150,Essencial,Mensal,Pix,Indicação,10,49.9,0,8.0,18.5,9,9,0,0,0,0
CLI04151,Essencial,Mensal,Pix,Indicação,26,44.91,10,5.6,34.4,8,4,2,1,0,0
CLI04152,Plus,Mensal,Cartão,Mídia paga,74,79.9,0,8.0,47.0,11,3,2,0,0,1
CLI04153,Essencial,Mensal,Boleto,Busca orgânica,9,44.91,10,8.1,12.1,5,8,0,2,0,0
CLI04154,Plus,Mensal,Cartão,Mídia paga,5,79.9,0,0.4,12.1,7,8,0,1,0,0
CLI04155,Plus,Mensal,Cartão,Indicação,45,79.9,0,6.6,10.8,7,8,2,0,0,0
CLI04156,Essencial,Anual,Débito automático,Mídia paga,27,47.4,5,6.6,14.7,5,8,1,0,1,1
CLI04157,Premium,Mensal,Cartão,Busca orgânica,29,95.92,20,10.9,35.3,11,7,1,0,1,0
CLI04158,Essencial,Anual,Boleto,Indicação,18,49.9,0,4.0,23.1,10,7,2,1,0,1
CLI04159,Essencial,Anual,Cartão,Busca orgânica,36,49.9,0,1.1,36.4,3,6,0,0,0,0
CLI04160,Essencial,Anual,Cartão,Mídia paga,42,44.91,10,1.2,21.0,8,7,1,1,1,0
CLI04161,Plus,Mensal,Cartão,Parceiro,7,67.92,15,3.6,31.8,4,6,0,0,0,0
CLI04162,Essencial,Mensal,Cartão,Parceiro,6,47.4,5,3.1,25.3,6,8,3,0,0,1
CLI04163,Premium,Mensal,Boleto,Busca orgânica,10,113.9,5,3.7,62.0,14,7,1,0,1,1
CLI04164,Essencial,Mensal,Boleto,Mídia paga,14,49.9,0,10.0,65.6,11,5,0,1,1,1
CLI04165,Plus,Mensal,Pix,Mídia paga,21,79.9,0,11.8,36.6,16,6,1,0,0,0
CLI04166,Essencial,Mensal,Cartão,Busca orgânica,27,49.9,0,2.2,8.1,2,9,0,0,0,0
CLI04167,Essencial,Mensal,Cartão,Indicação,38,49.9,0,1.4,15.9,5,9,1,0,1,0
CLI04168,Essencial,Anual,Cartão,Mídia paga,14,44.91,10,4.6,12.8,4,8,0,0,0,0
CLI04169,Plus,Mensal,Cartão,Parceiro,43,75.9,5,4.3,17.8,4,7,0,0,0,0
CLI04170,Essencial,Anual,Cartão,Indicação,27,44.91,10,5.1,5.0,4,8,2,1,0,0
CLI04171,Premium,Anual,Cartão,Busca orgânica,30,107.91,10,12.2,3.5,1,10,0,0,0,0
CLI04172,Plus,Mensal,Cartão,Indicação,7,79.9,0,1.4,55.1,8,4,1,0,0,1
CLI04173,Premium,Mensal,Débito automático,Busca orgânica,12,113.9,5,5.5,22.9,3,7,0,0,1,0
CLI04174,Essencial,Mensal,Cartão,Busca orgânica,18,47.4,5,1.9,30.0,5,8,1,2,0,0
CLI04175,Plus,Anual,Cartão,Busca orgânica,96,79.9,0,13.9,58.6,7,5,2,1,0,0
CLI04176,Plus,Anual,Cartão,Busca orgânica,43,63.92,20,2.5,33.8,9,4,3,2,0,0
CLI04177,Plus,Anual,Débito automático,Mídia paga,22,71.91,10,3.1,62.8,13,4,0,0,1,0
CLI04178,Premium,Anual,Débito automático,Indicação,15,101.92,15,9.8,3.2,6,7,3,0,1,0
CLI04179,Plus,Mensal,Cartão,Mídia paga,77,71.91,10,3.1,42.3,10,5,0,0,0,0
CLI04180,Premium,Anual,Débito automático,Mídia paga,28,101.92,15,2.5,35.7,7,9,0,0,0,0
CLI04181,Plus,Anual,Débito automático,Mídia paga,12,79.9,0,12.0,48.8,6,7,1,1,0,0
CLI04182,Essencial,Anual,Cartão,Busca orgânica,10,42.42,15,3.4,10.8,2,7,0,0,1,0
CLI04183,Plus,Mensal,Cartão,Parceiro,34,67.92,15,2.6,53.5,8,7,0,0,0,0
CLI04184,Plus,Mensal,Boleto,Busca orgânica,22,79.9,0,1.7,70.7,9,3,1,0,1,0
CLI04185,Premium,Mensal,Cartão,Indicação,49,107.91,10,3.2,17.7,6,7,0,2,0,0
CLI04186,Plus,Mensal,Cartão,Indicação,9,79.9,0,2.8,20.3,5,6,0,4,1,1
CLI04187,Essencial,Mensal,Pix,Parceiro,44,44.91,10,2.9,37.8,4,5,1,0,1,0
CLI04188,Essencial,Anual,Cartão,Indicação,46,42.42,15,6.2,6.6,2,10,0,0,0,0
CLI04189,Essencial,Anual,Débito automático,Busca orgânica,57,49.9,0,4.2,53.5,10,9,2,0,1,0
CLI04190,Plus,Mensal,Débito automático,Mídia paga,13,75.9,5,9.1,31.3,5,7,1,0,1,0
CLI04191,Essencial,Mensal,Débito automático,Mídia paga,44,49.9,0,4.6,6.1,5,8,0,0,0,0
CLI04192,Plus,Mensal,Pix,Mídia paga,18,71.91,10,5.5,19.9,4,7,2,0,0,0
CLI04193,Plus,Anual,Débito automático,Busca orgânica,11,79.9,0,1.9,19.8,5,8,0,0,0,0
CLI04194,Premium,Anual,Cartão,Mídia paga,22,95.92,20,10.5,36.3,7,8,0,0,0,0
CLI04195,Essencial,Mensal,Débito automático,Indicação,3,49.9,0,1.6,41.0,10,6,0,0,0,0
CLI04196,Plus,Mensal,Cartão,Busca orgânica,30,79.9,0,8.1,24.2,3,7,0,1,0,0
CLI04197,Essencial,Mensal,Cartão,Indicação,23,39.92,20,8.4,37.8,20,7,3,1,0,0
CLI04198,Premium,Mensal,Boleto,Busca orgânica,7,107.91,10,8.4,7.9,3,7,1,2,0,0
CLI04199,Essencial,Mensal,Boleto,Indicação,31,47.4,5,2.2,27.2,8,6,1,3,0,0
CLI04200,Essencial,Mensal,Pix,Busca orgânica,42,44.91,10,0.9,1.5,1,9,0,1,0,0
CLI04201,Essencial,Mensal,Pix,Indicação,21,42.42,15,4.7,24.1,8,9,0,0,0,0
CLI04202,Plus,Mensal,Cartão,Busca orgânica,17,71.91,10,4.8,13.6,5,7,0,0,0,0
CLI04203,Essencial,Mensal,Débito automático,Indicação,35,49.9,0,0.9,18.6,7,9,1,0,0,0
CLI04204,Plus,Anual,Cartão,Busca orgânica,61,75.9,5,5.2,35.7,9,6,1,0,0,0
CLI04205,Plus,Mensal,Cartão,Mídia paga,20,75.9,5,16.0,24.4,8,5,2,0,0,0
CLI04206,Plus,Mensal,Cartão,Busca orgânica,82,71.91,10,2.6,6.7,4,10,1,0,0,0
CLI04207,Essencial,Anual,Boleto,Mídia paga,52,49.9,0,1.4,13.9,6,8,1,1,0,0
CLI04208,Essencial,Mensal,Boleto,Busca orgânica,17,49.9,0,5.9,27.8,9,4,2,0,0,0
CLI04209,Essencial,Mensal,Boleto,Indicação,12,47.4,5,3.4,20.4,4,8,0,1,1,0
CLI04210,Essencial,Mensal,Débito automático,Busca orgânica,36,42.42,15,1.3,26.4,12,9,0,0,0,0
CLI04211,Plus,Anual,Cartão,Busca orgânica,9,79.9,0,2.2,58.9,13,6,0,0,1,0
CLI04212,Essencial,Mensal,Cartão,Mídia paga,9,49.9,0,1.7,58.1,11,5,0,0,0,1
CLI04213,Essencial,Mensal,Cartão,Indicação,18,49.9,0,3.9,44.6,8,7,1,2,1,1
CLI04214,Essencial,Mensal,Cartão,Parceiro,17,44.91,10,1.2,15.4,5,10,0,2,0,0
CLI04215,Plus,Anual,Débito automático,Mídia paga,72,63.92,20,6.1,21.1,1,7,0,0,0,0
CLI04216,Essencial,Anual,Cartão,Busca orgânica,46,49.9,0,0.6,57.1,13,6,0,0,0,0
CLI04217,Plus,Anual,Boleto,Parceiro,47,71.91,10,5.6,28.2,3,5,2,0,0,0
CLI04218,Essencial,Mensal,Cartão,Indicação,35,44.91,10,3.5,24.0,4,6,2,0,1,1
CLI04219,Premium,Mensal,Cartão,Mídia paga,18,95.92,20,20.9,21.9,6,4,3,0,1,0
CLI04220,Plus,Mensal,Débito automático,Busca orgânica,21,79.9,0,2.9,41.5,14,2,3,0,1,1
CLI04221,Essencial,Mensal,Pix,Busca orgânica,33,42.42,15,3.2,27.7,2,7,0,1,0,0
CLI04222,Essencial,Mensal,Cartão,Indicação,11,44.91,10,1.1,11.3,8,8,1,0,0,0
CLI04223,Essencial,Mensal,Débito automático,Mídia paga,11,42.42,15,3.9,18.2,5,7,0,0,1,0
CLI04224,Essencial,Anual,Pix,Busca orgânica,42,44.91,10,9.1,1.3,3,5,1,1,0,0
CLI04225,Essencial,Mensal,Cartão,Mídia paga,37,49.9,0,2.3,27.5,13,5,2,0,1,0
CLI04226,Premium,Mensal,Cartão,Parceiro,10,113.9,5,4.3,9.5,7,6,1,1,0,1
CLI04227,Plus,Anual,Boleto,Indicação,10,79.9,0,4.7,45.8,4,9,0,0,0,0
CLI04228,Essencial,Anual,Cartão,Parceiro,10,49.9,0,1.9,9.9,3,9,1,0,0,0
CLI04229,Plus,Mensal,Cartão,Busca orgânica,42,63.92,20,6.5,21.3,7,8,0,0,0,0
CLI04230,Essencial,Anual,Cartão,Mídia paga,50,42.42,15,1.4,27.3,7,5,1,1,1,1
CLI04231,Premium,Mensal,Pix,Busca orgânica,11,119.9,0,8.2,15.8,3,9,0,0,0,0
CLI04232,Essencial,Anual,Boleto,Mídia paga,28,47.4,5,0.7,18.9,6,7,1,0,0,0
CLI04233,Plus,Mensal,Cartão,Parceiro,11,79.9,0,3.1,17.6,5,7,0,1,0,0
CLI04234,Plus,Mensal,Débito automático,Busca orgânica,58,79.9,0,2.7,32.6,11,4,1,0,1,1
CLI04235,Essencial,Anual,Débito automático,Mídia paga,5,42.42,15,2.9,70.9,11,3,0,1,1,1
CLI04236,Essencial,Mensal,Cartão,Parceiro,30,39.92,20,3.7,16.5,6,7,0,0,1,0
CLI04237,Essencial,Anual,Débito automático,Mídia paga,18,47.4,5,4.8,12.0,7,8,1,0,0,0
CLI04238,Premium,Mensal,Boleto,Parceiro,11,101.92,15,4.8,19.9,6,9,2,0,0,0
CLI04239,Plus,Mensal,Boleto,Mídia paga,7,79.9,0,3.5,9.8,4,6,2,2,0,1
CLI04240,Plus,Anual,Pix,Busca orgânica,9,71.91,10,6.2,16.1,7,8,0,0,0,0
CLI04241,Plus,Mensal,Cartão,Mídia paga,20,79.9,0,3.6,1.2,1,6,0,0,0,0
CLI04242,Premium,Anual,Cartão,Mídia paga,14,119.9,0,3.4,17.9,4,7,0,0,0,0
CLI04243,Plus,Anual,Cartão,Indicação,27,75.9,5,6.7,15.1,6,6,0,0,1,0
CLI04244,Plus,Mensal,Pix,Indicação,74,79.9,0,7.4,6.6,8,8,1,1,0,0
CLI04245,Plus,Mensal,Cartão,Busca orgânica,44,79.9,0,7.8,4.7,6,8,2,1,0,0
CLI04246,Essencial,Mensal,Débito automático,Mídia paga,42,49.9,0,3.2,26.5,5,8,0,0,0,0
CLI04247,Premium,Mensal,Débito automático,Mídia paga,41,113.9,5,19.5,13.5,5,8,0,0,1,0
CLI04248,Essencial,Mensal,Cartão,Mídia paga,34,49.9,0,1.5,15.0,7,5,2,0,0,0
CLI04249,Essencial,Mensal,Boleto,Indicação,50,49.9,0,2.5,8.2,5,6,1,1,1,0
CLI04250,Plus,Anual,Cartão,Indicação,16,79.9,0,3.8,41.0,6,7,0,0,1,0
CLI04251,Essencial,Mensal,Cartão,Busca orgânica,34,49.9,0,4.7,14.9,9,6,3,0,0,0
CLI04252,Essencial,Anual,Débito automático,Mídia paga,5,47.4,5,0.3,24.4,2,4,1,0,0,0
CLI04253,Essencial,Mensal,Cartão,Mídia paga,42,49.9,0,1.1,10.6,2,8,0,1,0,0
CLI04254,Plus,Mensal,Cartão,Mídia paga,26,71.91,10,4.9,14.1,7,8,1,0,0,0
CLI04255,Premium,Mensal,Boleto,Indicação,23,119.9,0,4.2,8.7,3,2,6,3,1,1
CLI04256,Essencial,Mensal,Boleto,Mídia paga,10,49.9,0,5.4,23.4,7,8,1,0,0,0
CLI04257,Essencial,Mensal,Débito automático,Mídia paga,8,49.9,0,3.4,16.6,9,8,0,1,0,0
CLI04258,Plus,Mensal,Cartão,Parceiro,17,79.9,0,9.6,12.9,1,9,0,0,1,0
CLI04259,Premium,Anual,Cartão,Mídia paga,26,119.9,0,1.2,59.5,10,7,0,0,0,0
CLI04260,Essencial,Anual,Cartão,Busca orgânica,45,44.91,10,3.4,2.4,8,9,0,1,0,0
CLI04261,Premium,Mensal,Cartão,Mídia paga,50,119.9,0,5.8,13.9,2,7,0,2,0,0
CLI04262,Premium,Anual,Boleto,Busca orgânica,46,107.91,10,8.2,1.6,6,9,1,0,0,0
CLI04263,Essencial,Anual,Cartão,Mídia paga,36,49.9,0,2.9,59.3,12,6,0,1,0,0
CLI04264,Plus,Mensal,Débito automático,Mídia paga,7,79.9,0,3.4,32.4,8,4,4,0,0,1
CLI04265,Plus,Anual,Cartão,Mídia paga,23,79.9,0,2.8,16.7,2,9,1,0,0,0
CLI04266,Plus,Mensal,Pix,Busca orgânica,62,79.9,0,3.3,57.8,10,6,1,1,1,0
CLI04267,Essencial,Anual,Cartão,Mídia paga,74,47.4,5,3.7,18.7,5,7,1,0,0,0
CLI04268,Plus,Mensal,Cartão,Indicação,7,71.91,10,1.5,13.3,3,7,1,0,0,0
CLI04269,Plus,Anual,Cartão,Mídia paga,18,79.9,0,1.0,60.2,8,6,0,1,0,0
CLI04270,Plus,Anual,Boleto,Parceiro,65,79.9,0,1.3,12.1,6,7,0,1,0,0
CLI04271,Premium,Anual,Pix,Indicação,51,119.9,0,9.3,52.6,12,5,4,0,1,0
CLI04272,Plus,Anual,Débito automático,Mídia paga,25,79.9,0,3.6,31.9,8,7,1,1,0,0
CLI04273,Plus,Mensal,Cartão,Mídia paga,31,75.9,5,2.9,15.0,4,6,0,1,0,0
CLI04274,Premium,Anual,Débito automático,Mídia paga,34,101.92,15,4.7,1.3,5,6,2,1,0,0
CLI04275,Essencial,Mensal,Débito automático,Indicação,52,44.91,10,5.3,16.5,7,6,0,0,0,0
CLI04276,Essencial,Mensal,Cartão,Parceiro,51,49.9,0,0.6,46.8,14,8,0,0,0,0
CLI04277,Essencial,Mensal,Débito automático,Parceiro,19,49.9,0,5.3,3.9,3,8,1,0,1,0
CLI04278,Premium,Anual,Débito automático,Mídia paga,62,113.9,5,2.8,54.0,15,6,3,1,0,0
CLI04279,Essencial,Anual,Boleto,Busca orgânica,67,42.42,15,5.7,54.1,10,7,1,0,1,0
CLI04280,Plus,Mensal,Boleto,Mídia paga,22,79.9,0,13.5,47.7,12,8,1,0,0,0
CLI04281,Essencial,Anual,Pix,Indicação,64,49.9,0,2.6,4.2,3,8,0,0,1,0
CLI04282,Essencial,Anual,Cartão,Mídia paga,21,47.4,5,2.0,35.4,7,7,3,2,0,1
CLI04283,Plus,Mensal,Cartão,Indicação,41,75.9,5,10.3,18.2,9,7,0,0,1,0
CLI04284,Essencial,Mensal,Cartão,Busca orgânica,71,39.92,20,1.5,27.0,6,8,2,0,0,0
CLI04285,Premium,Anual,Cartão,Indicação,56,113.9,5,5.4,23.4,4,7,0,0,1,0
CLI04286,Essencial,Anual,Cartão,Mídia paga,14,49.9,0,2.2,77.7,10,4,3,1,0,1
CLI04287,Premium,Mensal,Débito automático,Mídia paga,34,107.91,10,6.2,34.9,7,7,1,0,1,1
CLI04288,Essencial,Mensal,Pix,Mídia paga,38,49.9,0,1.5,24.4,11,8,0,0,0,0
CLI04289,Premium,Mensal,Pix,Indicação,30,101.92,15,8.5,29.1,5,8,1,0,1,0
CLI04290,Plus,Mensal,Boleto,Busca orgânica,15,75.9,5,4.8,21.5,4,7,1,1,0,0
CLI04291,Essencial,Mensal,Cartão,Busca orgânica,15,42.42,15,3.2,43.5,6,9,0,0,0,0
CLI04292,Essencial,Mensal,Cartão,Mídia paga,22,49.9,0,3.6,3.0,5,10,1,1,0,0
CLI04293,Essencial,Mensal,Débito automático,Indicação,8,44.91,10,1.4,5.2,6,7,1,1,0,0
CLI04294,Plus,Anual,Pix,Mídia paga,37,71.91,10,6.6,18.7,3,7,0,0,0,0
CLI04295,Plus,Mensal,Pix,Busca orgânica,4,79.9,0,1.4,22.2,4,5,0,1,0,0
CLI04296,Essencial,Mensal,Débito automático,Parceiro,79,47.4,5,2.9,7.4,5,7,1,0,0,0
CLI04297,Essencial,Mensal,Cartão,Busca orgânica,24,44.91,10,6.6,5.0,6,6,0,3,0,0
CLI04298,Plus,Anual,Pix,Indicação,15,71.91,10,1.8,27.7,9,6,2,0,1,0
CLI04299,Plus,Mensal,Boleto,Indicação,9,79.9,0,3.1,46.6,10,8,0,0,0,0
CLI04300,Plus,Mensal,Cartão,Busca orgânica,53,79.9,0,3.7,9.3,6,8,2,1,0,0
CLI04301,Plus,Mensal,Pix,Indicação,34,79.9,0,4.1,89.5,8,7,2,0,0,0
CLI04302,Plus,Anual,Cartão,Mídia paga,30,79.9,0,3.4,42.7,1,7,0,1,0,0
CLI04303,Premium,Mensal,Cartão,Mídia paga,34,107.91,10,10.4,70.9,4,7,1,1,0,0
CLI04304,Essencial,Mensal,Cartão,Indicação,35,49.9,0,0.8,52.0,8,4,2,1,0,0
CLI04305,Essencial,Anual,Pix,Mídia paga,37,49.9,0,6.0,39.7,8,5,3,0,1,0
CLI04306,Essencial,Anual,Pix,Indicação,33,49.9,0,2.3,53.3,12,6,1,0,1,0
CLI04307,Plus,Mensal,Boleto,Mídia paga,42,67.92,15,6.9,55.5,8,6,1,0,1,0
CLI04308,Essencial,Mensal,Pix,Indicação,36,49.9,0,4.5,38.0,4,5,0,0,1,0
CLI04309,Premium,Anual,Cartão,Busca orgânica,5,107.91,10,4.6,13.5,7,8,0,0,1,0
CLI04310,Plus,Anual,Débito automático,Mídia paga,14,67.92,15,2.8,55.1,13,5,1,0,1,0
CLI04311,Plus,Anual,Cartão,Busca orgânica,14,71.91,10,12.3,5.7,7,10,0,2,0,0
CLI04312,Plus,Anual,Débito automático,Indicação,15,79.9,0,12.1,1.0,3,7,1,0,0,0
CLI04313,Essencial,Anual,Cartão,Mídia paga,10,44.91,10,3.2,22.9,6,9,0,0,0,0
CLI04314,Plus,Anual,Débito automático,Mídia paga,32,67.92,15,7.8,30.4,8,4,0,0,0,0
CLI04315,Essencial,Mensal,Boleto,Parceiro,43,49.9,0,2.7,65.8,12,7,0,1,0,0
CLI04316,Plus,Anual,Cartão,Mídia paga,6,67.92,15,3.3,38.3,12,7,0,0,0,1
CLI04317,Premium,Anual,Pix,Indicação,11,107.91,10,6.7,72.5,6,7,0,0,0,0
CLI04318,Plus,Mensal,Pix,Mídia paga,7,71.91,10,2.3,14.5,7,9,0,0,0,0
CLI04319,Premium,Mensal,Cartão,Mídia paga,4,113.9,5,2.8,7.0,7,6,1,0,0,0
CLI04320,Essencial,Mensal,Cartão,Indicação,26,49.9,0,6.8,10.0,3,10,1,0,0,0
CLI04321,Premium,Anual,Débito automático,Indicação,5,119.9,0,8.5,19.6,4,8,0,0,1,0
CLI04322,Plus,Anual,Cartão,Mídia paga,25,71.91,10,2.6,5.4,9,7,0,2,0,0
CLI04323,Plus,Mensal,Cartão,Mídia paga,30,67.92,15,6.7,18.8,9,8,0,1,0,0
CLI04324,Essencial,Mensal,Débito automático,Busca orgânica,25,49.9,0,2.4,9.4,3,7,4,0,0,0
CLI04325,Essencial,Mensal,Pix,Mídia paga,25,44.91,10,2.6,45.8,7,6,1,1,0,0
CLI04326,Plus,Mensal,Cartão,Indicação,22,71.91,10,2.8,36.2,10,5,1,1,0,0
CLI04327,Essencial,Mensal,Boleto,Busca orgânica,45,49.9,0,3.5,44.9,7,9,0,2,0,0
CLI04328,Plus,Mensal,Boleto,Mídia paga,67,71.91,10,5.9,53.4,14,7,1,0,0,0
CLI04329,Premium,Mensal,Boleto,Indicação,32,119.9,0,5.2,21.1,10,5,2,1,0,0
CLI04330,Premium,Mensal,Pix,Busca orgânica,14,119.9,0,2.8,12.4,3,7,1,1,0,0
CLI04331,Essencial,Mensal,Cartão,Mídia paga,11,49.9,0,4.6,20.5,5,9,0,2,0,0
CLI04332,Premium,Mensal,Cartão,Busca orgânica,4,119.9,0,3.8,10.6,4,6,2,0,0,0
CLI04333,Essencial,Anual,Boleto,Mídia paga,58,47.4,5,4.1,21.4,5,8,0,2,0,0
CLI04334,Plus,Anual,Boleto,Parceiro,20,79.9,0,10.0,36.0,11,6,0,0,1,0
CLI04335,Premium,Anual,Débito automático,Mídia paga,21,107.91,10,13.4,34.5,8,6,1,0,1,0
CLI04336,Essencial,Mensal,Pix,Mídia paga,26,42.42,15,1.2,44.0,8,6,1,1,1,0
CLI04337,Essencial,Mensal,Cartão,Parceiro,17,44.91,10,2.2,10.0,1,9,0,1,0,0
CLI04338,Essencial,Anual,Débito automático,Mídia paga,30,47.4,5,3.8,9.3,6,7,1,0,0,1
CLI04339,Plus,Mensal,Cartão,Mídia paga,31,71.91,10,8.0,43.9,4,4,1,2,0,0
CLI04340,Plus,Mensal,Pix,Indicação,34,67.92,15,1.7,4.7,7,10,0,0,0,0
CLI04341,Essencial,Mensal,Débito automático,Mídia paga,7,44.91,10,5.9,34.9,8,7,3,0,0,0
CLI04342,Essencial,Anual,Débito automático,Busca orgânica,3,49.9,0,4.0,46.6,6,7,1,0,0,0
CLI04343,Plus,Mensal,Cartão,Indicação,44,79.9,0,9.0,23.0,5,5,1,1,0,0
CLI04344,Essencial,Mensal,Débito automático,Mídia paga,21,49.9,0,1.2,5.4,5,8,0,0,0,0
CLI04345,Plus,Mensal,Cartão,Indicação,13,63.92,20,3.6,18.6,5,8,0,0,0,0
CLI04346,Premium,Mensal,Cartão,Indicação,47,107.91,10,7.7,5.0,3,5,1,1,1,0
CLI04347,Plus,Mensal,Cartão,Mídia paga,13,75.9,5,4.3,0.9,4,9,1,0,1,0
CLI04348,Premium,Anual,Cartão,Indicação,12,119.9,0,5.2,22.8,7,8,0,1,1,0
CLI04349,Plus,Anual,Cartão,Parceiro,16,63.92,20,1.2,5.8,6,8,1,0,0,0
CLI04350,Premium,Mensal,Cartão,Parceiro,14,107.91,10,4.9,32.5,9,6,0,1,0,0
CLI04351,Essencial,Mensal,Cartão,Mídia paga,14,49.9,0,1.3,33.5,8,10,1,1,0,0
CLI04352,Essencial,Mensal,Cartão,Busca orgânica,41,47.4,5,9.6,28.7,10,8,0,1,0,0
CLI04353,Plus,Mensal,Pix,Mídia paga,61,79.9,0,5.9,12.9,6,7,0,0,0,0
CLI04354,Essencial,Anual,Débito automático,Indicação,10,39.92,20,13.5,21.2,7,4,0,1,1,0
CLI04355,Premium,Anual,Cartão,Mídia paga,25,113.9,5,4.3,7.1,7,5,2,1,0,0
CLI04356,Plus,Mensal,Cartão,Busca orgânica,15,79.9,0,4.2,28.4,8,8,0,0,0,0
CLI04357,Premium,Anual,Cartão,Busca orgânica,51,119.9,0,13.5,11.1,7,8,2,0,1,0
CLI04358,Essencial,Mensal,Cartão,Indicação,32,47.4,5,2.8,9.7,6,7,1,1,0,0
CLI04359,Plus,Mensal,Pix,Parceiro,26,75.9,5,10.9,49.6,10,7,0,1,0,0
CLI04360,Plus,Anual,Débito automático,Indicação,39,79.9,0,12.6,15.6,3,7,1,1,0,0
CLI04361,Essencial,Mensal,Cartão,Busca orgânica,47,44.91,10,3.4,8.1,4,9,0,0,0,0
CLI04362,Plus,Mensal,Cartão,Busca orgânica,39,79.9,0,9.6,39.6,6,4,1,2,1,0
CLI04363,Plus,Anual,Cartão,Busca orgânica,38,63.92,20,7.6,5.0,10,6,0,0,0,0
CLI04364,Premium,Mensal,Cartão,Parceiro,66,101.92,15,1.5,37.3,4,7,0,0,0,0
CLI04365,Plus,Mensal,Débito automático,Indicação,33,75.9,5,10.9,0.1,10,7,1,0,0,0
CLI04366,Essencial,Mensal,Pix,Indicação,12,49.9,0,4.7,33.9,17,5,1,1,0,0
CLI04367,Plus,Mensal,Débito automático,Indicação,28,79.9,0,4.9,36.1,7,9,1,0,0,0
CLI04368,Plus,Mensal,Débito automático,Mídia paga,18,79.9,0,4.5,9.5,2,10,0,0,0,0
CLI04369,Essencial,Mensal,Pix,Mídia paga,63,44.91,10,9.3,11.8,3,5,1,0,0,0
CLI04370,Essencial,Mensal,Cartão,Mídia paga,19,42.42,15,3.1,39.2,11,6,1,1,1,0
CLI04371,Essencial,Mensal,Débito automático,Mídia paga,19,47.4,5,4.3,36.6,6,4,3,1,0,1
CLI04372,Essencial,Anual,Débito automático,Indicação,22,42.42,15,5.8,20.4,4,6,2,1,0,1
CLI04373,Plus,Anual,Cartão,Parceiro,30,63.92,20,7.4,49.4,15,4,0,0,0,1
CLI04374,Essencial,Anual,Pix,Mídia paga,15,44.91,10,2.9,20.1,5,8,1,0,0,0
CLI04375,Plus,Anual,Pix,Mídia paga,15,79.9,0,14.3,26.0,2,7,1,0,1,0
CLI04376,Essencial,Anual,Cartão,Busca orgânica,12,42.42,15,1.3,6.0,2,5,1,0,1,0
CLI04377,Plus,Mensal,Débito automático,Mídia paga,59,79.9,0,7.1,52.9,13,7,0,0,0,1
CLI04378,Essencial,Mensal,Cartão,Mídia paga,36,42.42,15,2.4,21.2,5,8,1,0,0,0
CLI04379,Premium,Mensal,Cartão,Busca orgânica,21,119.9,0,7.5,33.6,8,7,0,0,1,0
CLI04380,Essencial,Mensal,Cartão,Indicação,17,49.9,0,3.6,55.5,11,5,1,0,0,1
CLI04381,Plus,Anual,Pix,Mídia paga,12,79.9,0,3.6,20.1,4,8,0,0,0,0
CLI04382,Essencial,Mensal,Débito automático,Mídia paga,19,49.9,0,6.4,23.0,9,9,1,0,0,0
CLI04383,Essencial,Anual,Pix,Indicação,21,47.4,5,5.8,5.8,2,5,2,0,1,0
CLI04384,Plus,Mensal,Débito automático,Parceiro,51,79.9,0,2.6,51.8,7,4,0,0,0,0
CLI04385,Premium,Mensal,Cartão,Indicação,11,107.91,10,19.7,17.1,15,9,0,0,0,0
CLI04386,Premium,Mensal,Pix,Busca orgânica,29,119.9,0,5.7,24.6,5,8,2,0,0,0
CLI04387,Essencial,Mensal,Cartão,Busca orgânica,35,47.4,5,4.1,24.0,7,8,0,0,0,0
CLI04388,Essencial,Mensal,Cartão,Mídia paga,14,44.91,10,1.2,17.5,4,7,0,1,0,0
CLI04389,Plus,Anual,Débito automático,Indicação,6,67.92,15,5.0,2.3,6,9,1,0,0,0
CLI04390,Plus,Mensal,Cartão,Mídia paga,28,67.92,15,8.1,69.0,17,4,1,0,1,0
CLI04391,Essencial,Anual,Boleto,Busca orgânica,12,49.9,0,1.7,10.8,3,10,1,1,0,0
CLI04392,Plus,Anual,Cartão,Indicação,31,75.9,5,5.0,18.7,11,8,1,0,0,0
CLI04393,Plus,Mensal,Débito automático,Indicação,29,79.9,0,5.8,15.4,6,7,1,1,0,0
CLI04394,Plus,Anual,Cartão,Busca orgânica,44,79.9,0,6.1,24.2,4,7,1,0,0,0
CLI04395,Essencial,Mensal,Débito automático,Busca orgânica,47,49.9,0,0.5,36.2,5,7,0,0,1,0
CLI04396,Essencial,Mensal,Pix,Indicação,7,39.92,20,2.1,68.0,7,5,1,1,0,1
CLI04397,Essencial,Mensal,Cartão,Busca orgânica,36,44.91,10,4.0,77.0,7,7,0,1,1,1
CLI04398,Plus,Mensal,Boleto,Busca orgânica,31,67.92,15,7.0,25.5,4,5,1,1,0,0
CLI04399,Essencial,Mensal,Débito automático,Parceiro,30,49.9,0,3.0,11.9,5,8,1,0,1,0
CLI04400,Plus,Mensal,Pix,Mídia paga,47,67.92,15,10.7,18.2,7,5,2,0,1,0
CLI04401,Plus,Anual,Débito automático,Indicação,12,71.91,10,6.0,30.7,7,7,0,0,0,0
CLI04402,Plus,Mensal,Cartão,Busca orgânica,47,79.9,0,4.9,17.3,5,3,2,2,0,0
CLI04403,Essencial,Anual,Débito automático,Indicação,35,49.9,0,3.0,17.4,5,6,1,0,0,0
CLI04404,Essencial,Mensal,Cartão,Busca orgânica,6,44.91,10,3.6,27.4,6,8,1,0,0,0
CLI04405,Plus,Mensal,Débito automático,Busca orgânica,16,79.9,0,2.1,72.2,9,5,0,0,1,0
CLI04406,Plus,Mensal,Cartão,Parceiro,25,79.9,0,5.0,17.2,2,7,1,0,0,0
CLI04407,Premium,Mensal,Débito automático,Busca orgânica,6,95.92,20,4.7,4.3,5,9,1,1,0,0
CLI04408,Essencial,Mensal,Boleto,Mídia paga,35,47.4,5,3.6,49.1,10,7,1,0,0,1
CLI04409,Premium,Anual,Boleto,Mídia paga,47,119.9,0,4.8,6.2,4,6,1,0,0,0
CLI04410,Essencial,Mensal,Débito automático,Busca orgânica,42,49.9,0,3.0,10.6,3,6,2,0,0,0
CLI04411,Essencial,Mensal,Débito automático,Indicação,39,44.91,10,3.3,12.7,3,7,0,0,1,0
CLI04412,Essencial,Anual,Pix,Indicação,17,44.91,10,2.0,35.6,6,6,0,0,1,0
CLI04413,Plus,Anual,Cartão,Mídia paga,35,67.92,15,5.4,19.8,8,6,0,0,1,0
CLI04414,Essencial,Anual,Pix,Parceiro,64,44.91,10,4.4,43.2,9,8,0,1,0,0
CLI04415,Essencial,Mensal,Pix,Busca orgânica,9,39.92,20,4.7,8.4,4,7,0,0,0,0
CLI04416,Plus,Anual,Cartão,Busca orgânica,8,75.9,5,10.1,42.9,7,9,0,1,1,0
CLI04417,Plus,Mensal,Débito automático,Busca orgânica,12,75.9,5,4.0,46.9,6,8,0,0,1,0
CLI04418,Essencial,Anual,Cartão,Busca orgânica,24,44.91,10,4.7,19.9,3,10,0,0,0,0
CLI04419,Essencial,Mensal,Pix,Mídia paga,11,49.9,0,5.7,49.2,8,7,0,0,0,0
CLI04420,Plus,Mensal,Pix,Indicação,40,71.91,10,2.6,40.7,8,6,2,0,0,0
CLI04421,Essencial,Anual,Débito automático,Busca orgânica,25,47.4,5,3.9,25.7,10,6,0,0,0,0
CLI04422,Essencial,Anual,Cartão,Mídia paga,25,49.9,0,6.3,19.4,7,4,2,0,0,0
CLI04423,Plus,Mensal,Cartão,Busca orgânica,47,79.9,0,5.4,10.5,3,7,0,1,0,0
CLI04424,Essencial,Mensal,Pix,Indicação,7,44.91,10,6.6,23.2,2,9,0,0,1,0
CLI04425,Plus,Anual,Cartão,Busca orgânica,30,63.92,20,6.3,59.8,3,6,2,0,0,0
CLI04426,Essencial,Mensal,Cartão,Mídia paga,32,47.4,5,6.7,28.9,10,6,1,2,0,0
CLI04427,Essencial,Mensal,Pix,Parceiro,58,47.4,5,6.4,5.3,6,8,0,1,0,0
CLI04428,Essencial,Mensal,Boleto,Parceiro,87,42.42,15,6.2,5.1,1,5,2,1,1,0
CLI04429,Essencial,Mensal,Débito automático,Mídia paga,9,49.9,0,3.9,30.2,7,8,1,0,0,0
CLI04430,Essencial,Mensal,Cartão,Mídia paga,17,49.9,0,4.7,53.6,14,7,0,0,0,0
CLI04431,Essencial,Anual,Cartão,Mídia paga,4,49.9,0,3.9,26.0,6,6,2,0,0,0
CLI04432,Premium,Mensal,Pix,Busca orgânica,11,119.9,0,3.1,62.6,11,8,0,0,1,0
CLI04433,Premium,Anual,Débito automático,Indicação,60,113.9,5,3.2,39.4,5,7,1,0,0,0
CLI04434,Essencial,Anual,Boleto,Busca orgânica,41,49.9,0,5.3,23.0,5,9,1,0,0,0
CLI04435,Plus,Mensal,Cartão,Busca orgânica,21,79.9,0,16.5,15.9,5,7,1,0,0,0
CLI04436,Plus,Anual,Pix,Parceiro,23,79.9,0,3.2,34.2,11,6,2,0,0,0
CLI04437,Premium,Mensal,Boleto,Mídia paga,9,119.9,0,6.9,58.8,4,6,1,0,1,1
CLI04438,Essencial,Anual,Cartão,Parceiro,10,47.4,5,3.7,14.7,3,7,1,0,1,0
CLI04439,Essencial,Mensal,Boleto,Busca orgânica,24,49.9,0,2.5,28.7,5,7,0,2,1,0
CLI04440,Essencial,Mensal,Cartão,Indicação,16,44.91,10,4.1,38.4,10,8,1,0,1,0
CLI04441,Essencial,Mensal,Débito automático,Parceiro,40,44.91,10,4.5,28.6,6,5,2,1,0,0
CLI04442,Essencial,Anual,Cartão,Busca orgânica,45,44.91,10,5.5,15.8,5,7,0,0,0,0
CLI04443,Premium,Mensal,Débito automático,Busca orgânica,17,113.9,5,7.7,28.0,7,10,0,0,0,0
CLI04444,Premium,Anual,Boleto,Indicação,32,113.9,5,2.5,42.1,6,8,0,1,0,0
CLI04445,Essencial,Mensal,Cartão,Mídia paga,23,44.91,10,8.1,11.7,5,9,0,1,0,0
CLI04446,Essencial,Anual,Débito automático,Indicação,23,49.9,0,3.7,14.1,5,7,3,0,0,0
CLI04447,Essencial,Mensal,Cartão,Parceiro,59,49.9,0,2.7,14.0,3,6,1,0,0,0
CLI04448,Plus,Mensal,Cartão,Indicação,7,75.9,5,3.7,52.0,8,7,0,1,1,0
CLI04449,Plus,Mensal,Pix,Indicação,58,67.92,15,2.2,19.8,10,8,1,0,0,0
CLI04450,Essencial,Mensal,Pix,Mídia paga,42,47.4,5,3.2,35.2,7,6,0,0,1,0
CLI04451,Premium,Anual,Cartão,Busca orgânica,30,119.9,0,5.3,17.1,2,4,1,1,1,0
CLI04452,Premium,Anual,Cartão,Busca orgânica,39,119.9,0,11.9,20.1,4,10,0,1,0,0
CLI04453,Plus,Mensal,Cartão,Mídia paga,22,79.9,0,2.7,50.2,7,6,0,0,0,1
CLI04454,Plus,Mensal,Cartão,Busca orgânica,16,67.92,15,3.2,19.0,7,9,1,0,0,0
CLI04455,Plus,Mensal,Cartão,Busca orgânica,12,79.9,0,6.5,23.9,4,5,1,0,1,0
CLI04456,Essencial,Anual,Cartão,Indicação,43,42.42,15,2.9,41.0,3,6,0,0,0,0
CLI04457,Essencial,Anual,Débito automático,Busca orgânica,28,39.92,20,8.2,53.4,10,5,1,0,0,0
CLI04458,Plus,Anual,Cartão,Indicação,71,75.9,5,3.3,73.5,9,4,1,0,1,0
CLI04459,Essencial,Anual,Boleto,Mídia paga,41,47.4,5,4.9,17.7,6,6,1,0,0,0
CLI04460,Premium,Mensal,Cartão,Mídia paga,30,119.9,0,10.2,6.4,2,4,0,1,0,0
CLI04461,Essencial,Mensal,Pix,Busca orgânica,16,44.91,10,1.3,28.5,4,7,0,0,1,0
CLI04462,Essencial,Anual,Cartão,Busca orgânica,18,49.9,0,3.3,13.8,5,6,0,0,1,0
CLI04463,Essencial,Mensal,Cartão,Mídia paga,15,49.9,0,1.4,39.3,7,7,0,1,1,0
CLI04464,Premium,Mensal,Pix,Mídia paga,34,119.9,0,5.0,29.5,6,9,2,0,1,0
CLI04465,Essencial,Mensal,Cartão,Busca orgânica,22,49.9,0,0.7,17.4,8,10,0,0,0,0
CLI04466,Essencial,Anual,Cartão,Mídia paga,16,49.9,0,2.2,23.4,7,6,1,1,0,0
CLI04467,Essencial,Anual,Cartão,Indicação,75,47.4,5,4.0,8.9,6,6,1,0,0,0
CLI04468,Plus,Anual,Débito automático,Busca orgânica,51,79.9,0,2.9,46.5,7,4,1,0,0,0
CLI04469,Premium,Mensal,Cartão,Indicação,25,107.91,10,7.5,8.8,0,10,0,1,0,0
CLI04470,Essencial,Mensal,Cartão,Parceiro,26,47.4,5,9.8,22.2,9,5,1,0,1,0
CLI04471,Premium,Mensal,Cartão,Busca orgânica,42,107.91,10,9.7,7.6,5,9,0,1,0,0
CLI04472,Essencial,Anual,Pix,Mídia paga,22,49.9,0,6.1,18.2,4,6,3,0,1,0
CLI04473,Plus,Mensal,Boleto,Busca orgânica,9,75.9,5,1.6,15.6,11,6,0,2,0,1
CLI04474,Essencial,Anual,Cartão,Indicação,15,49.9,0,1.1,3.8,1,7,2,0,1,0
CLI04475,Plus,Mensal,Cartão,Indicação,27,75.9,5,3.2,59.7,7,7,0,1,0,0
CLI04476,Plus,Anual,Pix,Busca orgânica,27,75.9,5,1.8,22.6,6,8,0,0,0,0
CLI04477,Plus,Anual,Boleto,Mídia paga,6,71.91,10,0.8,36.4,9,6,2,0,0,0
CLI04478,Essencial,Mensal,Cartão,Mídia paga,42,49.9,0,2.4,48.3,9,5,1,2,0,1
CLI04479,Premium,Anual,Débito automático,Indicação,6,101.92,15,7.6,11.5,6,8,2,0,0,0
CLI04480,Premium,Mensal,Débito automático,Busca orgânica,11,113.9,5,3.9,68.3,9,5,0,2,1,0
CLI04481,Essencial,Anual,Cartão,Busca orgânica,44,44.91,10,2.7,12.3,6,9,0,1,0,0
CLI04482,Plus,Anual,Débito automático,Mídia paga,21,79.9,0,4.3,27.1,12,9,0,0,0,0
CLI04483,Plus,Mensal,Pix,Busca orgânica,54,71.91,10,3.1,39.4,9,5,0,0,1,0
CLI04484,Essencial,Mensal,Cartão,Parceiro,48,39.92,20,1.5,40.6,10,6,0,1,0,0
CLI04485,Premium,Anual,Cartão,Busca orgânica,9,95.92,20,7.5,25.9,9,8,1,0,0,0
CLI04486,Essencial,Anual,Cartão,Busca orgânica,19,44.91,10,2.5,38.8,8,6,3,0,0,1
CLI04487,Plus,Mensal,Cartão,Mídia paga,16,75.9,5,2.5,26.4,10,8,0,0,0,0
CLI04488,Essencial,Anual,Débito automático,Mídia paga,17,49.9,0,8.2,11.1,3,6,1,0,0,0
CLI04489,Essencial,Mensal,Débito automático,Busca orgânica,15,49.9,0,3.3,18.4,7,6,0,0,1,0
CLI04490,Plus,Mensal,Débito automático,Indicação,11,71.91,10,1.6,59.3,9,5,2,0,0,1
CLI04491,Plus,Mensal,Pix,Indicação,50,79.9,0,3.6,63.8,15,9,0,0,0,0
CLI04492,Premium,Mensal,Cartão,Busca orgânica,11,119.9,0,9.7,39.0,8,5,1,1,0,0
CLI04493,Premium,Mensal,Cartão,Mídia paga,21,119.9,0,4.9,3.4,3,6,2,0,1,0
CLI04494,Essencial,Anual,Débito automático,Mídia paga,11,49.9,0,2.4,35.4,8,6,0,0,1,0
CLI04495,Essencial,Mensal,Cartão,Busca orgânica,28,47.4,5,3.2,54.2,9,7,0,0,0,0
CLI04496,Essencial,Mensal,Cartão,Indicação,20,44.91,10,1.5,63.0,9,6,1,0,0,0
CLI04497,Plus,Anual,Débito automático,Mídia paga,16,79.9,0,1.1,40.3,10,9,0,0,0,0
CLI04498,Plus,Anual,Débito automático,Mídia paga,50,79.9,0,9.0,48.9,5,4,2,0,0,0
CLI04499,Premium,Anual,Cartão,Mídia paga,22,101.92,15,7.5,27.9,8,7,1,1,0,0
CLI04500,Plus,Mensal,Pix,Mídia paga,24,79.9,0,4.9,7.8,4,8,0,0,1,0
CLI04501,Essencial,Anual,Cartão,Busca orgânica,6,44.91,10,3.0,67.9,7,6,0,1,0,1
CLI04502,Essencial,Mensal,Débito automático,Mídia paga,26,47.4,5,3.2,5.7,3,6,0,0,0,0
CLI04503,Plus,Mensal,Débito automático,Busca orgânica,40,75.9,5,13.1,4.0,8,8,0,1,0,0
CLI04504,Plus,Anual,Débito automático,Mídia paga,13,67.92,15,2.8,19.4,2,6,1,0,0,0
CLI04505,Essencial,Mensal,Cartão,Busca orgânica,20,49.9,0,6.0,3.9,7,8,0,0,0,0
CLI04506,Essencial,Anual,Pix,Mídia paga,57,44.91,10,6.1,31.8,12,8,0,0,0,0
CLI04507,Essencial,Mensal,Cartão,Indicação,16,47.4,5,4.2,15.9,3,6,1,0,1,0
CLI04508,Essencial,Mensal,Pix,Indicação,36,42.42,15,6.0,57.3,12,6,2,0,0,0
CLI04509,Plus,Mensal,Boleto,Indicação,21,75.9,5,5.3,20.5,9,10,0,0,0,0
CLI04510,Essencial,Mensal,Cartão,Mídia paga,51,49.9,0,2.4,20.4,2,7,0,0,0,0
CLI04511,Plus,Mensal,Pix,Mídia paga,30,75.9,5,5.8,10.5,6,8,0,0,0,0
CLI04512,Plus,Mensal,Cartão,Busca orgânica,14,63.92,20,18.2,14.4,8,8,1,0,0,0
CLI04513,Premium,Mensal,Pix,Indicação,8,119.9,0,7.5,37.6,8,5,0,0,0,0
CLI04514,Essencial,Anual,Pix,Indicação,65,42.42,15,4.2,2.3,0,9,0,0,0,0
CLI04515,Essencial,Mensal,Cartão,Mídia paga,34,44.91,10,0.9,52.8,6,6,3,0,0,0
CLI04516,Essencial,Mensal,Pix,Busca orgânica,29,42.42,15,1.4,54.6,7,5,0,0,0,0
CLI04517,Essencial,Mensal,Boleto,Mídia paga,18,42.42,15,2.3,9.6,7,9,1,0,1,0
CLI04518,Essencial,Mensal,Débito automático,Mídia paga,7,49.9,0,3.2,2.2,4,6,1,1,0,0
CLI04519,Plus,Mensal,Boleto,Mídia paga,31,75.9,5,6.9,2.9,2,9,0,1,0,0
CLI04520,Essencial,Anual,Cartão,Busca orgânica,30,47.4,5,8.0,38.2,6,7,0,0,0,0
CLI04521,Essencial,Anual,Boleto,Mídia paga,36,42.42,15,1.5,1.9,7,7,1,0,0,0
CLI04522,Essencial,Mensal,Cartão,Busca orgânica,54,49.9,0,3.1,26.1,5,7,0,0,1,0
CLI04523,Plus,Anual,Cartão,Mídia paga,28,63.92,20,7.4,74.4,12,6,2,0,0,0
CLI04524,Premium,Mensal,Cartão,Mídia paga,6,119.9,0,3.7,34.1,7,7,1,0,0,0
CLI04525,Plus,Mensal,Cartão,Parceiro,38,75.9,5,12.3,14.7,4,8,0,0,0,0
CLI04526,Plus,Mensal,Débito automático,Busca orgânica,66,71.91,10,4.9,47.5,7,7,1,1,0,0
CLI04527,Plus,Mensal,Cartão,Mídia paga,23,75.9,5,3.5,63.1,8,5,0,1,0,0
CLI04528,Plus,Mensal,Pix,Mídia paga,22,79.9,0,4.1,50.8,9,6,1,0,0,0
CLI04529,Essencial,Mensal,Cartão,Parceiro,21,47.4,5,0.9,58.9,14,6,0,0,1,0
CLI04530,Plus,Mensal,Cartão,Indicação,26,79.9,0,10.3,65.2,12,6,1,0,0,1
CLI04531,Plus,Mensal,Débito automático,Mídia paga,31,75.9,5,5.3,20.0,4,7,1,0,1,0
CLI04532,Essencial,Mensal,Pix,Indicação,36,49.9,0,7.6,8.4,4,7,2,0,0,0
CLI04533,Plus,Anual,Cartão,Parceiro,16,67.92,15,4.7,2.1,6,7,1,1,0,0
CLI04534,Plus,Anual,Débito automático,Mídia paga,17,79.9,0,14.2,37.1,8,8,0,0,0,0
CLI04535,Plus,Mensal,Débito automático,Mídia paga,2,75.9,5,2.0,17.4,11,7,0,0,0,0
CLI04536,Essencial,Mensal,Cartão,Busca orgânica,6,42.42,15,5.4,32.4,4,8,0,0,1,0
CLI04537,Plus,Mensal,Cartão,Mídia paga,19,71.91,10,3.6,43.5,7,5,0,4,1,1
CLI04538,Premium,Anual,Boleto,Mídia paga,31,119.9,0,15.0,15.6,7,8,0,2,0,0
CLI04539,Essencial,Mensal,Cartão,Busca orgânica,18,44.91,10,2.5,39.4,8,5,1,2,0,1
CLI04540,Essencial,Mensal,Cartão,Mídia paga,40,49.9,0,0.9,15.3,4,7,0,2,0,0
CLI04541,Essencial,Anual,Cartão,Busca orgânica,15,47.4,5,1.5,9.3,3,8,1,0,0,0
CLI04542,Essencial,Mensal,Cartão,Busca orgânica,16,44.91,10,1.7,30.9,7,7,2,2,0,0
CLI04543,Premium,Mensal,Boleto,Mídia paga,48,119.9,0,3.4,85.4,17,7,1,0,0,1
CLI04544,Plus,Anual,Boleto,Indicação,31,71.91,10,2.0,50.2,6,8,0,0,1,0
CLI04545,Essencial,Anual,Pix,Mídia paga,44,44.91,10,5.8,75.5,7,5,1,0,0,0
CLI04546,Essencial,Mensal,Débito automático,Busca orgânica,32,44.91,10,3.5,14.3,5,9,2,0,0,0
CLI04547,Premium,Mensal,Débito automático,Mídia paga,26,107.91,10,3.9,51.8,9,7,2,1,1,0
CLI04548,Essencial,Mensal,Pix,Indicação,31,49.9,0,3.0,38.7,10,6,1,0,0,0
CLI04549,Plus,Mensal,Débito automático,Mídia paga,10,79.9,0,10.5,25.4,8,8,0,0,0,0
CLI04550,Essencial,Mensal,Boleto,Mídia paga,4,49.9,0,4.1,37.2,10,7,2,0,0,0
CLI04551,Essencial,Mensal,Cartão,Mídia paga,9,49.9,0,2.4,78.7,9,3,0,0,0,1
CLI04552,Plus,Mensal,Cartão,Busca orgânica,6,79.9,0,2.9,64.1,6,5,1,0,0,1
CLI04553,Essencial,Anual,Débito automático,Mídia paga,30,49.9,0,7.5,27.4,8,8,0,1,0,0
CLI04554,Plus,Anual,Débito automático,Busca orgânica,49,63.92,20,3.0,51.5,8,8,0,0,0,0
CLI04555,Essencial,Anual,Cartão,Indicação,10,49.9,0,0.6,5.2,4,7,0,1,0,0
CLI04556,Plus,Mensal,Cartão,Indicação,29,67.92,15,7.8,22.9,8,9,0,0,0,0
CLI04557,Plus,Mensal,Débito automático,Busca orgânica,60,79.9,0,1.8,49.1,16,8,0,0,0,0
CLI04558,Plus,Mensal,Pix,Mídia paga,42,71.91,10,7.9,20.0,7,7,1,0,0,0
CLI04559,Essencial,Mensal,Boleto,Busca orgânica,32,49.9,0,1.8,19.4,7,4,0,2,0,0
CLI04560,Plus,Mensal,Débito automático,Mídia paga,25,67.92,15,2.3,39.3,9,8,0,0,0,0
CLI04561,Premium,Anual,Pix,Mídia paga,31,119.9,0,1.5,24.7,2,8,1,0,0,0
CLI04562,Essencial,Mensal,Débito automático,Busca orgânica,27,49.9,0,3.7,39.9,10,8,0,0,0,0
CLI04563,Essencial,Mensal,Pix,Indicação,22,39.92,20,4.9,7.7,4,9,0,0,1,0
CLI04564,Plus,Mensal,Cartão,Busca orgânica,11,79.9,0,4.8,11.0,8,10,0,0,0,0
CLI04565,Essencial,Anual,Cartão,Busca orgânica,16,49.9,0,2.6,25.1,4,10,0,0,0,0
CLI04566,Plus,Anual,Cartão,Indicação,29,79.9,0,2.9,16.7,3,9,0,2,0,0
CLI04567,Plus,Mensal,Boleto,Mídia paga,46,79.9,0,3.4,52.6,10,4,2,0,0,0
CLI04568,Essencial,Mensal,Débito automático,Parceiro,10,49.9,0,3.2,31.5,9,10,1,0,0,0
CLI04569,Plus,Anual,Cartão,Indicação,79,79.9,0,3.9,37.8,10,5,1,0,0,0
CLI04570,Plus,Mensal,Débito automático,Indicação,6,79.9,0,3.5,42.9,7,5,1,0,0,0
CLI04571,Essencial,Mensal,Pix,Mídia paga,12,49.9,0,2.3,27.3,14,9,0,0,0,0
CLI04572,Premium,Anual,Cartão,Parceiro,30,107.91,10,12.1,13.9,7,7,1,0,0,0
CLI04573,Essencial,Anual,Cartão,Parceiro,38,44.91,10,1.1,10.1,6,7,1,0,0,0
CLI04574,Essencial,Mensal,Débito automático,Parceiro,16,44.91,10,14.6,20.0,6,7,1,0,0,0
CLI04575,Premium,Anual,Cartão,Busca orgânica,25,119.9,0,18.3,57.8,9,5,2,1,0,0
CLI04576,Essencial,Mensal,Débito automático,Parceiro,22,44.91,10,1.5,18.0,8,6,1,0,1,0
CLI04577,Premium,Mensal,Pix,Busca orgânica,19,101.92,15,13.5,35.2,5,7,1,0,0,0
CLI04578,Essencial,Mensal,Pix,Indicação,12,39.92,20,2.7,2.8,2,7,0,1,0,0
CLI04579,Plus,Mensal,Pix,Mídia paga,30,67.92,15,1.3,7.3,1,6,1,1,0,0
CLI04580,Essencial,Mensal,Pix,Mídia paga,31,49.9,0,4.2,12.6,5,7,0,1,0,0
CLI04581,Plus,Anual,Boleto,Mídia paga,25,63.92,20,3.4,9.1,8,8,0,0,0,0
CLI04582,Plus,Anual,Cartão,Mídia paga,40,79.9,0,9.6,63.6,13,5,1,2,0,0
CLI04583,Premium,Mensal,Cartão,Mídia paga,30,119.9,0,19.5,43.2,5,9,0,2,0,0
CLI04584,Premium,Anual,Cartão,Busca orgânica,14,119.9,0,2.5,48.6,10,7,0,0,0,0
CLI04585,Plus,Anual,Débito automático,Busca orgânica,61,79.9,0,2.7,10.5,6,7,2,0,0,0
CLI04586,Plus,Mensal,Pix,Mídia paga,35,71.91,10,4.2,37.6,6,6,0,0,1,0
CLI04587,Plus,Anual,Débito automático,Busca orgânica,20,63.92,20,5.6,18.5,6,7,1,0,0,0
CLI04588,Premium,Anual,Cartão,Indicação,18,107.91,10,3.2,7.4,6,6,0,1,0,0
CLI04589,Plus,Anual,Pix,Busca orgânica,18,71.91,10,6.6,20.4,4,9,0,3,0,0
CLI04590,Premium,Mensal,Débito automático,Mídia paga,11,119.9,0,2.3,20.8,10,7,1,0,1,0
CLI04591,Essencial,Anual,Pix,Parceiro,15,44.91,10,1.3,25.1,6,5,1,0,0,0
CLI04592,Plus,Anual,Pix,Mídia paga,27,79.9,0,8.3,41.2,8,9,0,0,0,0
CLI04593,Plus,Mensal,Débito automático,Mídia paga,35,79.9,0,4.2,16.4,5,7,1,0,1,0
CLI04594,Essencial,Mensal,Débito automático,Mídia paga,56,47.4,5,2.7,5.3,2,7,0,0,1,0
CLI04595,Essencial,Mensal,Cartão,Indicação,20,42.42,15,5.1,33.2,4,5,0,1,0,0
CLI04596,Premium,Mensal,Pix,Mídia paga,29,119.9,0,0.7,19.6,6,7,0,0,0,0
CLI04597,Essencial,Mensal,Cartão,Mídia paga,29,42.42,15,2.6,19.3,6,7,0,0,0,0
CLI04598,Essencial,Mensal,Cartão,Parceiro,15,47.4,5,3.3,48.6,7,5,1,0,1,0
CLI04599,Essencial,Anual,Pix,Indicação,33,49.9,0,1.2,35.8,5,9,0,0,0,0
CLI04600,Essencial,Anual,Cartão,Parceiro,8,44.91,10,2.9,56.2,5,8,0,0,1,0
CLI04601,Plus,Mensal,Cartão,Mídia paga,23,71.91,10,9.0,41.1,6,8,0,0,0,0
CLI04602,Premium,Mensal,Débito automático,Indicação,20,95.92,20,8.8,12.1,5,7,2,0,0,0
CLI04603,Premium,Mensal,Pix,Busca orgânica,16,119.9,0,0.9,63.8,11,10,0,0,1,0
CLI04604,Plus,Mensal,Cartão,Indicação,31,79.9,0,4.3,16.1,5,8,0,0,0,0
CLI04605,Plus,Mensal,Cartão,Mídia paga,56,75.9,5,9.1,29.2,6,6,0,1,0,0
CLI04606,Essencial,Mensal,Pix,Busca orgânica,43,49.9,0,4.9,31.9,6,7,2,0,0,0
CLI04607,Premium,Anual,Pix,Mídia paga,28,113.9,5,5.0,14.8,4,10,2,0,0,0
CLI04608,Essencial,Mensal,Débito automático,Mídia paga,41,47.4,5,5.4,2.8,3,10,0,0,0,0
CLI04609,Essencial,Mensal,Pix,Mídia paga,67,49.9,0,5.9,3.4,6,9,0,0,0,0
CLI04610,Premium,Anual,Débito automático,Busca orgânica,14,95.92,20,4.0,62.1,18,5,0,1,1,0
CLI04611,Premium,Mensal,Cartão,Mídia paga,23,119.9,0,10.1,6.0,0,7,0,0,1,0
CLI04612,Essencial,Mensal,Pix,Mídia paga,33,49.9,0,2.1,26.4,3,7,1,1,0,0
CLI04613,Plus,Mensal,Cartão,Mídia paga,34,79.9,0,2.7,26.6,9,5,0,0,1,0
CLI04614,Plus,Anual,Cartão,Busca orgânica,20,75.9,5,5.4,17.1,8,9,2,1,0,0
CLI04615,Essencial,Mensal,Boleto,Parceiro,28,47.4,5,1.4,49.7,10,8,1,1,0,0
CLI04616,Essencial,Anual,Débito automático,Mídia paga,21,44.91,10,2.7,33.0,5,6,3,0,0,0
CLI04617,Essencial,Mensal,Cartão,Mídia paga,24,49.9,0,1.9,7.8,4,7,0,1,1,0
CLI04618,Plus,Anual,Cartão,Indicação,6,63.92,20,3.9,38.6,8,8,0,0,1,0
CLI04619,Essencial,Mensal,Débito automático,Mídia paga,56,49.9,0,8.2,45.6,13,5,1,1,0,0
CLI04620,Plus,Anual,Cartão,Indicação,5,71.91,10,15.5,22.1,4,6,0,1,0,0
CLI04621,Essencial,Anual,Boleto,Busca orgânica,17,47.4,5,1.4,46.9,7,5,0,1,0,1
CLI04622,Premium,Mensal,Cartão,Mídia paga,35,119.9,0,17.5,28.1,8,7,1,3,1,0
CLI04623,Plus,Anual,Cartão,Busca orgânica,47,79.9,0,2.8,22.6,7,5,4,0,0,0
CLI04624,Premium,Anual,Cartão,Busca orgânica,21,113.9,5,10.4,37.1,7,7,0,1,1,0
CLI04625,Essencial,Mensal,Pix,Busca orgânica,38,49.9,0,1.7,10.3,4,5,1,1,0,0
CLI04626,Plus,Anual,Cartão,Busca orgânica,23,79.9,0,5.6,1.0,2,6,0,2,0,0
CLI04627,Premium,Mensal,Cartão,Mídia paga,30,113.9,5,9.0,72.8,11,4,3,0,0,1
CLI04628,Essencial,Mensal,Boleto,Indicação,17,47.4,5,5.6,1.7,2,6,0,0,0,0
CLI04629,Essencial,Mensal,Cartão,Busca orgânica,36,47.4,5,9.2,5.9,7,6,2,1,0,0
CLI04630,Essencial,Mensal,Pix,Mídia paga,10,39.92,20,2.4,30.6,5,5,2,0,0,1
CLI04631,Essencial,Mensal,Cartão,Parceiro,77,42.42,15,4.8,22.0,10,7,0,0,0,0
CLI04632,Essencial,Mensal,Pix,Busca orgânica,15,44.91,10,3.8,41.3,13,5,1,1,0,1
CLI04633,Essencial,Mensal,Cartão,Busca orgânica,10,39.92,20,8.4,36.5,8,5,0,0,0,0
CLI04634,Essencial,Mensal,Débito automático,Parceiro,24,49.9,0,6.4,22.5,6,9,1,1,0,0
CLI04635,Plus,Mensal,Débito automático,Parceiro,19,79.9,0,8.5,49.2,9,8,1,0,0,0
CLI04636,Essencial,Mensal,Débito automático,Mídia paga,56,47.4,5,0.6,50.4,11,6,0,0,1,0
CLI04637,Essencial,Anual,Boleto,Busca orgânica,69,44.91,10,10.4,55.9,13,6,1,0,0,0
CLI04638,Plus,Anual,Cartão,Busca orgânica,16,71.91,10,1.6,20.7,7,7,0,0,0,0
CLI04639,Essencial,Mensal,Cartão,Mídia paga,33,44.91,10,1.3,18.8,8,9,1,1,0,0
CLI04640,Essencial,Mensal,Cartão,Mídia paga,30,49.9,0,2.4,31.5,8,8,1,0,0,0
CLI04641,Essencial,Mensal,Débito automático,Parceiro,32,49.9,0,3.4,11.4,5,10,0,0,1,1
CLI04642,Essencial,Mensal,Cartão,Indicação,12,49.9,0,4.9,45.3,11,5,2,1,0,0
CLI04643,Plus,Mensal,Débito automático,Busca orgânica,12,75.9,5,7.1,36.2,6,8,1,0,0,0
CLI04644,Essencial,Anual,Boleto,Parceiro,26,49.9,0,3.3,48.2,9,7,3,0,0,1
CLI04645,Essencial,Anual,Cartão,Mídia paga,31,44.91,10,5.5,63.0,13,6,2,0,1,1
CLI04646,Premium,Mensal,Cartão,Mídia paga,9,107.91,10,26.0,65.0,13,6,2,0,0,1
CLI04647,Premium,Anual,Pix,Indicação,17,119.9,0,16.1,55.0,12,3,2,0,1,0
CLI04648,Essencial,Mensal,Cartão,Mídia paga,22,44.91,10,2.4,31.7,4,6,2,2,0,0
CLI04649,Essencial,Anual,Cartão,Busca orgânica,48,49.9,0,2.6,76.8,12,5,1,0,0,0
CLI04650,Plus,Anual,Cartão,Busca orgânica,40,79.9,0,2.7,40.8,7,8,0,2,0,0
CLI04651,Premium,Mensal,Débito automático,Busca orgânica,55,107.91,10,9.2,20.3,9,7,2,0,1,0
CLI04652,Plus,Anual,Débito automático,Busca orgânica,24,71.91,10,2.2,12.6,8,9,0,0,1,0
CLI04653,Essencial,Anual,Cartão,Busca orgânica,18,44.91,10,1.7,17.2,10,9,1,0,0,0
CLI04654,Essencial,Mensal,Cartão,Indicação,53,49.9,0,3.3,52.7,7,6,1,0,1,0
CLI04655,Essencial,Mensal,Débito automático,Busca orgânica,24,47.4,5,3.6,9.9,3,10,0,0,0,0
CLI04656,Premium,Anual,Cartão,Indicação,36,107.91,10,7.9,26.7,8,5,2,0,0,0
CLI04657,Premium,Mensal,Débito automático,Busca orgânica,5,119.9,0,1.4,8.3,5,7,4,1,0,0
CLI04658,Essencial,Mensal,Pix,Parceiro,23,39.92,20,1.7,16.4,5,7,0,0,0,0
CLI04659,Plus,Mensal,Boleto,Mídia paga,24,79.9,0,5.2,23.4,12,7,0,0,0,0
CLI04660,Essencial,Mensal,Débito automático,Indicação,23,49.9,0,7.0,16.8,2,5,0,0,1,0
CLI04661,Plus,Mensal,Boleto,Mídia paga,26,71.91,10,3.8,14.9,8,9,2,0,0,0
CLI04662,Premium,Anual,Débito automático,Indicação,52,113.9,5,17.2,17.7,4,8,1,0,0,0
CLI04663,Essencial,Mensal,Pix,Busca orgânica,17,44.91,10,6.4,46.6,8,6,3,0,0,1
CLI04664,Essencial,Mensal,Cartão,Busca orgânica,40,47.4,5,0.8,22.0,12,7,1,2,0,0
CLI04665,Plus,Anual,Débito automático,Parceiro,8,67.92,15,8.5,32.0,13,6,1,0,1,0
CLI04666,Essencial,Mensal,Pix,Indicação,9,39.92,20,1.8,41.6,8,6,0,1,0,1
CLI04667,Plus,Anual,Cartão,Parceiro,13,71.91,10,6.1,11.8,5,7,1,0,0,0
CLI04668,Essencial,Anual,Pix,Mídia paga,15,44.91,10,1.7,23.9,7,6,0,0,1,0
CLI04669,Premium,Mensal,Cartão,Busca orgânica,40,119.9,0,2.2,4.7,2,9,0,1,0,0
CLI04670,Essencial,Mensal,Cartão,Mídia paga,26,44.91,10,1.4,6.3,7,9,1,0,0,0
CLI04671,Essencial,Anual,Cartão,Busca orgânica,6,44.91,10,4.1,9.0,10,9,2,0,1,0
CLI04672,Essencial,Anual,Cartão,Mídia paga,28,44.91,10,4.7,35.2,10,6,0,1,0,0
CLI04673,Essencial,Mensal,Cartão,Mídia paga,28,49.9,0,1.1,3.8,7,5,3,1,0,0
CLI04674,Essencial,Mensal,Débito automático,Busca orgânica,1,44.91,10,1.6,45.2,6,5,1,1,0,0
CLI04675,Plus,Mensal,Pix,Indicação,55,79.9,0,2.6,6.1,6,10,0,0,0,0
CLI04676,Essencial,Anual,Boleto,Mídia paga,14,47.4,5,1.0,84.5,10,5,1,1,1,1
CLI04677,Essencial,Anual,Boleto,Indicação,40,44.91,10,2.5,22.3,7,8,1,0,0,0
CLI04678,Essencial,Mensal,Cartão,Parceiro,34,39.92,20,10.0,26.3,5,7,2,0,0,0
CLI04679,Essencial,Anual,Pix,Busca orgânica,10,49.9,0,3.8,13.3,3,7,2,0,0,0
CLI04680,Premium,Mensal,Cartão,Busca orgânica,48,119.9,0,5.6,45.4,9,7,1,0,0,0
CLI04681,Premium,Mensal,Débito automático,Busca orgânica,31,119.9,0,9.8,40.8,7,7,2,0,1,0
CLI04682,Essencial,Mensal,Pix,Busca orgânica,48,44.91,10,5.8,21.3,4,9,0,0,0,0
CLI04683,Plus,Mensal,Cartão,Parceiro,64,79.9,0,2.7,24.7,4,7,0,1,0,0
CLI04684,Plus,Mensal,Cartão,Busca orgânica,12,79.9,0,2.7,6.3,7,9,0,0,0,0
CLI04685,Premium,Mensal,Débito automático,Mídia paga,29,119.9,0,4.7,46.6,6,7,1,0,1,0
CLI04686,Essencial,Anual,Cartão,Busca orgânica,8,44.91,10,1.0,14.6,5,8,0,1,0,0
CLI04687,Essencial,Anual,Cartão,Indicação,48,49.9,0,1.4,13.4,5,9,2,0,0,0
CLI04688,Essencial,Mensal,Débito automático,Busca orgânica,6,47.4,5,4.9,28.0,8,10,0,0,0,0
CLI04689,Premium,Mensal,Cartão,Mídia paga,10,119.9,0,2.9,51.6,7,7,1,2,0,0
CLI04690,Plus,Anual,Débito automático,Mídia paga,16,71.91,10,2.2,35.5,8,7,0,0,0,0
CLI04691,Plus,Mensal,Débito automático,Busca orgânica,24,79.9,0,11.1,35.4,9,7,1,0,0,0
CLI04692,Essencial,Anual,Cartão,Parceiro,41,49.9,0,10.5,33.8,10,9,0,0,0,0
CLI04693,Plus,Mensal,Cartão,Busca orgânica,7,67.92,15,4.0,54.6,13,6,1,0,0,1
CLI04694,Premium,Mensal,Cartão,Mídia paga,29,119.9,0,8.5,9.0,4,7,0,2,0,0
CLI04695,Essencial,Anual,Boleto,Indicação,16,49.9,0,3.8,32.5,8,6,0,1,0,0
CLI04696,Plus,Mensal,Débito automático,Mídia paga,23,71.91,10,3.9,6.0,6,7,2,0,0,0
CLI04697,Essencial,Mensal,Cartão,Busca orgânica,54,49.9,0,5.8,67.2,7,7,0,1,0,0
CLI04698,Plus,Mensal,Débito automático,Busca orgânica,26,79.9,0,1.9,49.3,6,3,1,1,1,1
CLI04699,Plus,Anual,Cartão,Mídia paga,34,79.9,0,3.9,31.7,7,7,2,0,1,0
CLI04700,Plus,Anual,Cartão,Mídia paga,5,75.9,5,4.4,38.6,12,6,4,2,1,1
CLI04701,Premium,Mensal,Cartão,Busca orgânica,14,113.9,5,2.0,12.7,5,10,1,0,1,0
CLI04702,Essencial,Mensal,Débito automático,Mídia paga,24,42.42,15,3.0,64.9,9,6,2,2,1,1
CLI04703,Essencial,Mensal,Cartão,Busca orgânica,8,49.9,0,1.5,49.1,12,7,0,0,1,0
CLI04704,Essencial,Anual,Pix,Indicação,6,39.92,20,3.8,12.8,3,6,0,0,0,0
CLI04705,Essencial,Mensal,Cartão,Mídia paga,14,49.9,0,4.0,15.1,7,5,2,0,0,0
CLI04706,Essencial,Mensal,Débito automático,Parceiro,24,49.9,0,5.0,9.1,5,8,0,0,0,0
CLI04707,Essencial,Mensal,Débito automático,Indicação,39,49.9,0,3.2,10.9,8,5,2,0,0,0
CLI04708,Essencial,Mensal,Cartão,Mídia paga,39,44.91,10,3.8,41.6,9,8,1,1,0,0
CLI04709,Essencial,Anual,Cartão,Mídia paga,22,49.9,0,5.0,17.1,4,9,0,0,0,0
CLI04710,Essencial,Mensal,Pix,Mídia paga,26,49.9,0,11.8,23.2,12,7,2,0,0,0
CLI04711,Plus,Mensal,Cartão,Busca orgânica,7,75.9,5,1.7,41.9,10,7,1,0,0,0
CLI04712,Essencial,Mensal,Cartão,Indicação,73,49.9,0,8.9,19.8,6,10,0,0,0,0
CLI04713,Plus,Mensal,Pix,Indicação,58,71.91,10,0.9,34.9,5,8,1,0,1,0
CLI04714,Premium,Mensal,Pix,Busca orgânica,30,113.9,5,3.4,19.3,3,8,1,0,0,0
CLI04715,Plus,Mensal,Débito automático,Mídia paga,19,79.9,0,6.5,6.4,5,7,0,1,0,0
CLI04716,Essencial,Mensal,Cartão,Busca orgânica,47,42.42,15,1.8,67.4,11,4,1,0,0,1
CLI04717,Essencial,Mensal,Cartão,Busca orgânica,74,49.9,0,2.9,48.2,7,7,0,0,1,0
CLI04718,Plus,Mensal,Pix,Mídia paga,33,79.9,0,6.9,21.1,9,9,1,0,0,0
CLI04719,Plus,Mensal,Débito automático,Indicação,40,71.91,10,1.6,35.2,5,8,0,0,1,0
CLI04720,Essencial,Mensal,Cartão,Mídia paga,16,42.42,15,6.0,18.1,8,7,0,0,0,1
CLI04721,Essencial,Mensal,Cartão,Mídia paga,9,47.4,5,2.0,17.3,11,10,0,0,0,0
CLI04722,Plus,Anual,Cartão,Mídia paga,22,67.92,15,10.0,8.7,2,7,0,0,0,0
CLI04723,Essencial,Mensal,Cartão,Busca orgânica,36,49.9,0,3.6,34.0,5,8,0,1,1,0
CLI04724,Plus,Mensal,Boleto,Busca orgânica,7,79.9,0,3.8,32.9,7,9,1,2,0,0
CLI04725,Essencial,Anual,Cartão,Busca orgânica,70,44.91,10,0.9,14.9,6,8,1,0,0,0
CLI04726,Essencial,Mensal,Pix,Mídia paga,34,44.91,10,1.7,39.6,13,4,1,0,1,1
CLI04727,Plus,Anual,Cartão,Mídia paga,39,79.9,0,5.1,39.1,8,7,0,1,0,1
CLI04728,Essencial,Mensal,Cartão,Mídia paga,5,44.91,10,4.8,34.1,9,8,1,2,0,1
CLI04729,Plus,Anual,Débito automático,Indicação,17,71.91,10,3.0,24.8,14,7,0,0,0,0
CLI04730,Essencial,Anual,Pix,Mídia paga,26,49.9,0,5.6,30.7,7,5,1,0,0,0
CLI04731,Essencial,Mensal,Cartão,Busca orgânica,10,49.9,0,5.5,10.6,7,6,1,1,0,0
CLI04732,Premium,Mensal,Cartão,Indicação,88,113.9,5,8.1,28.8,10,8,2,1,0,0
CLI04733,Essencial,Anual,Cartão,Indicação,55,47.4,5,1.4,15.1,4,8,1,0,0,0
CLI04734,Essencial,Mensal,Cartão,Mídia paga,27,47.4,5,1.7,26.9,5,6,2,1,1,1
CLI04735,Premium,Mensal,Débito automático,Mídia paga,43,101.92,15,13.8,7.7,2,8,1,0,0,0
CLI04736,Plus,Anual,Cartão,Mídia paga,19,79.9,0,2.5,13.6,7,6,2,0,0,0
CLI04737,Plus,Anual,Cartão,Mídia paga,49,71.91,10,5.4,18.4,8,9,1,0,1,0
CLI04738,Essencial,Anual,Pix,Mídia paga,22,42.42,15,2.1,8.6,5,9,2,0,0,0
CLI04739,Essencial,Anual,Débito automático,Mídia paga,67,49.9,0,3.7,53.0,10,6,0,1,0,0
CLI04740,Plus,Anual,Cartão,Mídia paga,15,71.91,10,3.3,19.7,9,8,1,0,0,0
CLI04741,Essencial,Anual,Pix,Indicação,8,44.91,10,4.0,23.1,4,8,1,0,0,0
CLI04742,Essencial,Anual,Cartão,Mídia paga,24,49.9,0,4.6,33.3,8,5,1,0,1,0
CLI04743,Plus,Anual,Cartão,Mídia paga,14,75.9,5,1.9,58.3,9,6,1,0,0,0
CLI04744,Essencial,Mensal,Cartão,Busca orgânica,33,49.9,0,0.8,7.1,7,7,1,1,0,0
CLI04745,Essencial,Mensal,Débito automático,Indicação,12,44.91,10,9.3,1.0,4,8,0,1,0,0
CLI04746,Essencial,Mensal,Cartão,Busca orgânica,88,49.9,0,2.0,10.8,8,7,0,0,0,0
CLI04747,Essencial,Mensal,Boleto,Indicação,8,49.9,0,1.3,30.1,5,7,1,2,0,1
CLI04748,Plus,Anual,Cartão,Mídia paga,34,75.9,5,7.1,79.3,15,6,1,0,0,1
CLI04749,Premium,Anual,Débito automático,Busca orgânica,19,113.9,5,5.3,15.8,7,8,3,0,1,0
CLI04750,Essencial,Mensal,Cartão,Parceiro,61,47.4,5,2.7,10.5,4,7,1,2,0,0
CLI04751,Essencial,Mensal,Cartão,Busca orgânica,20,44.91,10,1.0,15.7,6,9,0,2,0,0
CLI04752,Plus,Mensal,Débito automático,Mídia paga,20,67.92,15,5.4,29.6,4,9,1,1,0,0
CLI04753,Essencial,Mensal,Cartão,Mídia paga,19,47.4,5,1.8,10.6,6,7,0,1,0,0
CLI04754,Plus,Anual,Pix,Mídia paga,35,71.91,10,2.5,1.6,2,5,1,1,0,0
CLI04755,Premium,Mensal,Débito automático,Busca orgânica,18,119.9,0,2.1,36.5,8,4,0,0,0,0
CLI04756,Plus,Mensal,Débito automático,Busca orgânica,16,67.92,15,7.2,8.6,7,9,1,0,0,0
CLI04757,Essencial,Mensal,Débito automático,Indicação,8,49.9,0,2.4,9.2,8,7,0,0,0,0
CLI04758,Premium,Mensal,Cartão,Mídia paga,13,107.91,10,4.1,21.0,7,6,0,1,0,0
CLI04759,Essencial,Mensal,Pix,Busca orgânica,42,39.92,20,3.6,59.2,13,5,1,0,0,0
CLI04760,Premium,Anual,Pix,Busca orgânica,14,107.91,10,8.6,21.5,6,6,1,0,1,0
CLI04761,Plus,Anual,Pix,Parceiro,28,75.9,5,7.6,38.8,6,9,0,0,0,0
CLI04762,Plus,Anual,Pix,Mídia paga,5,75.9,5,4.9,14.2,5,6,1,0,1,1
CLI04763,Premium,Mensal,Débito automático,Busca orgânica,41,119.9,0,7.5,10.5,4,8,1,0,0,0
CLI04764,Plus,Mensal,Débito automático,Busca orgânica,96,71.91,10,4.5,57.1,7,7,0,2,1,1
CLI04765,Essencial,Anual,Cartão,Mídia paga,10,47.4,5,1.7,24.8,14,6,2,0,1,0
CLI04766,Essencial,Anual,Cartão,Mídia paga,12,44.91,10,6.2,15.9,6,7,1,0,1,0
CLI04767,Plus,Mensal,Cartão,Mídia paga,20,79.9,0,4.1,49.3,8,8,0,0,0,0
CLI04768,Plus,Anual,Cartão,Busca orgânica,6,71.91,10,12.8,16.6,5,6,0,1,0,0
CLI04769,Essencial,Mensal,Débito automático,Parceiro,11,49.9,0,4.8,44.6,12,4,1,0,0,0
CLI04770,Plus,Mensal,Cartão,Indicação,39,75.9,5,2.0,23.0,5,8,1,0,0,0
CLI04771,Plus,Anual,Cartão,Busca orgânica,25,79.9,0,9.2,52.4,10,6,1,0,0,0
CLI04772,Essencial,Anual,Boleto,Indicação,25,44.91,10,3.5,46.9,7,4,0,2,1,0
CLI04773,Essencial,Anual,Boleto,Busca orgânica,5,49.9,0,2.4,42.4,11,7,0,1,0,0
CLI04774,Essencial,Mensal,Pix,Busca orgânica,8,44.91,10,1.2,11.1,2,8,3,0,0,0
CLI04775,Essencial,Mensal,Cartão,Busca orgânica,17,42.42,15,3.1,11.6,5,6,1,0,1,0
CLI04776,Essencial,Anual,Cartão,Indicação,55,44.91,10,2.3,16.4,7,5,0,1,0,0
CLI04777,Essencial,Anual,Cartão,Indicação,17,44.91,10,5.1,75.7,10,4,1,1,0,0
CLI04778,Essencial,Mensal,Cartão,Parceiro,29,42.42,15,4.5,13.7,4,7,1,1,0,0
CLI04779,Essencial,Mensal,Cartão,Mídia paga,14,39.92,20,3.1,60.1,11,3,0,3,0,1
CLI04780,Plus,Mensal,Débito automático,Mídia paga,24,79.9,0,1.4,14.7,4,7,0,0,0,1
CLI04781,Essencial,Mensal,Cartão,Mídia paga,72,47.4,5,2.9,36.2,9,6,1,2,0,1
CLI04782,Premium,Anual,Cartão,Mídia paga,32,119.9,0,3.0,21.3,12,9,0,0,0,0
CLI04783,Premium,Mensal,Débito automático,Indicação,20,119.9,0,5.5,21.0,8,5,1,0,1,0
CLI04784,Plus,Mensal,Cartão,Parceiro,37,79.9,0,3.1,10.8,6,7,3,0,0,0
CLI04785,Premium,Mensal,Cartão,Busca orgânica,37,107.91,10,14.0,37.8,10,7,1,1,0,0
CLI04786,Premium,Mensal,Cartão,Busca orgânica,34,101.92,15,2.3,2.9,5,8,1,1,0,0
CLI04787,Essencial,Mensal,Cartão,Parceiro,17,42.42,15,2.0,31.7,12,7,0,1,0,0
CLI04788,Plus,Mensal,Pix,Indicação,7,79.9,0,6.3,42.4,7,9,1,2,0,0
CLI04789,Essencial,Anual,Cartão,Busca orgânica,22,47.4,5,5.8,12.6,5,7,2,0,0,0
CLI04790,Plus,Mensal,Cartão,Mídia paga,11,63.92,20,12.0,20.4,10,7,1,1,1,0
CLI04791,Plus,Anual,Débito automático,Busca orgânica,10,75.9,5,7.0,37.7,7,6,0,0,1,0
CLI04792,Essencial,Mensal,Débito automático,Busca orgânica,28,39.92,20,4.7,11.7,3,5,1,0,0,0
CLI04793,Essencial,Mensal,Pix,Parceiro,24,49.9,0,6.4,17.5,4,6,1,1,0,0
CLI04794,Premium,Mensal,Débito automático,Parceiro,37,113.9,5,14.3,21.9,7,6,1,0,1,0
CLI04795,Essencial,Anual,Pix,Parceiro,34,47.4,5,8.9,23.5,6,7,0,0,1,0
CLI04796,Essencial,Mensal,Cartão,Indicação,37,42.42,15,8.6,49.0,5,6,1,1,1,0
CLI04797,Essencial,Mensal,Pix,Mídia paga,92,49.9,0,4.2,66.8,11,5,0,2,1,0
CLI04798,Plus,Mensal,Cartão,Mídia paga,17,75.9,5,2.4,5.5,6,9,1,2,1,0
CLI04799,Premium,Mensal,Cartão,Mídia paga,33,107.91,10,10.4,19.0,2,8,1,1,0,0
CLI04800,Plus,Mensal,Boleto,Indicação,28,79.9,0,10.0,39.4,7,5,2,0,0,0
CLI04801,Essencial,Mensal,Cartão,Mídia paga,5,47.4,5,4.1,11.4,4,8,0,2,0,0
CLI04802,Essencial,Mensal,Cartão,Indicação,22,42.42,15,4.4,54.8,11,6,1,0,0,0
CLI04803,Essencial,Mensal,Cartão,Parceiro,10,49.9,0,1.2,33.5,10,5,1,0,1,0
CLI04804,Plus,Anual,Débito automático,Mídia paga,42,75.9,5,4.5,4.3,3,8,0,0,0,0
CLI04805,Plus,Mensal,Cartão,Mídia paga,16,79.9,0,3.1,65.5,11,5,1,1,0,0
CLI04806,Plus,Anual,Boleto,Busca orgânica,13,63.92,20,2.2,13.6,7,6,0,0,1,0
CLI04807,Essencial,Mensal,Cartão,Busca orgânica,54,44.91,10,2.3,21.5,5,7,1,1,0,0
CLI04808,Plus,Mensal,Débito automático,Busca orgânica,30,63.92,20,7.3,22.4,5,8,1,0,0,0
CLI04809,Essencial,Anual,Cartão,Mídia paga,35,42.42,15,3.2,1.1,5,6,1,0,1,0
CLI04810,Plus,Mensal,Cartão,Mídia paga,28,71.91,10,2.4,49.5,12,7,1,1,0,0
CLI04811,Plus,Anual,Cartão,Indicação,11,79.9,0,4.0,47.6,7,6,1,1,1,0
CLI04812,Plus,Anual,Cartão,Busca orgânica,8,75.9,5,8.6,43.2,8,6,2,0,0,0
CLI04813,Plus,Anual,Cartão,Busca orgânica,35,79.9,0,9.0,1.6,0,6,2,2,0,0
CLI04814,Premium,Mensal,Cartão,Busca orgânica,50,113.9,5,4.6,15.2,4,5,1,0,1,0
CLI04815,Essencial,Anual,Pix,Busca orgânica,20,39.92,20,5.4,63.8,13,3,3,0,0,0
CLI04816,Essencial,Anual,Pix,Indicação,51,49.9,0,5.9,21.9,4,7,2,0,0,0
CLI04817,Essencial,Anual,Cartão,Indicação,20,49.9,0,7.2,8.4,5,7,0,0,0,0
CLI04818,Plus,Mensal,Débito automático,Mídia paga,18,79.9,0,4.6,19.8,4,10,0,0,0,0
CLI04819,Plus,Anual,Débito automático,Busca orgânica,27,75.9,5,1.0,35.2,11,3,2,0,1,0
CLI04820,Plus,Anual,Boleto,Indicação,12,67.92,15,3.7,45.9,8,5,2,0,1,0
CLI04821,Plus,Mensal,Cartão,Mídia paga,39,71.91,10,9.5,0.2,3,7,0,0,0,0
CLI04822,Essencial,Anual,Cartão,Busca orgânica,53,44.91,10,1.4,41.2,6,8,0,0,0,0
CLI04823,Plus,Anual,Boleto,Indicação,11,79.9,0,5.1,4.9,6,6,2,1,1,0
CLI04824,Plus,Anual,Boleto,Indicação,17,79.9,0,1.6,7.5,6,7,1,0,0,0
CLI04825,Essencial,Mensal,Boleto,Busca orgânica,53,49.9,0,2.1,41.5,3,7,2,1,0,1
CLI04826,Essencial,Mensal,Pix,Mídia paga,14,49.9,0,0.9,12.3,6,7,3,1,0,1
CLI04827,Essencial,Anual,Pix,Indicação,14,42.42,15,4.2,70.7,14,6,1,1,0,0
CLI04828,Essencial,Mensal,Boleto,Parceiro,66,44.91,10,2.8,16.6,6,6,0,1,0,1
CLI04829,Plus,Anual,Pix,Busca orgânica,74,79.9,0,2.3,10.9,7,9,0,0,0,0
CLI04830,Premium,Anual,Cartão,Mídia paga,29,113.9,5,6.1,8.9,3,4,2,2,1,1
CLI04831,Plus,Mensal,Boleto,Parceiro,27,71.91,10,5.3,19.4,3,7,1,0,0,0
CLI04832,Essencial,Anual,Débito automático,Busca orgânica,76,42.42,15,1.4,80.0,16,4,1,0,0,0
CLI04833,Plus,Mensal,Cartão,Mídia paga,55,79.9,0,2.5,25.6,3,4,0,0,1,0
CLI04834,Plus,Anual,Cartão,Busca orgânica,77,79.9,0,2.9,38.5,10,6,1,0,0,0
CLI04835,Essencial,Anual,Débito automático,Indicação,16,49.9,0,0.7,52.7,0,7,0,0,0,0
CLI04836,Premium,Mensal,Cartão,Mídia paga,19,119.9,0,11.0,18.1,4,8,0,2,1,0
CLI04837,Essencial,Mensal,Débito automático,Indicação,4,49.9,0,4.8,36.3,6,8,0,0,0,0
CLI04838,Essencial,Mensal,Cartão,Mídia paga,5,42.42,15,1.5,8.8,3,9,0,0,0,0
CLI04839,Essencial,Mensal,Cartão,Mídia paga,6,39.92,20,2.7,38.9,5,6,0,3,0,0
CLI04840,Essencial,Anual,Débito automático,Mídia paga,19,44.91,10,0.3,10.1,6,6,0,0,1,0
CLI04841,Premium,Mensal,Boleto,Mídia paga,12,107.91,10,21.6,44.8,4,7,3,2,0,1
CLI04842,Essencial,Mensal,Pix,Mídia paga,28,47.4,5,2.1,64.8,9,1,1,1,0,0
CLI04843,Essencial,Mensal,Cartão,Indicação,15,44.91,10,3.1,46.5,10,6,0,2,0,1
CLI04844,Essencial,Anual,Cartão,Mídia paga,61,42.42,15,3.5,21.8,2,5,1,0,0,0
CLI04845,Essencial,Anual,Cartão,Indicação,12,42.42,15,3.5,34.5,10,7,1,0,1,0
CLI04846,Essencial,Mensal,Boleto,Indicação,4,49.9,0,2.5,26.3,10,6,2,2,1,1
CLI04847,Essencial,Mensal,Cartão,Busca orgânica,7,44.91,10,2.9,27.1,8,7,0,1,0,0
CLI04848,Plus,Mensal,Boleto,Busca orgânica,56,79.9,0,2.9,21.6,5,6,1,0,1,1
CLI04849,Essencial,Mensal,Débito automático,Indicação,12,49.9,0,1.1,68.1,10,6,1,0,0,0
CLI04850,Plus,Mensal,Cartão,Mídia paga,41,79.9,0,2.8,6.2,4,6,1,1,0,0
CLI04851,Essencial,Anual,Cartão,Mídia paga,28,47.4,5,4.9,28.6,4,5,1,1,0,1
CLI04852,Plus,Mensal,Boleto,Parceiro,50,79.9,0,7.8,9.5,2,9,0,0,0,0
CLI04853,Plus,Mensal,Cartão,Mídia paga,65,67.92,15,7.2,42.3,3,6,0,1,1,0
CLI04854,Essencial,Mensal,Débito automático,Mídia paga,30,47.4,5,3.9,0.9,1,9,0,2,0,0
CLI04855,Essencial,Anual,Cartão,Parceiro,30,47.4,5,2.9,25.8,8,10,0,1,1,0
CLI04856,Premium,Mensal,Cartão,Mídia paga,2,107.91,10,3.0,35.9,8,7,0,1,0,0
CLI04857,Plus,Mensal,Cartão,Indicação,26,71.91,10,2.1,17.1,7,6,1,0,0,0
CLI04858,Plus,Anual,Cartão,Indicação,17,71.91,10,0.2,4.3,6,7,1,0,0,0
CLI04859,Essencial,Mensal,Débito automático,Busca orgânica,37,49.9,0,3.5,10.6,2,9,1,1,0,0
CLI04860,Essencial,Anual,Pix,Busca orgânica,41,49.9,0,6.0,16.9,5,8,0,0,0,0
CLI04861,Plus,Anual,Cartão,Parceiro,8,79.9,0,7.3,72.8,20,5,2,0,0,0
CLI04862,Premium,Anual,Pix,Busca orgânica,22,107.91,10,7.6,13.7,1,8,0,0,0,0
CLI04863,Essencial,Mensal,Cartão,Mídia paga,58,49.9,0,4.3,37.1,9,6,0,1,0,0
CLI04864,Plus,Mensal,Boleto,Busca orgânica,41,79.9,0,0.7,34.7,7,6,0,1,0,1
CLI04865,Plus,Anual,Boleto,Parceiro,32,75.9,5,7.3,39.3,4,9,0,1,0,1
CLI04866,Essencial,Mensal,Pix,Indicação,36,49.9,0,2.6,44.7,9,4,0,0,1,0
CLI04867,Essencial,Mensal,Boleto,Busca orgânica,2,47.4,5,7.4,33.9,6,8,1,0,1,0
CLI04868,Essencial,Mensal,Cartão,Parceiro,25,47.4,5,3.7,7.2,0,8,1,1,0,0
CLI04869,Essencial,Mensal,Cartão,Busca orgânica,15,49.9,0,4.6,55.5,6,8,0,0,0,0
CLI04870,Plus,Anual,Cartão,Mídia paga,65,67.92,15,2.2,25.5,3,5,0,2,1,1
CLI04871,Essencial,Anual,Débito automático,Busca orgânica,92,47.4,5,3.3,49.5,7,4,2,0,0,0
CLI04872,Essencial,Anual,Cartão,Mídia paga,15,47.4,5,4.8,53.3,9,5,0,0,0,1
CLI04873,Plus,Mensal,Débito automático,Mídia paga,71,71.91,10,6.0,20.9,6,7,0,0,1,1
CLI04874,Plus,Anual,Cartão,Mídia paga,39,71.91,10,6.7,8.7,8,8,0,1,0,0
CLI04875,Plus,Anual,Cartão,Busca orgânica,2,79.9,0,14.4,7.6,4,9,0,2,0,0
CLI04876,Plus,Mensal,Pix,Mídia paga,59,75.9,5,6.0,24.8,8,8,1,0,0,0
CLI04877,Essencial,Anual,Pix,Busca orgânica,50,42.42,15,4.1,54.0,8,5,1,0,0,0
CLI04878,Plus,Mensal,Cartão,Mídia paga,25,67.92,15,2.6,11.8,7,7,0,1,0,0
CLI04879,Essencial,Mensal,Débito automático,Mídia paga,39,49.9,0,6.9,50.1,10,6,0,0,1,0
CLI04880,Essencial,Mensal,Pix,Indicação,42,49.9,0,0.7,44.8,10,5,1,1,0,0
CLI04881,Essencial,Mensal,Cartão,Mídia paga,65,49.9,0,0.7,3.8,3,9,0,0,0,0
CLI04882,Plus,Mensal,Débito automático,Busca orgânica,66,67.92,15,5.5,10.9,7,6,2,1,0,0
CLI04883,Plus,Mensal,Cartão,Indicação,18,63.92,20,3.4,18.6,3,6,2,1,0,1
CLI04884,Essencial,Mensal,Débito automático,Mídia paga,13,47.4,5,3.6,16.7,5,6,0,0,0,0
CLI04885,Premium,Mensal,Cartão,Mídia paga,15,107.91,10,12.6,1.7,8,8,1,0,1,0
CLI04886,Premium,Mensal,Débito automático,Mídia paga,13,119.9,0,8.9,33.2,10,7,2,1,1,1
CLI04887,Essencial,Anual,Cartão,Parceiro,19,44.91,10,2.8,19.1,4,7,0,2,0,0
CLI04888,Plus,Anual,Cartão,Busca orgânica,19,79.9,0,7.3,10.8,5,8,0,0,0,0
CLI04889,Essencial,Mensal,Pix,Parceiro,12,49.9,0,4.6,27.2,7,9,0,0,1,0
CLI04890,Premium,Anual,Cartão,Mídia paga,22,113.9,5,4.9,12.2,2,8,1,0,0,0
CLI04891,Essencial,Mensal,Pix,Busca orgânica,59,42.42,15,2.0,54.7,9,5,0,0,0,0
CLI04892,Essencial,Mensal,Pix,Mídia paga,26,49.9,0,7.2,63.1,11,5,1,0,1,0
CLI04893,Essencial,Mensal,Cartão,Indicação,8,49.9,0,1.3,22.8,6,9,0,0,1,0
CLI04894,Essencial,Mensal,Cartão,Parceiro,15,44.91,10,10.3,35.9,10,6,1,0,1,0
CLI04895,Plus,Mensal,Débito automático,Busca orgânica,76,79.9,0,6.3,14.1,2,7,0,0,0,0
CLI04896,Plus,Anual,Cartão,Indicação,57,79.9,0,0.6,17.5,6,8,2,0,1,0
CLI04897,Essencial,Anual,Cartão,Mídia paga,12,47.4,5,2.0,2.4,0,8,1,0,1,0
CLI04898,Plus,Anual,Cartão,Indicação,65,79.9,0,4.6,37.4,6,5,0,2,0,0
CLI04899,Premium,Anual,Cartão,Indicação,43,119.9,0,6.3,28.9,5,6,0,0,0,0
CLI04900,Plus,Mensal,Débito automático,Indicação,72,67.92,15,8.2,16.0,10,9,3,0,0,0
CLI04901,Plus,Mensal,Débito automático,Parceiro,6,71.91,10,2.3,49.1,5,6,0,0,1,0
CLI04902,Essencial,Mensal,Pix,Indicação,16,44.91,10,4.3,23.7,8,8,1,0,1,0
CLI04903,Essencial,Mensal,Pix,Busca orgânica,45,49.9,0,2.4,65.8,20,5,1,0,0,1
CLI04904,Premium,Anual,Pix,Busca orgânica,35,107.91,10,5.5,13.6,5,6,2,0,0,0
CLI04905,Plus,Mensal,Débito automático,Parceiro,68,79.9,0,8.8,37.7,3,7,0,0,0,1
CLI04906,Plus,Mensal,Débito automático,Parceiro,51,67.92,15,1.8,22.9,9,8,2,0,0,0
CLI04907,Premium,Mensal,Cartão,Parceiro,5,107.91,10,2.4,1.2,2,8,0,1,0,0
CLI04908,Essencial,Anual,Débito automático,Busca orgânica,38,44.91,10,1.0,47.9,7,8,1,1,0,0
CLI04909,Plus,Mensal,Cartão,Busca orgânica,53,79.9,0,11.7,46.5,11,6,3,0,0,0
CLI04910,Essencial,Anual,Cartão,Mídia paga,10,47.4,5,3.3,4.4,5,5,1,0,0,0
CLI04911,Essencial,Mensal,Cartão,Indicação,29,49.9,0,3.0,41.3,12,8,0,1,0,0
CLI04912,Plus,Mensal,Cartão,Indicação,12,79.9,0,5.0,42.4,8,8,1,0,0,0
CLI04913,Essencial,Mensal,Cartão,Parceiro,33,49.9,0,6.9,15.9,6,8,0,0,0,0
CLI04914,Premium,Anual,Cartão,Indicação,22,119.9,0,3.8,13.8,7,10,2,2,0,0
CLI04915,Essencial,Anual,Cartão,Busca orgânica,26,49.9,0,2.3,22.3,5,7,1,0,1,0
CLI04916,Plus,Mensal,Cartão,Indicação,53,71.91,10,3.6,35.2,8,7,0,0,1,0
CLI04917,Plus,Mensal,Cartão,Indicação,18,79.9,0,9.2,45.6,5,5,1,0,0,0
CLI04918,Plus,Mensal,Cartão,Parceiro,20,67.92,15,1.6,44.0,8,7,1,1,0,0
CLI04919,Premium,Mensal,Débito automático,Indicação,21,113.9,5,3.9,31.2,11,8,0,0,0,0
CLI04920,Essencial,Mensal,Pix,Busca orgânica,31,47.4,5,3.2,18.4,8,8,1,1,0,1
CLI04921,Essencial,Mensal,Cartão,Busca orgânica,18,47.4,5,3.9,3.3,3,10,0,1,0,0
CLI04922,Essencial,Anual,Cartão,Busca orgânica,14,47.4,5,2.7,20.2,4,6,0,2,0,0
CLI04923,Essencial,Anual,Cartão,Mídia paga,46,49.9,0,3.6,29.2,6,6,2,0,0,0
CLI04924,Premium,Anual,Cartão,Mídia paga,20,113.9,5,9.3,23.0,5,9,1,0,0,0
CLI04925,Plus,Anual,Cartão,Mídia paga,24,79.9,0,3.2,6.0,2,10,1,0,0,0
CLI04926,Essencial,Anual,Cartão,Busca orgânica,40,47.4,5,1.8,6.0,2,9,0,1,0,0
CLI04927,Essencial,Anual,Pix,Indicação,16,49.9,0,3.8,49.8,11,9,0,0,0,0
CLI04928,Plus,Mensal,Débito automático,Busca orgânica,8,79.9,0,4.1,10.6,2,7,1,0,1,0
CLI04929,Plus,Mensal,Pix,Parceiro,64,71.91,10,8.0,4.9,2,9,2,0,0,0
CLI04930,Essencial,Mensal,Cartão,Mídia paga,34,44.91,10,8.9,6.2,4,7,1,0,0,0
CLI04931,Plus,Anual,Cartão,Indicação,26,79.9,0,5.5,18.5,6,8,0,0,0,0
CLI04932,Plus,Mensal,Débito automático,Mídia paga,27,75.9,5,2.9,10.6,0,7,1,0,1,0
CLI04933,Plus,Mensal,Débito automático,Mídia paga,73,67.92,15,9.6,36.3,1,7,1,0,0,0
CLI04934,Essencial,Mensal,Débito automático,Mídia paga,41,42.42,15,2.3,43.5,6,9,0,0,0,0
CLI04935,Plus,Mensal,Boleto,Mídia paga,2,79.9,0,17.8,38.3,11,8,0,1,0,0
CLI04936,Essencial,Mensal,Pix,Parceiro,25,49.9,0,1.0,45.8,7,9,2,0,1,0
CLI04937,Essencial,Anual,Cartão,Indicação,28,49.9,0,3.8,44.9,5,7,1,0,0,0
CLI04938,Plus,Mensal,Débito automático,Busca orgânica,26,71.91,10,5.3,18.4,5,7,0,0,0,0
CLI04939,Plus,Anual,Cartão,Parceiro,4,67.92,15,2.7,68.8,8,7,1,0,0,0
CLI04940,Essencial,Mensal,Débito automático,Mídia paga,10,49.9,0,5.7,17.0,4,6,0,0,0,0
CLI04941,Premium,Anual,Cartão,Mídia paga,5,107.91,10,14.8,8.3,4,6,0,0,0,0
CLI04942,Essencial,Mensal,Cartão,Busca orgânica,80,44.91,10,3.9,18.7,7,8,0,0,0,0
CLI04943,Plus,Mensal,Cartão,Indicação,26,79.9,0,3.4,23.3,8,5,0,3,0,0
CLI04944,Premium,Anual,Cartão,Parceiro,29,119.9,0,4.3,26.8,2,8,0,1,0,0
CLI04945,Plus,Anual,Pix,Busca orgânica,22,79.9,0,1.8,3.2,7,10,0,0,0,0
CLI04946,Plus,Anual,Cartão,Mídia paga,6,75.9,5,11.2,16.6,7,6,1,0,1,0
CLI04947,Plus,Anual,Cartão,Busca orgânica,12,79.9,0,2.8,36.9,7,8,0,0,0,0
CLI04948,Plus,Mensal,Cartão,Parceiro,14,79.9,0,1.7,5.3,5,6,1,1,1,0
CLI04949,Plus,Mensal,Débito automático,Busca orgânica,80,63.92,20,3.8,50.0,6,8,0,0,0,0
CLI04950,Plus,Mensal,Débito automático,Parceiro,23,79.9,0,1.4,52.7,7,5,2,1,1,1
CLI04951,Essencial,Anual,Débito automático,Busca orgânica,16,49.9,0,6.4,17.7,4,7,0,0,0,0
CLI04952,Plus,Anual,Cartão,Parceiro,51,71.91,10,5.2,45.8,7,4,0,0,0,0
CLI04953,Essencial,Anual,Cartão,Busca orgânica,20,39.92,20,2.9,17.7,3,6,0,0,0,0
CLI04954,Premium,Anual,Cartão,Mídia paga,8,107.91,10,1.7,39.8,6,7,2,0,0,0
CLI04955,Essencial,Mensal,Cartão,Mídia paga,12,44.91,10,0.5,6.7,8,7,2,0,0,0
CLI04956,Essencial,Mensal,Cartão,Indicação,51,49.9,0,4.2,15.4,3,5,2,0,0,0
CLI04957,Premium,Mensal,Débito automático,Busca orgânica,17,119.9,0,7.4,10.9,5,8,1,0,1,0
CLI04958,Essencial,Mensal,Pix,Mídia paga,31,39.92,20,4.3,26.5,8,8,0,0,1,0
CLI04959,Essencial,Anual,Cartão,Mídia paga,23,39.92,20,1.7,48.2,3,5,1,1,1,0
CLI04960,Plus,Mensal,Pix,Busca orgânica,43,79.9,0,1.6,2.4,5,8,0,3,0,0
CLI04961,Essencial,Anual,Cartão,Indicação,20,44.91,10,5.3,42.4,11,6,0,0,0,0
CLI04962,Essencial,Anual,Cartão,Mídia paga,14,49.9,0,2.3,36.3,12,7,2,0,0,0
CLI04963,Plus,Mensal,Débito automático,Mídia paga,12,79.9,0,1.6,15.7,4,9,0,0,0,0
CLI04964,Essencial,Anual,Débito automático,Mídia paga,45,44.91,10,4.2,49.8,6,8,0,1,1,0
CLI04965,Essencial,Mensal,Débito automático,Busca orgânica,16,47.4,5,2.5,37.7,7,7,2,0,0,0
CLI04966,Essencial,Anual,Boleto,Busca orgânica,30,49.9,0,4.3,53.2,10,5,2,1,1,1
CLI04967,Essencial,Mensal,Cartão,Busca orgânica,56,47.4,5,6.6,11.2,5,6,2,0,0,0
CLI04968,Essencial,Mensal,Débito automático,Indicação,26,44.91,10,1.5,3.0,4,8,1,0,0,0
CLI04969,Essencial,Mensal,Débito automático,Parceiro,34,47.4,5,6.6,49.8,15,8,2,0,0,0
CLI04970,Plus,Mensal,Cartão,Busca orgânica,17,79.9,0,4.7,20.3,5,6,0,2,0,0
CLI04971,Plus,Anual,Débito automático,Busca orgânica,20,63.92,20,2.6,18.0,10,7,0,0,0,0
CLI04972,Essencial,Anual,Boleto,Busca orgânica,57,42.42,15,3.4,14.5,6,9,1,0,0,0
CLI04973,Essencial,Anual,Pix,Busca orgânica,42,42.42,15,4.0,32.1,7,6,2,0,0,0
CLI04974,Premium,Mensal,Cartão,Mídia paga,22,107.91,10,8.0,7.1,7,6,1,0,0,0
CLI04975,Plus,Anual,Cartão,Mídia paga,26,67.92,15,12.3,12.2,4,4,2,1,0,0
CLI04976,Essencial,Mensal,Débito automático,Mídia paga,21,42.42,15,1.3,16.8,5,6,0,0,0,0
CLI04977,Plus,Mensal,Débito automático,Indicação,39,75.9,5,6.5,31.8,6,4,1,0,0,0
CLI04978,Essencial,Anual,Cartão,Mídia paga,16,47.4,5,2.0,35.0,6,9,0,1,0,0
CLI04979,Plus,Anual,Cartão,Parceiro,39,71.91,10,7.8,53.1,8,3,2,0,1,0
CLI04980,Premium,Anual,Cartão,Parceiro,71,119.9,0,16.1,5.8,1,8,2,0,1,0
CLI04981,Premium,Anual,Cartão,Indicação,28,119.9,0,5.2,51.5,7,6,0,0,1,0
CLI04982,Essencial,Mensal,Débito automático,Busca orgânica,9,42.42,15,3.8,2.9,6,10,0,0,0,0
CLI04983,Essencial,Mensal,Pix,Parceiro,23,47.4,5,9.3,14.0,5,8,0,0,1,0
CLI04984,Essencial,Mensal,Pix,Mídia paga,67,49.9,0,2.2,13.7,5,9,1,1,1,0
CLI04985,Essencial,Mensal,Pix,Indicação,26,39.92,20,7.4,21.6,4,7,0,1,1,0
CLI04986,Essencial,Mensal,Pix,Mídia paga,11,44.91,10,5.3,9.0,4,6,2,1,0,0
CLI04987,Plus,Mensal,Débito automático,Mídia paga,23,71.91,10,9.3,14.7,6,10,0,0,0,0
CLI04988,Essencial,Mensal,Cartão,Mídia paga,60,39.92,20,2.0,7.2,4,9,1,0,1,0
CLI04989,Premium,Mensal,Cartão,Busca orgânica,16,101.92,15,4.5,17.5,7,9,0,0,0,0
CLI04990,Essencial,Anual,Débito automático,Mídia paga,61,49.9,0,4.5,13.5,6,7,3,0,0,0
CLI04991,Essencial,Mensal,Pix,Mídia paga,21,44.91,10,4.1,17.6,6,9,0,0,0,0
CLI04992,Premium,Mensal,Cartão,Busca orgânica,96,119.9,0,8.9,15.4,2,10,0,0,0,0
CLI04993,Plus,Anual,Cartão,Mídia paga,17,71.91,10,2.2,40.1,8,5,0,0,0,0
CLI04994,Essencial,Anual,Débito automático,Busca orgânica,13,49.9,0,2.4,33.3,5,8,0,0,0,0
CLI04995,Plus,Mensal,Cartão,Indicação,2,79.9,0,3.0,13.8,6,7,1,1,0,0
CLI04996,Essencial,Mensal,Pix,Mídia paga,24,42.42,15,2.3,52.9,11,6,1,0,0,0
CLI04997,Essencial,Anual,Cartão,Busca orgânica,21,49.9,0,5.6,18.9,7,7,1,0,0,0
CLI04998,Plus,Anual,Débito automático,Indicação,67,63.92,20,7.1,24.4,5,9,0,1,0,0
CLI04999,Essencial,Mensal,Pix,Mídia paga,46,49.9,0,2.7,18.3,4,10,0,0,1,0
CLI05000,Plus,Mensal,Débito automático,Mídia paga,59,79.9,0,2.6,21.4,2,7,1,1,0,0
CLI05001,Essencial,Mensal,Débito automático,Mídia paga,51,49.9,0,6.1,2.8,6,9,1,0,0,0
CLI05002,Plus,Mensal,Débito automático,Busca orgânica,25,71.91,10,1.0,2.3,5,7,0,1,0,0
CLI05003,Plus,Mensal,Cartão,Mídia paga,96,75.9,5,17.5,42.5,12,7,0,1,1,0
CLI05004,Essencial,Anual,Cartão,Indicação,23,47.4,5,1.2,24.2,7,6,0,0,0,0
CLI05005,Essencial,Mensal,Boleto,Indicação,34,42.42,15,4.0,38.4,7,7,1,0,1,0
CLI05006,Essencial,Mensal,Débito automático,Busca orgânica,81,47.4,5,10.7,14.1,8,9,3,0,0,0
CLI05007,Plus,Anual,Débito automático,Busca orgânica,47,63.92,20,7.5,60.3,10,3,1,0,0,0
CLI05008,Plus,Mensal,Boleto,Mídia paga,28,79.9,0,6.1,11.5,5,8,0,2,0,0
CLI05009,Plus,Mensal,Pix,Indicação,38,79.9,0,1.5,30.6,9,8,1,0,0,1
CLI05010,Essencial,Mensal,Pix,Mídia paga,16,44.91,10,8.9,6.9,6,8,1,1,1,0
CLI05011,Essencial,Mensal,Débito automático,Parceiro,19,42.42,15,1.9,45.3,13,7,1,0,1,1
CLI05012,Plus,Mensal,Cartão,Indicação,34,71.91,10,9.8,17.8,5,7,0,0,0,0
CLI05013,Essencial,Anual,Débito automático,Mídia paga,11,49.9,0,1.4,27.2,6,6,1,0,1,1
CLI05014,Plus,Mensal,Débito automático,Mídia paga,15,67.92,15,6.2,17.3,1,7,0,0,1,0
CLI05015,Essencial,Anual,Pix,Busca orgânica,5,49.9,0,0.7,31.5,4,7,1,0,1,0
CLI05016,Essencial,Mensal,Cartão,Busca orgânica,25,47.4,5,2.6,24.0,8,8,0,0,0,0
CLI05017,Plus,Anual,Débito automático,Mídia paga,28,71.91,10,3.9,20.3,5,8,0,0,1,0
CLI05018,Plus,Mensal,Boleto,Indicação,52,75.9,5,4.9,27.5,8,6,0,1,0,0
CLI05019,Plus,Anual,Cartão,Mídia paga,13,67.92,15,3.0,30.0,7,6,1,0,0,0
CLI05020,Essencial,Mensal,Cartão,Busca orgânica,19,44.91,10,4.0,6.5,3,8,1,0,0,0
CLI05021,Premium,Mensal,Débito automático,Indicação,43,101.92,15,1.0,18.0,3,8,2,0,0,0
CLI05022,Premium,Mensal,Débito automático,Mídia paga,49,119.9,0,4.5,23.7,9,8,0,1,1,0
CLI05023,Premium,Mensal,Débito automático,Busca orgânica,47,107.91,10,3.3,62.9,5,5,0,0,1,0
CLI05024,Plus,Anual,Pix,Mídia paga,14,71.91,10,4.3,16.7,3,7,0,0,0,1
CLI05025,Plus,Mensal,Cartão,Mídia paga,6,75.9,5,10.4,56.2,13,3,3,0,0,1
CLI05026,Plus,Mensal,Cartão,Indicação,28,75.9,5,1.4,37.0,7,8,0,1,0,0
CLI05027,Essencial,Anual,Boleto,Mídia paga,25,42.42,15,3.7,21.7,8,6,1,0,0,0
CLI05028,Essencial,Mensal,Cartão,Busca orgânica,29,49.9,0,1.5,1.2,3,9,0,0,1,0
CLI05029,Plus,Mensal,Cartão,Mídia paga,33,79.9,0,6.4,28.9,8,5,0,1,0,0
CLI05030,Essencial,Anual,Cartão,Busca orgânica,37,47.4,5,4.1,21.9,6,5,1,0,1,0
CLI05031,Essencial,Anual,Cartão,Indicação,37,42.42,15,5.4,12.4,10,8,0,0,0,0
CLI05032,Premium,Mensal,Cartão,Mídia paga,20,95.92,20,9.3,53.3,11,5,1,0,0,0
CLI05033,Essencial,Mensal,Débito automático,Parceiro,22,42.42,15,2.3,7.1,8,8,3,0,0,0
CLI05034,Plus,Mensal,Cartão,Busca orgânica,17,71.91,10,1.0,33.3,12,8,1,0,0,0
CLI05035,Plus,Mensal,Pix,Busca orgânica,44,79.9,0,8.0,24.4,4,8,1,0,0,0
CLI05036,Essencial,Anual,Cartão,Mídia paga,11,44.91,10,8.9,8.1,6,8,2,0,0,0
CLI05037,Premium,Anual,Débito automático,Indicação,77,107.91,10,3.0,13.2,5,6,2,0,1,0
CLI05038,Essencial,Mensal,Cartão,Mídia paga,25,47.4,5,4.6,61.4,8,7,0,1,0,0
CLI05039,Premium,Mensal,Cartão,Indicação,25,101.92,15,2.3,39.2,5,8,2,1,0,0
CLI05040,Plus,Anual,Cartão,Indicação,22,63.92,20,5.5,25.1,6,7,0,0,0,0
CLI05041,Essencial,Mensal,Boleto,Indicação,45,39.92,20,8.5,20.6,7,9,1,0,0,0
CLI05042,Essencial,Anual,Débito automático,Busca orgânica,27,49.9,0,4.5,32.9,4,7,0,0,1,0
CLI05043,Essencial,Mensal,Pix,Mídia paga,18,49.9,0,1.4,37.5,11,6,1,0,1,0
CLI05044,Essencial,Mensal,Cartão,Mídia paga,44,49.9,0,1.6,23.0,1,7,2,1,1,0
CLI05045,Essencial,Anual,Cartão,Indicação,16,49.9,0,5.6,10.9,6,10,1,1,0,0
CLI05046,Premium,Anual,Boleto,Indicação,46,107.91,10,5.3,50.4,21,8,0,1,0,0
CLI05047,Essencial,Mensal,Cartão,Busca orgânica,7,47.4,5,4.0,53.0,7,7,0,0,0,0
CLI05048,Premium,Anual,Débito automático,Mídia paga,59,113.9,5,3.1,6.8,4,7,1,0,0,0
CLI05049,Essencial,Mensal,Débito automático,Mídia paga,15,44.91,10,3.0,16.8,7,10,0,0,0,0
CLI05050,Premium,Mensal,Débito automático,Indicação,9,119.9,0,14.7,0.9,5,8,1,0,0,0
CLI05051,Essencial,Mensal,Cartão,Mídia paga,21,39.92,20,5.3,20.2,5,8,0,0,1,0
CLI05052,Essencial,Mensal,Cartão,Mídia paga,19,49.9,0,3.9,14.3,1,7,0,0,0,0
CLI05053,Plus,Anual,Cartão,Parceiro,33,79.9,0,6.5,28.5,4,6,0,1,1,0
CLI05054,Essencial,Mensal,Boleto,Mídia paga,9,42.42,15,7.1,9.7,4,8,1,0,0,0
CLI05055,Plus,Mensal,Débito automático,Busca orgânica,32,71.91,10,7.1,7.5,7,9,0,0,1,0
CLI05056,Essencial,Mensal,Cartão,Indicação,20,49.9,0,5.0,21.9,7,4,2,1,0,0
CLI05057,Plus,Anual,Boleto,Parceiro,27,79.9,0,1.2,13.6,2,6,1,2,1,0
CLI05058,Plus,Anual,Cartão,Indicação,11,71.91,10,8.2,10.4,2,6,0,2,0,0
CLI05059,Plus,Mensal,Cartão,Busca orgânica,26,71.91,10,3.5,64.2,15,5,1,0,0,0
CLI05060,Essencial,Mensal,Cartão,Busca orgânica,15,42.42,15,3.8,35.0,9,6,2,1,0,0
CLI05061,Essencial,Anual,Débito automático,Mídia paga,6,49.9,0,2.5,26.0,9,7,1,1,0,0
CLI05062,Essencial,Mensal,Cartão,Mídia paga,39,42.42,15,2.9,23.3,6,9,0,0,0,0
CLI05063,Essencial,Anual,Cartão,Mídia paga,13,49.9,0,6.8,12.5,6,7,1,2,1,0
CLI05064,Essencial,Mensal,Cartão,Indicação,32,49.9,0,6.4,3.1,2,8,0,1,1,0
CLI05065,Premium,Anual,Cartão,Mídia paga,13,107.91,10,3.8,35.1,9,8,0,0,0,0
CLI05066,Plus,Mensal,Pix,Parceiro,25,67.92,15,2.5,11.8,6,8,0,0,0,0
CLI05067,Plus,Mensal,Cartão,Indicação,95,75.9,5,3.6,31.7,6,9,0,2,0,0
CLI05068,Essencial,Mensal,Débito automático,Indicação,51,49.9,0,3.8,33.5,11,7,1,0,1,0
CLI05069,Essencial,Mensal,Boleto,Parceiro,72,44.91,10,1.7,46.6,11,6,2,0,0,0
CLI05070,Plus,Mensal,Cartão,Busca orgânica,53,75.9,5,2.9,25.5,5,4,2,0,0,1
CLI05071,Essencial,Anual,Boleto,Busca orgânica,24,39.92,20,2.8,38.0,7,7,2,0,0,0
CLI05072,Essencial,Mensal,Débito automático,Busca orgânica,45,47.4,5,2.2,1.2,6,8,0,0,1,0
CLI05073,Essencial,Mensal,Débito automático,Mídia paga,22,44.91,10,4.3,20.1,7,10,1,0,0,0
CLI05074,Plus,Mensal,Cartão,Mídia paga,9,67.92,15,5.7,46.8,11,5,0,0,0,1
CLI05075,Premium,Mensal,Débito automático,Mídia paga,30,119.9,0,5.8,63.3,15,5,2,1,0,1
CLI05076,Essencial,Mensal,Pix,Busca orgânica,7,49.9,0,2.6,48.5,12,8,1,0,1,0
CLI05077,Plus,Mensal,Cartão,Busca orgânica,22,71.91,10,1.5,10.9,6,6,1,0,0,0
CLI05078,Essencial,Anual,Débito automático,Busca orgânica,56,44.91,10,1.7,15.8,2,5,2,0,1,0
CLI05079,Essencial,Anual,Cartão,Busca orgânica,49,42.42,15,1.1,29.0,6,7,0,0,0,0
CLI05080,Plus,Mensal,Débito automático,Mídia paga,22,79.9,0,6.9,20.9,8,10,0,0,0,0
CLI05081,Essencial,Anual,Pix,Mídia paga,72,47.4,5,3.8,14.7,8,8,1,0,1,0
CLI05082,Plus,Mensal,Pix,Parceiro,35,79.9,0,0.9,35.4,7,7,1,0,1,0
CLI05083,Essencial,Mensal,Cartão,Indicação,40,44.91,10,7.4,32.0,7,7,1,1,0,0
CLI05084,Essencial,Anual,Débito automático,Indicação,19,49.9,0,1.8,10.9,4,9,0,0,0,0
CLI05085,Premium,Anual,Cartão,Mídia paga,44,113.9,5,0.9,2.3,2,10,0,0,0,0
CLI05086,Essencial,Mensal,Débito automático,Mídia paga,23,47.4,5,4.4,46.8,9,6,0,0,1,0
CLI05087,Plus,Mensal,Débito automático,Indicação,12,75.9,5,1.5,12.2,5,8,1,0,1,0
CLI05088,Essencial,Mensal,Cartão,Parceiro,36,49.9,0,2.0,24.0,15,9,0,0,0,0
CLI05089,Premium,Mensal,Pix,Mídia paga,26,107.91,10,3.7,53.7,14,8,2,0,0,0
CLI05090,Essencial,Anual,Boleto,Busca orgânica,24,47.4,5,4.1,37.8,9,2,3,0,0,0
CLI05091,Essencial,Mensal,Boleto,Mídia paga,38,49.9,0,6.7,48.0,6,6,1,0,0,0
CLI05092,Plus,Anual,Cartão,Mídia paga,7,71.91,10,4.0,32.6,15,6,4,0,0,1
CLI05093,Essencial,Anual,Cartão,Busca orgânica,16,39.92,20,2.0,15.8,5,8,1,0,1,0
CLI05094,Essencial,Mensal,Cartão,Busca orgânica,33,39.92,20,1.4,44.4,9,9,1,0,0,0
CLI05095,Premium,Anual,Débito automático,Busca orgânica,11,101.92,15,8.7,17.6,4,6,0,0,0,0
CLI05096,Plus,Anual,Cartão,Busca orgânica,14,71.91,10,2.6,30.9,8,9,0,1,0,0
CLI05097,Plus,Mensal,Cartão,Mídia paga,44,71.91,10,4.9,18.5,5,4,2,0,1,0
CLI05098,Plus,Mensal,Cartão,Busca orgânica,9,71.91,10,6.2,0.5,3,7,0,2,0,0
CLI05099,Premium,Anual,Boleto,Indicação,51,113.9,5,16.4,44.7,8,8,1,1,1,0
CLI05100,Premium,Anual,Cartão,Mídia paga,38,119.9,0,16.1,67.1,13,6,0,0,1,0
CLI05101,Plus,Mensal,Débito automático,Indicação,41,71.91,10,2.6,15.8,3,9,0,1,0,0
CLI05102,Essencial,Anual,Cartão,Mídia paga,10,44.91,10,6.6,27.7,5,7,1,0,0,0
CLI05103,Essencial,Anual,Pix,Mídia paga,52,44.91,10,6.4,8.6,5,8,0,0,1,0
CLI05104,Plus,Anual,Pix,Mídia paga,29,63.92,20,3.8,19.5,6,8,0,0,0,0
CLI05105,Premium,Mensal,Boleto,Busca orgânica,73,113.9,5,11.3,38.4,7,8,2,0,0,0
CLI05106,Essencial,Mensal,Débito automático,Indicação,39,42.42,15,3.7,79.3,11,5,0,0,0,0
CLI05107,Essencial,Anual,Cartão,Mídia paga,24,49.9,0,4.3,22.2,2,8,1,0,0,0
CLI05108,Essencial,Mensal,Cartão,Indicação,7,49.9,0,8.5,26.1,3,7,1,1,0,0
CLI05109,Plus,Mensal,Cartão,Mídia paga,34,75.9,5,3.1,24.5,9,7,0,0,1,0
CLI05110,Premium,Mensal,Cartão,Indicação,48,95.92,20,6.5,2.8,2,8,0,1,1,0
CLI05111,Essencial,Mensal,Boleto,Mídia paga,44,39.92,20,9.5,26.5,6,6,0,2,0,0
CLI05112,Plus,Anual,Cartão,Indicação,11,75.9,5,10.2,33.0,6,6,2,0,0,0
CLI05113,Plus,Mensal,Débito automático,Indicação,71,71.91,10,7.2,6.5,5,8,1,0,0,0
CLI05114,Premium,Anual,Cartão,Busca orgânica,16,113.9,5,7.4,19.3,7,8,2,0,0,0
CLI05115,Essencial,Mensal,Débito automático,Mídia paga,50,42.42,15,6.1,32.3,5,8,1,2,0,1
CLI05116,Premium,Anual,Débito automático,Indicação,13,101.92,15,6.9,10.5,3,8,1,0,0,0
CLI05117,Plus,Mensal,Débito automático,Busca orgânica,13,79.9,0,11.3,1.4,3,7,1,0,1,0
CLI05118,Plus,Mensal,Cartão,Mídia paga,13,79.9,0,2.1,13.9,4,8,0,0,1,0
CLI05119,Essencial,Anual,Débito automático,Busca orgânica,14,49.9,0,3.4,22.2,6,8,0,0,0,0
CLI05120,Plus,Anual,Boleto,Mídia paga,9,67.92,15,2.0,13.7,11,9,2,0,0,0
CLI05121,Plus,Mensal,Cartão,Indicação,11,71.91,10,1.9,92.4,17,6,0,0,1,1
CLI05122,Essencial,Mensal,Boleto,Indicação,3,49.9,0,1.8,45.7,10,6,2,0,0,0
CLI05123,Essencial,Mensal,Débito automático,Indicação,5,44.91,10,2.7,8.6,5,7,0,1,0,0
CLI05124,Plus,Anual,Cartão,Parceiro,82,75.9,5,13.0,6.7,5,9,0,0,0,0
CLI05125,Plus,Mensal,Cartão,Indicação,32,71.91,10,0.9,36.1,11,9,0,0,0,0
CLI05126,Essencial,Anual,Cartão,Indicação,25,44.91,10,2.6,11.5,7,10,0,0,0,0
CLI05127,Essencial,Mensal,Pix,Indicação,31,44.91,10,3.1,45.4,5,7,0,0,0,0
CLI05128,Essencial,Anual,Débito automático,Mídia paga,18,49.9,0,2.9,13.8,4,7,0,0,1,0
CLI05129,Premium,Mensal,Débito automático,Busca orgânica,24,101.92,15,5.3,32.3,4,6,1,0,0,0
CLI05130,Premium,Mensal,Cartão,Mídia paga,19,101.92,15,4.0,52.9,12,9,2,0,0,1
CLI05131,Essencial,Anual,Pix,Busca orgânica,36,49.9,0,2.2,16.0,11,5,0,1,1,0
CLI05132,Essencial,Mensal,Pix,Mídia paga,46,44.91,10,1.5,47.6,10,4,0,0,0,0
CLI05133,Essencial,Anual,Cartão,Parceiro,14,47.4,5,1.2,71.9,11,6,2,0,1,1
CLI05134,Plus,Mensal,Débito automático,Busca orgânica,11,75.9,5,6.0,52.5,12,5,1,0,0,0
CLI05135,Premium,Mensal,Pix,Parceiro,17,119.9,0,3.9,30.5,5,6,0,0,0,0
CLI05136,Plus,Anual,Cartão,Parceiro,15,75.9,5,2.5,15.3,2,6,0,1,0,0
CLI05137,Essencial,Anual,Cartão,Indicação,36,44.91,10,3.0,48.6,8,5,1,0,0,0
CLI05138,Essencial,Mensal,Débito automático,Mídia paga,25,49.9,0,4.4,16.0,1,10,1,0,0,0
CLI05139,Essencial,Mensal,Cartão,Mídia paga,12,47.4,5,3.1,54.1,8,8,0,0,0,0
CLI05140,Premium,Mensal,Cartão,Mídia paga,84,107.91,10,5.3,8.5,4,7,1,3,1,0
CLI05141,Plus,Anual,Boleto,Mídia paga,5,79.9,0,6.7,4.6,7,3,2,0,0,0
CLI05142,Plus,Mensal,Débito automático,Mídia paga,41,63.92,20,8.2,77.8,10,5,0,1,0,1
CLI05143,Essencial,Mensal,Débito automático,Busca orgânica,14,44.91,10,6.2,48.4,7,5,0,1,0,0
CLI05144,Premium,Mensal,Cartão,Mídia paga,19,107.91,10,9.4,19.0,6,7,1,0,0,0
CLI05145,Essencial,Anual,Pix,Indicação,33,47.4,5,3.4,62.2,7,7,0,0,0,0
CLI05146,Premium,Anual,Pix,Mídia paga,2,119.9,0,3.2,31.6,3,5,1,0,1,0
CLI05147,Premium,Anual,Cartão,Indicação,34,101.92,15,8.9,49.0,7,10,1,0,0,0
CLI05148,Plus,Mensal,Cartão,Mídia paga,45,79.9,0,6.3,5.1,1,7,0,1,0,0
CLI05149,Premium,Mensal,Cartão,Mídia paga,53,107.91,10,4.7,30.1,6,4,2,1,1,0
CLI05150,Essencial,Mensal,Pix,Indicação,13,49.9,0,9.7,47.1,13,7,1,1,0,0
CLI05151,Plus,Anual,Boleto,Mídia paga,41,71.91,10,4.1,57.9,9,4,1,1,0,0
CLI05152,Essencial,Mensal,Débito automático,Mídia paga,48,47.4,5,4.0,37.9,6,7,1,0,0,0
CLI05153,Plus,Mensal,Cartão,Indicação,47,75.9,5,4.3,18.3,8,4,0,0,0,0
CLI05154,Essencial,Mensal,Cartão,Busca orgânica,29,39.92,20,2.7,29.2,6,7,1,0,0,0
CLI05155,Essencial,Anual,Pix,Indicação,55,39.92,20,1.8,43.2,5,7,1,0,0,0
CLI05156,Essencial,Mensal,Cartão,Indicação,93,49.9,0,2.2,22.9,5,9,0,2,1,0
CLI05157,Essencial,Mensal,Cartão,Mídia paga,24,42.42,15,4.6,28.9,5,8,0,0,0,0
CLI05158,Plus,Anual,Boleto,Busca orgânica,14,79.9,0,1.0,47.2,13,6,2,1,1,1
CLI05159,Essencial,Anual,Boleto,Mídia paga,30,44.91,10,1.4,44.8,9,7,1,0,0,0
CLI05160,Essencial,Mensal,Boleto,Indicação,18,42.42,15,1.7,42.4,6,6,0,1,0,0
CLI05161,Premium,Anual,Cartão,Indicação,16,119.9,0,6.1,44.5,8,7,1,1,0,0
CLI05162,Premium,Mensal,Débito automático,Mídia paga,74,107.91,10,3.6,28.9,10,7,0,0,0,0
CLI05163,Essencial,Mensal,Débito automático,Busca orgânica,20,44.91,10,3.6,41.0,8,8,0,1,0,0
CLI05164,Essencial,Mensal,Pix,Mídia paga,19,47.4,5,4.1,21.7,7,8,0,0,0,0
CLI05165,Plus,Anual,Cartão,Indicação,17,67.92,15,1.8,27.1,10,10,0,0,0,0
CLI05166,Plus,Anual,Cartão,Mídia paga,32,71.91,10,2.3,14.5,5,6,1,0,0,0
CLI05167,Essencial,Mensal,Cartão,Mídia paga,38,44.91,10,4.1,7.7,5,9,0,0,0,0
CLI05168,Plus,Mensal,Boleto,Mídia paga,60,79.9,0,2.5,7.7,7,9,1,2,0,0
CLI05169,Essencial,Anual,Débito automático,Mídia paga,11,49.9,0,5.3,15.7,5,10,1,1,0,0
CLI05170,Essencial,Mensal,Boleto,Busca orgânica,59,44.91,10,7.7,20.1,8,3,1,3,0,1
CLI05171,Plus,Anual,Pix,Mídia paga,13,67.92,15,16.1,32.5,10,7,3,0,0,0
CLI05172,Plus,Anual,Cartão,Mídia paga,11,71.91,10,11.6,17.2,10,6,1,0,0,0
CLI05173,Premium,Mensal,Pix,Mídia paga,22,113.9,5,4.9,16.5,2,9,0,0,1,0
CLI05174,Essencial,Mensal,Cartão,Indicação,12,42.42,15,6.5,4.1,2,8,0,1,0,0
CLI05175,Essencial,Mensal,Boleto,Indicação,33,42.42,15,2.8,34.8,11,6,0,0,0,0
CLI05176,Essencial,Mensal,Cartão,Busca orgânica,16,44.91,10,5.1,66.0,9,6,1,0,0,1
CLI05177,Essencial,Mensal,Cartão,Busca orgânica,45,49.9,0,3.4,30.3,8,8,0,0,0,0
CLI05178,Essencial,Anual,Pix,Indicação,36,44.91,10,3.2,11.6,4,8,1,0,1,0
CLI05179,Plus,Anual,Débito automático,Indicação,39,79.9,0,6.3,25.6,12,6,0,2,0,0
CLI05180,Plus,Mensal,Pix,Indicação,31,79.9,0,9.8,34.0,8,4,0,2,1,1
CLI05181,Plus,Anual,Cartão,Indicação,30,67.92,15,4.2,12.3,2,7,1,0,0,0
CLI05182,Essencial,Mensal,Débito automático,Indicação,15,39.92,20,2.4,8.3,5,8,1,0,0,0
CLI05183,Essencial,Anual,Cartão,Mídia paga,17,44.91,10,5.6,17.5,0,8,0,0,1,0
CLI05184,Plus,Mensal,Pix,Parceiro,17,79.9,0,12.3,16.5,6,9,0,0,0,0
CLI05185,Essencial,Mensal,Pix,Busca orgânica,43,49.9,0,2.0,23.4,3,8,0,0,0,0
CLI05186,Premium,Mensal,Cartão,Indicação,32,119.9,0,3.3,20.8,8,8,2,0,0,0
CLI05187,Essencial,Mensal,Cartão,Busca orgânica,17,49.9,0,3.5,11.9,5,5,1,1,0,1
CLI05188,Plus,Anual,Cartão,Mídia paga,26,79.9,0,12.0,5.2,6,9,0,0,0,0
CLI05189,Premium,Mensal,Cartão,Parceiro,58,107.91,10,10.2,6.6,5,7,1,0,0,0
CLI05190,Plus,Mensal,Pix,Indicação,1,79.9,0,3.5,20.0,5,7,0,0,0,0
CLI05191,Plus,Anual,Cartão,Indicação,23,79.9,0,6.0,24.6,2,8,0,0,0,0
CLI05192,Plus,Mensal,Cartão,Busca orgânica,26,63.92,20,1.6,6.8,4,3,1,2,1,0
CLI05193,Essencial,Mensal,Débito automático,Busca orgânica,16,44.91,10,8.0,40.5,5,7,1,0,0,1
CLI05194,Plus,Mensal,Débito automático,Indicação,7,71.91,10,5.8,40.3,9,9,0,0,0,0
CLI05195,Premium,Mensal,Débito automático,Mídia paga,15,113.9,5,2.9,17.5,2,8,1,0,0,0
CLI05196,Premium,Anual,Débito automático,Indicação,13,95.92,20,2.5,24.5,7,8,1,0,0,0
CLI05197,Essencial,Mensal,Pix,Indicação,27,44.91,10,8.4,40.3,6,6,0,0,1,0
CLI05198,Essencial,Mensal,Cartão,Mídia paga,14,49.9,0,6.2,19.9,5,7,1,1,1,0
CLI05199,Plus,Mensal,Pix,Mídia paga,26,71.91,10,4.2,33.5,5,8,0,0,0,0
CLI05200,Plus,Anual,Débito automático,Indicação,67,75.9,5,3.0,29.1,12,8,0,0,0,0
CLI05201,Essencial,Anual,Pix,Mídia paga,11,39.92,20,3.5,2.5,3,9,0,0,0,0
CLI05202,Essencial,Mensal,Boleto,Busca orgânica,48,47.4,5,3.7,5.9,5,7,1,1,0,0
CLI05203,Essencial,Anual,Pix,Busca orgânica,22,44.91,10,3.4,17.4,7,8,2,0,0,0
CLI05204,Essencial,Mensal,Cartão,Indicação,3,42.42,15,0.9,37.9,11,8,0,1,0,0
CLI05205,Essencial,Mensal,Débito automático,Indicação,46,49.9,0,7.8,65.7,8,6,0,1,0,0
CLI05206,Essencial,Anual,Cartão,Indicação,45,39.92,20,2.3,10.2,6,8,1,0,0,0
CLI05207,Essencial,Anual,Boleto,Mídia paga,11,47.4,5,1.4,58.2,10,7,0,1,0,0
CLI05208,Premium,Mensal,Cartão,Mídia paga,33,101.92,15,3.7,5.0,5,7,1,2,1,0
CLI05209,Essencial,Anual,Débito automático,Indicação,21,44.91,10,4.6,44.5,11,7,0,0,1,0
CLI05210,Essencial,Anual,Pix,Busca orgânica,29,47.4,5,2.4,15.1,4,8,0,0,1,0
CLI05211,Essencial,Anual,Cartão,Busca orgânica,15,49.9,0,2.2,11.6,4,7,2,0,0,0
CLI05212,Essencial,Anual,Débito automático,Busca orgânica,12,49.9,0,2.5,34.0,3,7,0,0,0,0
CLI05213,Premium,Mensal,Cartão,Mídia paga,10,107.91,10,6.5,16.5,10,9,2,0,0,1
CLI05214,Premium,Anual,Cartão,Indicação,54,119.9,0,5.4,25.3,7,5,3,0,0,1
CLI05215,Essencial,Mensal,Cartão,Mídia paga,11,49.9,0,5.2,44.6,9,5,4,0,0,0
CLI05216,Essencial,Mensal,Débito automático,Busca orgânica,32,47.4,5,8.7,27.1,9,8,0,0,1,0
CLI05217,Essencial,Mensal,Débito automático,Mídia paga,11,49.9,0,2.8,80.5,12,5,4,0,0,1
CLI05218,Essencial,Anual,Cartão,Busca orgânica,94,47.4,5,3.4,7.4,6,10,0,1,0,0
CLI05219,Essencial,Mensal,Débito automático,Indicação,11,49.9,0,7.3,46.9,5,6,0,0,0,0
CLI05220,Essencial,Mensal,Boleto,Indicação,11,49.9,0,2.2,19.0,5,5,0,0,0,0
CLI05221,Essencial,Anual,Cartão,Mídia paga,59,44.91,10,5.9,66.0,7,5,1,2,0,0
CLI05222,Plus,Mensal,Boleto,Busca orgânica,20,79.9,0,6.6,65.1,11,5,2,0,1,1
CLI05223,Essencial,Mensal,Cartão,Mídia paga,9,49.9,0,2.5,63.2,9,6,1,0,0,1
CLI05224,Essencial,Mensal,Débito automático,Indicação,23,49.9,0,0.9,7.5,3,10,0,0,0,0
CLI05225,Plus,Anual,Pix,Indicação,13,79.9,0,7.1,15.4,7,7,0,0,0,0
CLI05226,Essencial,Mensal,Boleto,Mídia paga,96,49.9,0,3.1,24.8,6,7,0,1,0,0
CLI05227,Essencial,Mensal,Cartão,Indicação,5,44.91,10,1.2,8.4,1,7,0,0,0,0
CLI05228,Essencial,Mensal,Cartão,Parceiro,38,47.4,5,1.6,57.7,11,4,0,1,1,1
CLI05229,Essencial,Anual,Débito automático,Mídia paga,61,49.9,0,2.8,9.8,7,8,0,0,0,0
CLI05230,Essencial,Anual,Débito automático,Indicação,41,47.4,5,4.4,14.0,2,5,4,0,0,0
CLI05231,Plus,Mensal,Pix,Mídia paga,14,67.92,15,1.0,6.1,5,8,2,1,0,0
CLI05232,Premium,Anual,Pix,Indicação,49,113.9,5,4.0,24.3,3,9,0,0,0,0
CLI05233,Essencial,Anual,Débito automático,Parceiro,27,39.92,20,2.2,35.7,4,7,1,0,0,0
CLI05234,Essencial,Anual,Cartão,Mídia paga,36,49.9,0,7.0,19.7,3,9,1,0,0,0
CLI05235,Plus,Mensal,Cartão,Busca orgânica,42,71.91,10,7.3,10.0,9,8,4,1,0,0
CLI05236,Plus,Mensal,Cartão,Mídia paga,10,75.9,5,2.0,27.3,7,7,1,0,1,0
CLI05237,Essencial,Anual,Cartão,Indicação,35,44.91,10,12.4,24.0,3,7,2,0,0,0
CLI05238,Essencial,Mensal,Débito automático,Busca orgânica,40,47.4,5,3.0,14.3,6,9,1,1,0,1
CLI05239,Essencial,Mensal,Cartão,Indicação,23,47.4,5,1.8,12.5,8,8,1,1,1,0
CLI05240,Plus,Mensal,Pix,Busca orgânica,14,67.92,15,7.1,5.1,5,7,0,0,0,0
CLI05241,Essencial,Mensal,Cartão,Indicação,22,49.9,0,4.4,36.0,12,8,0,1,0,0
CLI05242,Essencial,Mensal,Débito automático,Parceiro,73,44.91,10,5.5,5.3,5,8,0,0,0,0
CLI05243,Essencial,Mensal,Cartão,Busca orgânica,32,49.9,0,5.8,9.1,6,3,3,0,1,0
CLI05244,Essencial,Anual,Cartão,Mídia paga,25,49.9,0,5.1,52.3,12,4,1,0,0,0
CLI05245,Plus,Anual,Débito automático,Indicação,11,75.9,5,6.1,8.5,6,8,1,1,1,0
CLI05246,Plus,Mensal,Cartão,Mídia paga,49,71.91,10,2.4,21.0,6,7,0,0,0,0
CLI05247,Plus,Mensal,Débito automático,Mídia paga,35,67.92,15,6.3,13.4,6,5,0,1,1,1
CLI05248,Essencial,Mensal,Cartão,Mídia paga,18,44.91,10,4.6,13.2,8,6,0,0,0,0
CLI05249,Essencial,Mensal,Débito automático,Mídia paga,15,44.91,10,1.9,12.0,3,8,0,0,0,0
CLI05250,Premium,Anual,Cartão,Busca orgânica,9,113.9,5,4.0,21.6,5,8,1,1,0,0
CLI05251,Plus,Mensal,Cartão,Mídia paga,36,79.9,0,2.4,38.5,4,8,3,0,1,0
CLI05252,Essencial,Anual,Pix,Parceiro,5,44.91,10,6.8,4.4,2,8,0,0,1,0
CLI05253,Essencial,Anual,Pix,Indicação,37,49.9,0,9.6,56.3,11,4,1,1,0,0
CLI05254,Plus,Mensal,Débito automático,Indicação,5,67.92,15,8.3,18.7,7,9,0,0,1,0
CLI05255,Plus,Anual,Cartão,Parceiro,21,67.92,15,4.3,26.6,12,9,1,0,1,0
CLI05256,Premium,Mensal,Débito automático,Parceiro,50,119.9,0,11.4,24.1,7,9,1,1,0,0
CLI05257,Plus,Mensal,Cartão,Busca orgânica,4,79.9,0,8.3,17.8,6,8,0,0,1,0
CLI05258,Essencial,Mensal,Débito automático,Mídia paga,57,47.4,5,2.0,18.6,8,9,1,1,1,0
CLI05259,Essencial,Mensal,Boleto,Parceiro,15,49.9,0,1.3,33.4,7,7,0,1,0,0
CLI05260,Essencial,Anual,Cartão,Busca orgânica,22,49.9,0,1.0,17.9,5,8,0,1,0,0
CLI05261,Plus,Mensal,Cartão,Indicação,15,75.9,5,2.6,9.2,4,4,3,1,1,0
CLI05262,Plus,Mensal,Débito automático,Busca orgânica,17,71.91,10,5.0,37.2,7,7,0,0,0,0
CLI05263,Essencial,Mensal,Débito automático,Busca orgânica,12,49.9,0,5.3,54.7,9,5,1,0,0,0
CLI05264,Premium,Mensal,Pix,Indicação,47,95.92,20,6.3,42.5,10,7,2,0,1,0
CLI05265,Essencial,Anual,Cartão,Parceiro,39,44.91,10,5.5,46.7,9,7,0,0,1,0
CLI05266,Essencial,Mensal,Débito automático,Mídia paga,11,44.91,10,2.2,52.0,12,6,0,0,0,0
CLI05267,Essencial,Mensal,Cartão,Mídia paga,33,49.9,0,4.3,34.4,9,5,1,1,1,1
CLI05268,Premium,Mensal,Boleto,Mídia paga,28,119.9,0,8.1,33.9,8,7,0,0,1,0
CLI05269,Premium,Anual,Débito automático,Busca orgânica,18,119.9,0,20.3,6.2,3,8,0,0,0,0
CLI05270,Plus,Anual,Débito automático,Mídia paga,34,67.92,15,2.2,7.5,4,9,1,0,1,0
CLI05271,Premium,Mensal,Débito automático,Mídia paga,21,101.92,15,20.3,28.0,14,9,0,0,0,0
CLI05272,Premium,Mensal,Boleto,Mídia paga,43,119.9,0,17.8,7.4,2,7,0,0,0,1
CLI05273,Premium,Mensal,Cartão,Indicação,12,113.9,5,3.1,13.6,5,7,1,1,1,0
CLI05274,Premium,Anual,Boleto,Mídia paga,40,113.9,5,6.6,9.8,4,8,1,2,0,0
CLI05275,Essencial,Mensal,Cartão,Busca orgânica,5,49.9,0,7.3,47.5,14,5,1,1,0,1
CLI05276,Plus,Mensal,Cartão,Busca orgânica,26,63.92,20,1.1,53.8,15,2,2,0,1,1
CLI05277,Plus,Anual,Cartão,Mídia paga,24,71.91,10,2.6,56.6,7,7,1,0,1,0
CLI05278,Plus,Mensal,Cartão,Parceiro,13,75.9,5,0.4,24.4,3,5,1,0,0,0
CLI05279,Essencial,Mensal,Cartão,Busca orgânica,35,49.9,0,5.4,44.2,12,8,0,1,0,0
CLI05280,Plus,Mensal,Pix,Indicação,37,79.9,0,1.0,9.5,4,7,1,1,0,0
CLI05281,Premium,Mensal,Cartão,Parceiro,15,113.9,5,5.4,10.4,2,6,2,0,0,1
CLI05282,Essencial,Anual,Cartão,Parceiro,18,44.91,10,4.3,41.5,14,8,1,1,0,0
CLI05283,Premium,Anual,Cartão,Indicação,31,107.91,10,2.4,3.1,1,9,0,0,1,0
CLI05284,Essencial,Mensal,Débito automático,Mídia paga,6,42.42,15,9.5,50.3,9,4,1,0,0,0
CLI05285,Essencial,Anual,Pix,Parceiro,16,44.91,10,4.9,45.8,12,7,0,0,1,0
CLI05286,Essencial,Mensal,Débito automático,Indicação,16,44.91,10,5.6,63.9,10,6,0,0,0,0
CLI05287,Plus,Mensal,Débito automático,Mídia paga,20,71.91,10,4.8,30.1,7,6,0,0,0,0
CLI05288,Plus,Anual,Débito automático,Indicação,41,67.92,15,5.3,32.6,3,5,2,0,0,0
CLI05289,Essencial,Mensal,Cartão,Mídia paga,39,49.9,0,2.2,20.1,4,7,1,0,1,0
CLI05290,Plus,Mensal,Pix,Indicação,12,79.9,0,3.6,40.5,7,7,2,0,0,1
CLI05291,Essencial,Mensal,Cartão,Mídia paga,26,44.91,10,2.1,78.2,10,6,0,0,0,0
CLI05292,Essencial,Mensal,Cartão,Mídia paga,30,49.9,0,1.4,9.8,6,8,0,0,0,0
CLI05293,Premium,Anual,Boleto,Indicação,34,119.9,0,4.6,46.6,16,7,4,0,0,0
CLI05294,Plus,Mensal,Cartão,Mídia paga,9,75.9,5,1.4,7.7,5,8,1,0,1,0
CLI05295,Plus,Mensal,Boleto,Indicação,3,75.9,5,15.3,24.0,4,8,2,0,0,0
CLI05296,Plus,Anual,Cartão,Indicação,79,79.9,0,3.2,17.6,4,9,1,0,0,0
CLI05297,Premium,Mensal,Débito automático,Parceiro,14,107.91,10,3.8,21.1,7,6,0,0,1,0
CLI05298,Essencial,Mensal,Cartão,Parceiro,23,49.9,0,2.8,38.6,7,9,1,0,0,0
CLI05299,Essencial,Mensal,Boleto,Mídia paga,30,49.9,0,4.0,24.4,5,7,0,1,1,0
CLI05300,Essencial,Mensal,Débito automático,Parceiro,22,39.92,20,1.7,26.8,6,3,3,0,1,0
CLI05301,Plus,Mensal,Cartão,Indicação,23,79.9,0,5.9,63.7,11,2,3,0,1,1
CLI05302,Plus,Mensal,Cartão,Busca orgânica,29,75.9,5,2.1,43.0,9,6,0,2,0,1
CLI05303,Plus,Mensal,Pix,Mídia paga,13,79.9,0,1.9,5.5,7,8,0,0,0,0
CLI05304,Essencial,Mensal,Cartão,Parceiro,13,39.92,20,5.6,19.7,4,8,0,1,0,0
CLI05305,Essencial,Anual,Cartão,Busca orgânica,14,49.9,0,2.1,31.9,5,8,0,0,0,0
CLI05306,Plus,Anual,Boleto,Busca orgânica,32,79.9,0,3.4,50.8,19,1,1,0,0,0
CLI05307,Premium,Mensal,Pix,Mídia paga,37,113.9,5,1.4,6.0,4,9,2,0,0,0
CLI05308,Essencial,Anual,Cartão,Indicação,12,49.9,0,4.0,37.5,3,6,0,0,1,0
CLI05309,Essencial,Anual,Pix,Mídia paga,13,49.9,0,2.4,43.5,6,6,1,0,0,0
CLI05310,Essencial,Anual,Cartão,Busca orgânica,35,49.9,0,5.6,6.9,6,9,0,1,0,0
CLI05311,Essencial,Anual,Débito automático,Busca orgânica,41,47.4,5,5.6,15.2,3,4,2,0,1,1
CLI05312,Essencial,Mensal,Cartão,Indicação,45,42.42,15,3.3,12.4,5,7,2,2,0,0
CLI05313,Essencial,Mensal,Cartão,Mídia paga,14,47.4,5,3.1,23.7,7,10,0,1,0,0
CLI05314,Plus,Anual,Cartão,Parceiro,33,71.91,10,3.1,26.5,5,7,1,0,1,0
CLI05315,Essencial,Mensal,Boleto,Busca orgânica,67,39.92,20,10.9,3.4,2,7,0,1,0,0
CLI05316,Essencial,Anual,Cartão,Parceiro,17,42.42,15,2.1,9.3,8,6,1,1,1,0
CLI05317,Essencial,Anual,Débito automático,Busca orgânica,39,42.42,15,6.7,45.8,9,5,0,0,1,0
CLI05318,Premium,Mensal,Pix,Busca orgânica,26,107.91,10,6.5,10.6,8,7,2,1,0,0
CLI05319,Essencial,Mensal,Débito automático,Mídia paga,88,49.9,0,0.6,42.5,9,6,2,0,0,0
CLI05320,Essencial,Anual,Cartão,Indicação,3,49.9,0,11.4,20.5,4,7,1,0,0,0
CLI05321,Essencial,Mensal,Débito automático,Busca orgânica,29,49.9,0,1.6,22.5,5,6,1,0,1,0
CLI05322,Plus,Anual,Boleto,Mídia paga,56,71.91,10,3.1,13.8,4,5,1,0,1,0
CLI05323,Premium,Anual,Cartão,Indicação,11,113.9,5,7.0,17.7,4,8,1,0,0,0
CLI05324,Essencial,Mensal,Cartão,Parceiro,40,47.4,5,5.6,30.4,4,8,0,1,0,0
CLI05325,Essencial,Mensal,Boleto,Busca orgânica,17,42.42,15,4.0,32.9,9,6,1,1,0,0
CLI05326,Essencial,Mensal,Cartão,Busca orgânica,5,49.9,0,2.6,19.6,5,4,2,3,1,1
CLI05327,Plus,Anual,Débito automático,Busca orgânica,17,67.92,15,4.0,12.2,6,9,0,0,0,0
CLI05328,Premium,Mensal,Débito automático,Busca orgânica,12,113.9,5,5.0,18.2,7,6,3,1,1,0
CLI05329,Essencial,Mensal,Cartão,Mídia paga,48,44.91,10,3.3,13.6,9,4,2,2,0,0
CLI05330,Essencial,Mensal,Cartão,Indicação,89,49.9,0,4.5,27.8,2,6,1,3,1,0
CLI05331,Plus,Mensal,Cartão,Mídia paga,18,79.9,0,8.8,14.6,6,8,0,1,0,0
CLI05332,Plus,Mensal,Pix,Indicação,17,75.9,5,5.2,22.5,5,6,0,0,0,0
CLI05333,Essencial,Mensal,Pix,Busca orgânica,4,42.42,15,3.0,16.8,7,7,0,0,0,0
CLI05334,Essencial,Anual,Débito automático,Mídia paga,45,44.91,10,8.3,22.5,3,10,0,0,0,0
CLI05335,Essencial,Mensal,Pix,Busca orgânica,62,44.91,10,2.4,27.0,5,8,0,0,0,0
CLI05336,Plus,Anual,Débito automático,Busca orgânica,35,79.9,0,4.3,65.7,16,4,2,0,0,0
CLI05337,Plus,Anual,Cartão,Mídia paga,16,71.91,10,3.3,32.9,5,6,1,0,0,0
CLI05338,Plus,Mensal,Cartão,Busca orgânica,30,75.9,5,3.2,28.3,7,8,0,0,0,0
CLI05339,Premium,Mensal,Cartão,Busca orgânica,44,119.9,0,8.1,53.2,14,6,1,0,1,1
CLI05340,Essencial,Mensal,Cartão,Parceiro,22,47.4,5,1.2,39.5,9,7,1,1,0,0
CLI05341,Essencial,Mensal,Cartão,Indicação,37,49.9,0,2.7,9.4,2,9,0,1,1,0
CLI05342,Essencial,Mensal,Boleto,Mídia paga,18,44.91,10,2.1,13.3,7,7,2,0,0,0
CLI05343,Premium,Mensal,Cartão,Busca orgânica,8,101.92,15,5.8,48.3,7,7,0,1,0,0
CLI05344,Plus,Mensal,Cartão,Mídia paga,43,67.92,15,4.1,31.6,9,7,1,2,1,0
CLI05345,Essencial,Mensal,Débito automático,Indicação,27,49.9,0,7.8,24.2,8,3,1,2,1,1
CLI05346,Essencial,Mensal,Débito automático,Indicação,30,44.91,10,5.9,39.1,8,6,0,0,0,0
CLI05347,Plus,Anual,Pix,Busca orgânica,47,71.91,10,9.8,3.0,3,8,0,0,0,0
CLI05348,Plus,Mensal,Cartão,Mídia paga,12,71.91,10,4.3,11.6,5,9,0,0,0,0
CLI05349,Plus,Mensal,Cartão,Indicação,17,79.9,0,5.4,54.1,11,9,1,0,0,0
CLI05350,Essencial,Mensal,Cartão,Mídia paga,62,47.4,5,4.2,24.0,5,4,2,1,0,0
CLI05351,Premium,Mensal,Cartão,Busca orgânica,29,113.9,5,4.3,10.6,3,7,2,0,0,1
CLI05352,Plus,Mensal,Cartão,Parceiro,44,71.91,10,1.7,29.7,5,4,1,0,1,0
CLI05353,Plus,Mensal,Pix,Parceiro,25,71.91,10,3.1,57.4,4,4,2,0,0,0
CLI05354,Plus,Mensal,Boleto,Mídia paga,37,71.91,10,6.1,20.3,5,9,1,1,0,0
CLI05355,Premium,Mensal,Cartão,Mídia paga,38,119.9,0,11.4,40.8,6,6,2,1,0,0
CLI05356,Premium,Anual,Cartão,Mídia paga,15,113.9,5,28.0,19.1,4,10,0,0,0,0
CLI05357,Plus,Mensal,Boleto,Mídia paga,93,67.92,15,1.5,53.4,10,9,0,0,0,0
CLI05358,Essencial,Mensal,Pix,Indicação,30,49.9,0,5.0,27.6,7,7,0,0,0,0
CLI05359,Essencial,Mensal,Débito automático,Mídia paga,6,42.42,15,3.6,8.9,8,7,0,0,0,0
CLI05360,Plus,Anual,Débito automático,Mídia paga,8,79.9,0,13.7,29.2,3,7,0,0,0,0
CLI05361,Plus,Anual,Débito automático,Mídia paga,18,63.92,20,8.6,11.4,3,8,1,0,0,0
CLI05362,Essencial,Mensal,Débito automático,Busca orgânica,5,39.92,20,2.3,12.0,5,6,0,1,0,0
CLI05363,Essencial,Mensal,Cartão,Mídia paga,56,39.92,20,2.2,32.5,12,9,1,0,0,0
CLI05364,Premium,Mensal,Boleto,Busca orgânica,15,119.9,0,4.5,23.7,5,7,0,3,0,0
CLI05365,Premium,Anual,Débito automático,Busca orgânica,10,101.92,15,1.7,1.8,2,7,2,0,1,0
CLI05366,Premium,Mensal,Cartão,Busca orgânica,31,119.9,0,1.6,27.5,2,7,2,0,0,0
CLI05367,Essencial,Anual,Pix,Mídia paga,37,49.9,0,1.6,29.7,3,6,1,0,1,0
CLI05368,Plus,Mensal,Cartão,Indicação,19,75.9,5,1.7,7.8,4,7,1,0,0,0
CLI05369,Premium,Mensal,Pix,Parceiro,38,107.91,10,0.8,9.6,6,10,0,0,0,0
CLI05370,Essencial,Mensal,Cartão,Mídia paga,44,49.9,0,2.8,16.8,5,8,0,0,0,0
CLI05371,Essencial,Mensal,Pix,Mídia paga,18,47.4,5,3.3,11.5,5,9,1,1,1,0
CLI05372,Premium,Mensal,Cartão,Parceiro,9,107.91,10,18.3,10.5,9,7,2,0,0,0
CLI05373,Essencial,Anual,Pix,Busca orgânica,17,42.42,15,0.2,1.2,3,5,1,0,1,0
CLI05374,Plus,Mensal,Pix,Parceiro,21,79.9,0,3.6,4.8,5,10,0,0,0,0
CLI05375,Plus,Mensal,Cartão,Busca orgânica,26,79.9,0,4.4,36.9,7,6,1,0,1,0
CLI05376,Plus,Anual,Cartão,Indicação,44,79.9,0,4.3,6.6,7,6,2,2,0,0
CLI05377,Essencial,Anual,Pix,Indicação,22,44.91,10,9.0,13.7,3,6,1,0,0,0
CLI05378,Plus,Anual,Pix,Indicação,13,71.91,10,1.2,59.4,11,5,1,0,0,0
CLI05379,Essencial,Anual,Boleto,Indicação,16,49.9,0,2.6,19.8,8,7,1,0,0,0
CLI05380,Premium,Mensal,Cartão,Busca orgânica,29,113.9,5,2.4,33.8,16,7,2,0,1,1
CLI05381,Essencial,Anual,Pix,Parceiro,30,49.9,0,1.9,38.2,5,7,0,0,1,0
CLI05382,Plus,Mensal,Boleto,Busca orgânica,69,79.9,0,2.3,67.8,12,7,1,1,0,0
CLI05383,Plus,Anual,Débito automático,Parceiro,21,79.9,0,7.4,49.1,14,4,0,1,0,0
CLI05384,Essencial,Anual,Cartão,Mídia paga,13,47.4,5,2.9,5.4,4,8,1,0,0,0
CLI05385,Essencial,Mensal,Cartão,Mídia paga,3,42.42,15,4.8,20.2,2,8,0,1,0,0
CLI05386,Plus,Mensal,Débito automático,Mídia paga,5,75.9,5,11.4,17.6,5,8,0,0,0,0
CLI05387,Essencial,Anual,Cartão,Parceiro,35,47.4,5,5.2,27.3,8,8,0,0,1,0
CLI05388,Essencial,Anual,Cartão,Indicação,16,44.91,10,1.3,7.5,2,8,1,0,0,0
CLI05389,Essencial,Mensal,Pix,Busca orgânica,52,47.4,5,6.2,26.3,5,8,3,0,1,0
CLI05390,Premium,Anual,Cartão,Busca orgânica,4,119.9,0,5.8,36.3,9,7,1,0,0,0
CLI05391,Plus,Mensal,Pix,Busca orgânica,17,79.9,0,5.2,35.3,8,6,1,1,0,0
CLI05392,Essencial,Mensal,Boleto,Busca orgânica,43,49.9,0,6.5,25.4,5,8,2,1,0,0
CLI05393,Premium,Mensal,Boleto,Busca orgânica,57,101.92,15,1.6,28.4,7,10,0,1,0,0
CLI05394,Plus,Mensal,Pix,Parceiro,37,63.92,20,5.8,16.1,8,6,2,0,1,0
CLI05395,Essencial,Mensal,Débito automático,Busca orgânica,46,49.9,0,0.8,13.6,7,9,0,1,1,0
CLI05396,Essencial,Anual,Débito automático,Parceiro,13,47.4,5,1.9,34.3,10,6,1,2,1,0
CLI05397,Essencial,Mensal,Boleto,Indicação,20,49.9,0,6.4,18.8,5,10,0,1,0,0
CLI05398,Essencial,Anual,Débito automático,Mídia paga,59,49.9,0,2.1,25.2,9,7,0,1,0,0
CLI05399,Plus,Anual,Boleto,Busca orgânica,12,79.9,0,4.5,12.3,5,7,1,0,0,0
CLI05400,Essencial,Mensal,Cartão,Parceiro,25,49.9,0,5.9,52.9,12,7,1,1,0,1
CLI05401,Plus,Anual,Cartão,Mídia paga,39,71.91,10,3.6,53.0,11,5,0,0,0,0
CLI05402,Essencial,Anual,Cartão,Indicação,54,47.4,5,2.5,60.3,12,5,1,1,0,0
CLI05403,Essencial,Mensal,Débito automático,Parceiro,23,44.91,10,2.4,26.0,5,7,1,0,1,0
CLI05404,Essencial,Mensal,Boleto,Busca orgânica,19,39.92,20,1.3,47.2,10,7,1,1,1,0
CLI05405,Plus,Mensal,Boleto,Parceiro,33,67.92,15,6.8,50.1,7,8,0,0,0,0
CLI05406,Plus,Mensal,Débito automático,Indicação,72,79.9,0,6.3,15.6,7,9,0,0,0,0
CLI05407,Essencial,Mensal,Débito automático,Indicação,32,47.4,5,8.0,27.8,2,7,0,1,0,0
CLI05408,Essencial,Mensal,Pix,Busca orgânica,33,39.92,20,1.9,37.4,6,5,1,0,0,0
CLI05409,Essencial,Anual,Cartão,Mídia paga,23,39.92,20,4.0,24.7,10,6,0,0,1,0
CLI05410,Plus,Anual,Pix,Mídia paga,13,71.91,10,2.7,1.8,3,8,1,0,1,0
CLI05411,Essencial,Anual,Cartão,Mídia paga,19,49.9,0,7.6,43.7,12,8,1,1,0,0
CLI05412,Plus,Anual,Débito automático,Indicação,22,75.9,5,5.0,76.1,12,5,1,0,1,0
CLI05413,Essencial,Mensal,Débito automático,Busca orgânica,19,49.9,0,9.7,31.3,6,7,1,1,1,0
CLI05414,Essencial,Mensal,Cartão,Busca orgânica,24,49.9,0,2.4,30.6,6,6,3,2,1,0
CLI05415,Plus,Anual,Pix,Busca orgânica,34,79.9,0,5.2,4.9,6,8,0,0,0,0
CLI05416,Plus,Mensal,Pix,Busca orgânica,16,71.91,10,3.5,6.7,4,10,0,0,0,0
CLI05417,Essencial,Mensal,Débito automático,Busca orgânica,45,44.91,10,8.9,70.8,13,4,1,1,0,1
CLI05418,Premium,Anual,Débito automático,Mídia paga,33,113.9,5,11.3,63.2,8,6,0,0,0,1
CLI05419,Essencial,Mensal,Cartão,Mídia paga,26,39.92,20,5.1,71.3,6,5,0,0,0,1
CLI05420,Essencial,Mensal,Débito automático,Indicação,21,44.91,10,5.5,50.4,10,3,0,1,0,1
CLI05421,Essencial,Mensal,Cartão,Parceiro,12,47.4,5,6.0,49.4,7,6,0,1,0,0
CLI05422,Plus,Mensal,Cartão,Mídia paga,35,67.92,15,6.1,36.8,8,6,0,1,1,0
CLI05423,Plus,Mensal,Pix,Mídia paga,94,79.9,0,4.3,63.7,4,7,0,1,1,0
CLI05424,Essencial,Mensal,Débito automático,Mídia paga,56,47.4,5,1.5,54.4,15,7,2,0,0,0
CLI05425,Premium,Anual,Boleto,Busca orgânica,38,119.9,0,2.5,34.1,6,5,1,0,0,0
CLI05426,Plus,Anual,Cartão,Parceiro,60,67.92,15,2.1,5.1,2,7,0,1,0,0
CLI05427,Premium,Mensal,Débito automático,Busca orgânica,17,119.9,0,9.7,48.3,8,4,2,0,1,1
CLI05428,Plus,Mensal,Débito automático,Busca orgânica,14,79.9,0,5.2,46.6,8,7,1,1,0,0
CLI05429,Premium,Mensal,Boleto,Mídia paga,24,107.91,10,4.2,22.8,7,7,2,2,1,1
CLI05430,Plus,Mensal,Cartão,Mídia paga,26,63.92,20,2.7,65.1,15,5,0,1,0,1
CLI05431,Essencial,Mensal,Cartão,Busca orgânica,52,42.42,15,1.0,10.1,5,7,1,0,0,0
CLI05432,Essencial,Mensal,Pix,Mídia paga,44,49.9,0,2.6,5.8,5,7,1,0,0,0
CLI05433,Plus,Mensal,Boleto,Mídia paga,4,63.92,20,2.6,21.8,7,7,1,1,0,0
CLI05434,Essencial,Mensal,Cartão,Busca orgânica,45,49.9,0,1.5,23.1,4,6,0,0,0,0
CLI05435,Plus,Mensal,Pix,Parceiro,22,79.9,0,1.1,38.8,5,6,1,1,0,0
CLI05436,Essencial,Anual,Boleto,Busca orgânica,31,49.9,0,1.9,25.6,6,7,1,0,0,0
CLI05437,Premium,Mensal,Cartão,Mídia paga,23,119.9,0,2.5,29.8,12,6,0,0,1,1
CLI05438,Essencial,Mensal,Pix,Mídia paga,16,44.91,10,5.0,8.0,8,5,3,0,0,0
CLI05439,Premium,Mensal,Boleto,Indicação,31,107.91,10,5.5,17.0,9,7,0,0,1,0
CLI05440,Essencial,Anual,Cartão,Mídia paga,15,44.91,10,4.7,21.0,2,7,1,1,0,1
CLI05441,Essencial,Mensal,Cartão,Indicação,22,47.4,5,2.9,79.6,9,6,0,1,0,1
CLI05442,Plus,Mensal,Cartão,Mídia paga,13,71.91,10,9.3,15.0,7,8,1,0,0,0
CLI05443,Plus,Mensal,Pix,Mídia paga,10,67.92,15,0.6,31.0,3,8,0,1,1,1
CLI05444,Plus,Anual,Cartão,Mídia paga,90,79.9,0,3.0,57.4,8,7,1,0,0,0
CLI05445,Premium,Anual,Cartão,Parceiro,17,113.9,5,9.7,71.0,16,6,3,0,0,0
CLI05446,Essencial,Mensal,Cartão,Mídia paga,22,42.42,15,2.1,38.4,12,7,0,0,0,0
CLI05447,Premium,Mensal,Pix,Busca orgânica,55,119.9,0,4.1,19.3,5,9,0,0,1,0
CLI05448,Essencial,Mensal,Débito automático,Mídia paga,27,49.9,0,1.1,16.2,4,10,0,0,0,0
CLI05449,Plus,Mensal,Pix,Mídia paga,12,79.9,0,3.0,17.2,3,6,1,0,0,0
CLI05450,Essencial,Mensal,Débito automático,Busca orgânica,12,44.91,10,2.9,21.1,7,7,0,1,1,0
CLI05451,Essencial,Mensal,Boleto,Busca orgânica,12,49.9,0,8.6,24.1,5,9,1,0,0,0
CLI05452,Plus,Mensal,Débito automático,Busca orgânica,72,79.9,0,2.8,45.2,9,5,2,0,0,0
CLI05453,Plus,Anual,Pix,Parceiro,4,75.9,5,4.3,39.1,10,7,3,0,0,0
CLI05454,Essencial,Mensal,Cartão,Mídia paga,10,49.9,0,12.4,8.5,3,8,0,0,1,0
CLI05455,Premium,Mensal,Cartão,Parceiro,18,101.92,15,16.6,17.7,7,8,1,0,0,0
CLI05456,Plus,Anual,Cartão,Busca orgânica,18,75.9,5,7.5,21.6,8,5,2,0,1,0
CLI05457,Essencial,Anual,Pix,Parceiro,16,42.42,15,4.4,11.9,6,8,1,0,1,0
CLI05458,Plus,Mensal,Boleto,Mídia paga,35,75.9,5,4.2,31.9,7,7,1,1,0,1
CLI05459,Essencial,Anual,Cartão,Busca orgânica,29,44.91,10,4.9,34.5,6,7,1,1,0,0
CLI05460,Essencial,Mensal,Cartão,Busca orgânica,14,47.4,5,3.2,59.7,15,5,3,1,0,1
CLI05461,Plus,Anual,Débito automático,Parceiro,17,79.9,0,0.8,12.9,9,5,2,0,0,0
CLI05462,Essencial,Mensal,Boleto,Parceiro,96,49.9,0,2.7,19.1,10,10,1,2,0,0
CLI05463,Essencial,Anual,Débito automático,Busca orgânica,30,49.9,0,2.2,42.5,6,7,0,0,0,0
CLI05464,Plus,Mensal,Cartão,Mídia paga,1,79.9,0,3.4,16.6,6,6,1,2,0,0
CLI05465,Essencial,Mensal,Pix,Parceiro,12,44.91,10,3.1,31.7,3,9,0,0,0,0
CLI05466,Plus,Mensal,Cartão,Busca orgânica,16,67.92,15,3.1,16.1,8,7,2,2,0,1
CLI05467,Plus,Mensal,Pix,Busca orgânica,89,79.9,0,8.3,23.7,4,6,1,0,0,0
CLI05468,Essencial,Mensal,Débito automático,Mídia paga,17,49.9,0,6.8,14.9,7,4,2,0,0,0
CLI05469,Plus,Anual,Débito automático,Indicação,18,79.9,0,8.9,12.9,5,8,0,0,1,0
CLI05470,Essencial,Mensal,Cartão,Mídia paga,5,47.4,5,1.6,23.4,6,6,1,3,0,0
CLI05471,Plus,Anual,Boleto,Indicação,25,75.9,5,10.3,37.6,5,7,0,2,0,0
CLI05472,Essencial,Mensal,Cartão,Busca orgânica,41,39.92,20,2.7,16.5,9,7,1,1,0,0
CLI05473,Premium,Mensal,Cartão,Busca orgânica,24,101.92,15,23.5,12.4,7,8,0,1,0,0
CLI05474,Essencial,Mensal,Débito automático,Mídia paga,17,39.92,20,9.8,3.6,5,10,0,0,0,0
CLI05475,Plus,Mensal,Cartão,Indicação,21,71.91,10,1.7,28.4,8,7,2,0,1,0
CLI05476,Essencial,Anual,Pix,Busca orgânica,40,42.42,15,3.1,7.5,5,10,0,0,0,0
CLI05477,Essencial,Anual,Cartão,Busca orgânica,20,44.91,10,2.0,31.3,11,5,0,3,0,0
CLI05478,Essencial,Mensal,Cartão,Indicação,20,49.9,0,4.5,15.2,7,9,0,0,0,0
CLI05479,Plus,Mensal,Cartão,Mídia paga,33,71.91,10,6.7,34.9,6,5,1,0,0,0
CLI05480,Premium,Mensal,Débito automático,Indicação,15,113.9,5,12.7,24.6,6,7,0,1,1,0
CLI05481,Essencial,Mensal,Cartão,Indicação,12,47.4,5,7.7,40.1,6,8,0,1,1,1
CLI05482,Essencial,Mensal,Boleto,Indicação,6,47.4,5,1.2,27.0,3,4,1,0,0,0
CLI05483,Essencial,Mensal,Débito automático,Busca orgânica,22,49.9,0,9.1,24.1,4,6,0,1,1,0
CLI05484,Essencial,Mensal,Débito automático,Busca orgânica,15,44.91,10,3.1,12.1,4,8,1,0,1,0
CLI05485,Premium,Anual,Débito automático,Mídia paga,45,119.9,0,6.1,11.6,5,9,0,0,0,0
CLI05486,Premium,Mensal,Débito automático,Mídia paga,20,119.9,0,1.6,24.2,7,9,1,2,1,1
CLI05487,Premium,Mensal,Cartão,Indicação,41,101.92,15,7.0,8.6,5,9,0,0,0,0
CLI05488,Essencial,Mensal,Boleto,Indicação,36,42.42,15,2.2,32.9,6,6,1,1,1,1
CLI05489,Essencial,Mensal,Cartão,Busca orgânica,5,39.92,20,1.0,33.8,6,7,0,0,0,0
CLI05490,Plus,Anual,Cartão,Mídia paga,9,63.92,20,4.3,39.5,12,3,2,0,0,0
CLI05491,Essencial,Anual,Pix,Indicação,76,49.9,0,2.5,11.7,5,7,1,0,0,0
CLI05492,Plus,Anual,Cartão,Mídia paga,15,75.9,5,11.2,19.2,9,6,2,3,1,1
CLI05493,Essencial,Anual,Débito automático,Parceiro,31,49.9,0,7.0,20.1,8,6,0,0,0,0
CLI05494,Essencial,Mensal,Boleto,Indicação,22,47.4,5,2.3,14.3,5,7,2,1,0,1
CLI05495,Premium,Mensal,Débito automático,Busca orgânica,5,107.91,10,7.7,27.3,7,7,0,0,0,0
CLI05496,Essencial,Mensal,Cartão,Mídia paga,12,39.92,20,6.3,25.5,6,7,1,1,0,0
CLI05497,Premium,Anual,Cartão,Parceiro,10,95.92,20,2.0,46.7,6,6,2,1,0,0
CLI05498,Essencial,Anual,Cartão,Busca orgânica,39,47.4,5,2.9,22.3,12,6,1,1,1,1
CLI05499,Essencial,Mensal,Cartão,Mídia paga,12,47.4,5,2.5,21.5,5,9,0,1,0,0
CLI05500,Essencial,Mensal,Pix,Mídia paga,33,49.9,0,0.6,26.3,9,6,3,0,0,0
CLI05501,Essencial,Mensal,Débito automático,Busca orgânica,8,47.4,5,2.2,10.1,6,6,1,0,0,0
CLI05502,Plus,Anual,Débito automático,Mídia paga,2,79.9,0,0.8,19.3,8,8,1,0,0,1
CLI05503,Essencial,Mensal,Pix,Busca orgânica,26,49.9,0,1.0,26.6,7,7,1,0,0,0
CLI05504,Plus,Mensal,Cartão,Parceiro,32,79.9,0,3.1,24.5,4,9,1,0,1,0
CLI05505,Premium,Mensal,Cartão,Busca orgânica,18,119.9,0,9.1,2.9,4,9,2,0,0,0
CLI05506,Essencial,Anual,Pix,Busca orgânica,25,39.92,20,1.1,47.7,10,7,0,0,0,0
CLI05507,Essencial,Anual,Cartão,Mídia paga,7,49.9,0,3.9,8.4,5,10,1,0,0,0
CLI05508,Essencial,Mensal,Cartão,Indicação,19,47.4,5,5.4,22.7,7,5,2,0,0,0
CLI05509,Plus,Anual,Débito automático,Busca orgânica,45,71.91,10,2.9,66.4,10,7,3,0,0,0
CLI05510,Plus,Mensal,Cartão,Indicação,77,75.9,5,6.7,4.6,3,8,0,1,1,0
CLI05511,Essencial,Anual,Cartão,Mídia paga,23,42.42,15,4.4,39.6,8,6,1,0,0,0
CLI05512,Plus,Mensal,Pix,Busca orgânica,30,67.92,15,4.2,64.6,15,3,1,0,0,1
CLI05513,Plus,Mensal,Cartão,Mídia paga,46,79.9,0,3.3,25.0,9,5,3,1,1,0
CLI05514,Essencial,Mensal,Débito automático,Mídia paga,26,47.4,5,2.6,39.4,5,5,0,0,0,0
CLI05515,Essencial,Mensal,Cartão,Busca orgânica,31,49.9,0,11.1,20.6,9,5,2,1,0,0
CLI05516,Premium,Mensal,Débito automático,Mídia paga,62,95.92,20,2.7,4.1,4,9,2,0,0,0
CLI05517,Essencial,Mensal,Cartão,Busca orgânica,30,49.9,0,9.1,33.1,8,5,0,1,1,0
CLI05518,Essencial,Mensal,Cartão,Busca orgânica,18,44.91,10,1.6,14.2,7,5,0,2,0,0
CLI05519,Essencial,Mensal,Cartão,Indicação,61,42.42,15,4.8,52.1,12,6,2,0,0,0
CLI05520,Plus,Anual,Boleto,Indicação,28,67.92,15,1.2,28.7,8,5,4,0,0,0
CLI05521,Essencial,Mensal,Pix,Mídia paga,9,44.91,10,0.9,11.7,3,7,0,0,0,0
CLI05522,Essencial,Mensal,Débito automático,Parceiro,20,47.4,5,7.6,30.8,4,7,0,1,0,0
CLI05523,Essencial,Mensal,Débito automático,Busca orgânica,83,44.91,10,1.2,14.7,5,8,1,0,0,0
CLI05524,Plus,Mensal,Cartão,Indicação,48,79.9,0,7.6,31.5,8,7,0,3,0,0
CLI05525,Essencial,Anual,Pix,Indicação,15,49.9,0,3.8,7.5,4,8,1,0,1,0
CLI05526,Premium,Mensal,Débito automático,Indicação,52,107.91,10,6.1,0.7,5,10,0,0,0,0
CLI05527,Essencial,Anual,Débito automático,Mídia paga,20,47.4,5,5.0,64.1,12,8,1,0,1,0
CLI05528,Essencial,Anual,Cartão,Busca orgânica,13,39.92,20,4.8,13.6,7,8,0,0,1,0
CLI05529,Premium,Mensal,Boleto,Parceiro,45,119.9,0,6.1,36.4,2,6,0,0,0,0
CLI05530,Plus,Mensal,Pix,Busca orgânica,9,79.9,0,0.7,22.0,4,3,0,0,1,0
CLI05531,Essencial,Anual,Débito automático,Mídia paga,13,47.4,5,2.9,17.7,8,5,2,0,0,0
CLI05532,Premium,Anual,Cartão,Mídia paga,26,119.9,0,18.2,14.3,3,8,1,1,0,1
CLI05533,Plus,Mensal,Cartão,Indicação,29,71.91,10,2.7,36.5,9,7,0,0,0,0
CLI05534,Essencial,Mensal,Cartão,Mídia paga,41,49.9,0,2.5,45.4,6,5,0,1,0,1
CLI05535,Premium,Mensal,Boleto,Mídia paga,11,113.9,5,1.9,9.4,6,10,0,0,0,0
CLI05536,Plus,Anual,Cartão,Indicação,26,79.9,0,3.5,18.0,9,9,0,0,0,0
CLI05537,Essencial,Anual,Débito automático,Indicação,3,47.4,5,3.1,31.7,9,6,0,0,0,0
CLI05538,Plus,Mensal,Cartão,Busca orgânica,4,75.9,5,3.2,35.7,9,2,2,1,1,0
CLI05539,Essencial,Mensal,Cartão,Parceiro,13,47.4,5,3.0,54.6,11,6,1,2,0,1
CLI05540,Essencial,Anual,Cartão,Parceiro,41,39.92,20,2.5,32.6,10,6,0,0,1,0
CLI05541,Premium,Anual,Débito automático,Indicação,34,107.91,10,14.1,65.0,16,2,4,0,0,1
CLI05542,Plus,Mensal,Cartão,Mídia paga,20,75.9,5,2.4,37.9,5,6,2,0,1,0
CLI05543,Plus,Mensal,Débito automático,Mídia paga,5,71.91,10,8.6,29.7,9,6,0,1,0,0
CLI05544,Plus,Mensal,Débito automático,Mídia paga,29,71.91,10,3.0,7.4,4,8,1,0,1,0
CLI05545,Plus,Mensal,Boleto,Indicação,96,63.92,20,2.4,6.4,6,5,1,2,0,0
CLI05546,Essencial,Mensal,Débito automático,Parceiro,23,49.9,0,4.9,44.6,11,5,1,1,0,0
CLI05547,Premium,Mensal,Pix,Mídia paga,9,107.91,10,3.0,21.1,8,7,1,0,1,0
CLI05548,Plus,Anual,Pix,Mídia paga,22,79.9,0,4.6,3.2,3,9,1,0,0,0
CLI05549,Plus,Mensal,Cartão,Indicação,6,79.9,0,4.1,7.7,3,7,0,2,0,0
CLI05550,Essencial,Mensal,Pix,Busca orgânica,15,44.91,10,8.9,20.1,6,9,1,0,0,0
CLI05551,Essencial,Mensal,Débito automático,Busca orgânica,39,47.4,5,3.1,35.9,7,6,0,0,1,0
CLI05552,Essencial,Mensal,Cartão,Mídia paga,59,44.91,10,0.5,34.8,8,5,1,0,0,0
CLI05553,Essencial,Mensal,Cartão,Mídia paga,19,49.9,0,3.8,19.9,7,8,2,0,0,0
CLI05554,Essencial,Mensal,Pix,Parceiro,8,49.9,0,6.1,9.5,6,8,1,1,1,0
CLI05555,Plus,Mensal,Débito automático,Busca orgânica,40,71.91,10,6.9,8.3,1,7,1,2,1,0
CLI05556,Premium,Mensal,Cartão,Parceiro,28,113.9,5,6.9,9.1,4,6,1,0,0,0
CLI05557,Essencial,Anual,Débito automático,Parceiro,22,49.9,0,2.4,28.3,5,5,1,1,1,0
CLI05558,Essencial,Anual,Cartão,Indicação,25,47.4,5,4.4,21.9,7,7,1,1,0,0
CLI05559,Plus,Mensal,Cartão,Indicação,19,75.9,5,4.5,24.8,4,4,1,0,1,0
CLI05560,Essencial,Anual,Boleto,Mídia paga,23,49.9,0,3.5,36.5,5,8,0,0,0,0
CLI05561,Premium,Mensal,Cartão,Mídia paga,27,107.91,10,9.4,27.4,4,8,1,1,1,0
CLI05562,Essencial,Anual,Pix,Indicação,29,44.91,10,7.4,39.2,9,7,0,0,0,0
CLI05563,Essencial,Anual,Boleto,Mídia paga,25,49.9,0,2.0,36.1,7,5,2,1,0,0
CLI05564,Essencial,Mensal,Cartão,Busca orgânica,12,47.4,5,2.0,25.2,5,9,1,1,0,0
CLI05565,Premium,Mensal,Cartão,Mídia paga,75,119.9,0,6.7,14.7,8,7,1,1,0,0
CLI05566,Essencial,Mensal,Boleto,Parceiro,23,42.42,15,3.1,45.2,7,7,1,1,0,0
CLI05567,Plus,Mensal,Pix,Indicação,4,75.9,5,4.9,39.6,6,6,1,1,0,1
CLI05568,Essencial,Mensal,Boleto,Indicação,20,49.9,0,2.0,8.2,2,9,0,0,0,0
CLI05569,Essencial,Mensal,Débito automático,Mídia paga,21,44.91,10,1.2,21.9,2,9,0,0,1,0
CLI05570,Premium,Anual,Pix,Mídia paga,13,119.9,0,2.1,21.0,4,6,1,0,0,0
CLI05571,Essencial,Mensal,Pix,Busca orgânica,10,39.92,20,1.2,44.6,11,7,2,0,0,0
CLI05572,Essencial,Mensal,Pix,Busca orgânica,27,49.9,0,1.7,43.1,8,7,1,0,0,0
CLI05573,Plus,Mensal,Cartão,Busca orgânica,26,79.9,0,12.6,34.0,4,6,1,0,0,0
CLI05574,Premium,Anual,Cartão,Mídia paga,9,95.92,20,8.0,30.0,5,4,4,0,1,0
CLI05575,Essencial,Mensal,Débito automático,Mídia paga,27,39.92,20,5.4,15.1,6,6,0,0,1,0
CLI05576,Essencial,Mensal,Boleto,Busca orgânica,32,49.9,0,1.2,23.4,2,7,0,0,0,0
CLI05577,Premium,Anual,Boleto,Busca orgânica,8,119.9,0,5.8,49.9,17,8,0,2,0,0
CLI05578,Plus,Mensal,Boleto,Busca orgânica,19,63.92,20,7.2,22.5,5,7,1,0,1,0
CLI05579,Premium,Mensal,Cartão,Indicação,74,119.9,0,2.8,27.5,8,7,1,3,0,0
CLI05580,Plus,Mensal,Pix,Indicação,37,67.92,15,4.8,10.5,6,8,0,0,1,0
CLI05581,Plus,Mensal,Cartão,Mídia paga,37,75.9,5,2.9,10.4,9,7,1,2,0,0
CLI05582,Essencial,Anual,Pix,Mídia paga,37,44.91,10,1.0,16.9,7,7,0,0,0,0
CLI05583,Essencial,Mensal,Boleto,Busca orgânica,51,44.91,10,0.8,28.6,5,7,0,0,1,0
CLI05584,Plus,Mensal,Débito automático,Mídia paga,13,71.91,10,5.2,44.3,4,7,2,0,1,1
CLI05585,Plus,Mensal,Débito automático,Mídia paga,5,79.9,0,3.4,37.5,9,7,0,0,0,0
CLI05586,Premium,Anual,Cartão,Mídia paga,19,95.92,20,5.5,18.1,9,7,1,1,0,0
CLI05587,Plus,Anual,Pix,Parceiro,16,75.9,5,1.3,35.3,9,6,0,0,0,0
CLI05588,Essencial,Mensal,Cartão,Busca orgânica,17,49.9,0,4.3,4.8,1,9,0,0,0,0
CLI05589,Plus,Mensal,Pix,Mídia paga,39,71.91,10,14.4,45.5,6,8,0,1,0,0
CLI05590,Plus,Mensal,Cartão,Busca orgânica,14,79.9,0,8.0,17.7,9,8,0,0,0,0
CLI05591,Essencial,Anual,Débito automático,Parceiro,76,49.9,0,1.8,15.3,3,8,2,1,0,0
CLI05592,Plus,Mensal,Cartão,Busca orgânica,4,71.91,10,0.8,3.9,5,9,1,1,0,0
CLI05593,Plus,Mensal,Débito automático,Mídia paga,54,71.91,10,7.2,42.0,9,6,3,0,1,1
CLI05594,Essencial,Mensal,Débito automático,Indicação,6,44.91,10,6.2,15.2,3,8,1,1,0,0
CLI05595,Plus,Anual,Cartão,Busca orgânica,38,79.9,0,6.2,2.3,6,8,1,1,0,0
CLI05596,Plus,Mensal,Pix,Busca orgânica,36,79.9,0,4.0,1.1,2,8,1,0,0,1
CLI05597,Premium,Mensal,Débito automático,Mídia paga,20,119.9,0,11.7,32.7,7,9,2,0,0,0
CLI05598,Essencial,Anual,Boleto,Busca orgânica,41,44.91,10,3.5,39.1,1,7,2,0,1,0
CLI05599,Plus,Mensal,Cartão,Busca orgânica,12,79.9,0,3.9,8.8,10,10,0,2,1,0
CLI05600,Plus,Mensal,Débito automático,Indicação,11,67.92,15,7.8,4.8,2,9,0,1,0,0
CLI05601,Plus,Mensal,Cartão,Busca orgânica,38,63.92,20,10.2,22.5,2,7,1,0,0,0
CLI05602,Essencial,Mensal,Cartão,Busca orgânica,16,42.42,15,2.0,30.6,10,9,0,0,0,0
CLI05603,Premium,Mensal,Cartão,Busca orgânica,71,113.9,5,3.1,59.4,9,7,1,1,0,0
CLI05604,Premium,Mensal,Pix,Busca orgânica,38,113.9,5,6.5,12.5,3,5,2,0,0,0
CLI05605,Plus,Mensal,Cartão,Parceiro,30,75.9,5,5.5,55.1,14,6,1,0,0,1
CLI05606,Plus,Mensal,Débito automático,Busca orgânica,17,71.91,10,4.3,45.7,4,5,1,0,0,1
CLI05607,Essencial,Anual,Cartão,Indicação,9,42.42,15,6.6,51.4,10,7,0,0,0,0
CLI05608,Plus,Mensal,Cartão,Mídia paga,48,67.92,15,6.8,37.4,11,6,0,1,0,0
CLI05609,Essencial,Anual,Débito automático,Indicação,47,49.9,0,3.8,34.1,7,3,2,0,0,0
CLI05610,Plus,Mensal,Cartão,Mídia paga,13,79.9,0,4.1,15.0,6,9,1,1,0,0
CLI05611,Essencial,Mensal,Cartão,Busca orgânica,8,47.4,5,8.7,11.6,4,4,0,1,0,0
CLI05612,Plus,Mensal,Cartão,Indicação,25,79.9,0,8.3,39.6,14,6,1,0,1,0
CLI05613,Essencial,Mensal,Cartão,Parceiro,24,44.91,10,9.4,14.0,7,5,0,0,1,0
CLI05614,Plus,Mensal,Pix,Busca orgânica,42,71.91,10,5.1,18.3,3,8,1,0,1,0
CLI05615,Plus,Mensal,Débito automático,Mídia paga,19,71.91,10,3.1,11.5,3,5,0,1,0,0
CLI05616,Essencial,Anual,Débito automático,Busca orgânica,65,49.9,0,6.0,12.2,4,8,0,0,0,0
CLI05617,Essencial,Anual,Cartão,Busca orgânica,34,44.91,10,2.9,55.2,3,5,0,0,0,0
CLI05618,Premium,Mensal,Cartão,Busca orgânica,72,119.9,0,3.9,13.5,8,10,0,0,0,0
CLI05619,Plus,Anual,Débito automático,Busca orgânica,7,75.9,5,4.0,35.6,6,8,0,1,0,0
CLI05620,Essencial,Mensal,Cartão,Mídia paga,27,44.91,10,4.9,35.2,5,7,1,1,0,0
CLI05621,Essencial,Mensal,Cartão,Indicação,61,49.9,0,3.1,5.7,2,10,0,0,0,0
CLI05622,Essencial,Mensal,Cartão,Busca orgânica,8,42.42,15,2.2,1.9,4,7,0,0,0,0
CLI05623,Plus,Anual,Débito automático,Busca orgânica,45,79.9,0,4.1,41.5,6,6,0,0,0,0
CLI05624,Plus,Anual,Débito automático,Mídia paga,5,67.92,15,3.1,18.6,3,10,0,0,0,0
CLI05625,Essencial,Anual,Cartão,Indicação,9,39.92,20,1.7,46.0,7,8,0,1,1,0
CLI05626,Plus,Anual,Cartão,Busca orgânica,8,79.9,0,1.5,9.7,4,9,0,0,1,0
CLI05627,Plus,Mensal,Débito automático,Busca orgânica,9,79.9,0,9.6,8.2,3,8,0,0,0,0
CLI05628,Plus,Anual,Cartão,Mídia paga,41,79.9,0,9.5,17.7,4,10,2,0,0,0
CLI05629,Essencial,Anual,Cartão,Parceiro,19,44.91,10,3.7,46.5,14,7,0,0,1,0
CLI05630,Essencial,Anual,Débito automático,Busca orgânica,23,49.9,0,1.8,19.2,4,10,1,0,0,0
CLI05631,Essencial,Mensal,Cartão,Busca orgânica,12,42.42,15,2.5,21.7,7,7,0,0,0,0
CLI05632,Essencial,Anual,Cartão,Busca orgânica,24,44.91,10,1.3,20.7,7,6,3,0,1,0
CLI05633,Essencial,Mensal,Débito automático,Mídia paga,60,44.91,10,1.1,67.4,6,7,3,0,0,0
CLI05634,Essencial,Anual,Débito automático,Busca orgânica,8,44.91,10,1.9,23.1,9,5,0,0,1,0
CLI05635,Essencial,Anual,Cartão,Indicação,96,44.91,10,4.4,28.2,6,7,0,1,0,0
CLI05636,Plus,Anual,Cartão,Mídia paga,21,79.9,0,1.4,18.8,8,6,1,1,0,0
CLI05637,Essencial,Mensal,Cartão,Indicação,12,44.91,10,4.6,32.4,9,6,0,1,0,0
CLI05638,Plus,Mensal,Pix,Indicação,8,71.91,10,5.7,10.6,9,8,1,0,0,0
CLI05639,Essencial,Anual,Cartão,Parceiro,31,44.91,10,3.9,2.0,5,8,1,1,0,0
CLI05640,Plus,Anual,Cartão,Mídia paga,28,67.92,15,4.6,41.3,10,5,3,0,0,0
CLI05641,Essencial,Anual,Cartão,Mídia paga,9,47.4,5,3.8,14.7,6,8,1,0,0,0
CLI05642,Plus,Anual,Pix,Indicação,53,75.9,5,4.2,15.3,4,6,0,1,1,0
CLI05643,Plus,Mensal,Cartão,Busca orgânica,35,75.9,5,1.4,24.3,4,9,0,0,1,0
CLI05644,Essencial,Anual,Pix,Busca orgânica,51,44.91,10,8.2,25.1,4,8,0,1,0,0
CLI05645,Plus,Mensal,Pix,Mídia paga,56,63.92,20,3.4,10.9,4,10,2,0,0,0
CLI05646,Essencial,Mensal,Boleto,Mídia paga,8,44.91,10,2.4,21.8,5,7,2,1,0,0
CLI05647,Plus,Mensal,Pix,Busca orgânica,56,79.9,0,4.7,30.2,8,4,1,0,1,0
CLI05648,Essencial,Mensal,Débito automático,Busca orgânica,39,47.4,5,9.2,12.6,2,8,1,2,0,0
CLI05649,Essencial,Mensal,Cartão,Indicação,35,39.92,20,5.6,37.9,11,7,0,1,0,0
CLI05650,Essencial,Anual,Débito automático,Mídia paga,20,49.9,0,3.6,78.6,8,5,1,0,1,1
CLI05651,Premium,Mensal,Pix,Busca orgânica,54,101.92,15,6.0,23.3,6,4,1,0,0,1
CLI05652,Essencial,Anual,Débito automático,Mídia paga,59,42.42,15,2.3,39.6,10,8,0,0,1,0
CLI05653,Plus,Mensal,Boleto,Mídia paga,33,79.9,0,6.0,38.1,4,7,0,2,0,0
CLI05654,Essencial,Anual,Cartão,Indicação,35,42.42,15,2.1,6.1,5,8,0,0,0,0
CLI05655,Essencial,Mensal,Boleto,Parceiro,89,44.91,10,3.0,36.2,7,5,1,0,1,0
CLI05656,Essencial,Anual,Débito automático,Mídia paga,1,39.92,20,6.8,54.8,6,4,1,0,0,0
CLI05657,Premium,Mensal,Débito automático,Mídia paga,64,113.9,5,5.5,25.9,8,7,2,0,0,0
CLI05658,Plus,Mensal,Pix,Indicação,25,71.91,10,6.3,11.9,7,6,0,1,1,0
CLI05659,Essencial,Mensal,Cartão,Indicação,67,49.9,0,2.5,9.5,6,7,0,0,0,0
CLI05660,Plus,Mensal,Débito automático,Indicação,12,79.9,0,3.4,66.0,19,7,0,0,0,0
CLI05661,Essencial,Mensal,Cartão,Busca orgânica,32,49.9,0,6.5,30.9,2,6,0,1,0,0
CLI05662,Essencial,Mensal,Pix,Busca orgânica,32,47.4,5,5.0,18.7,8,10,0,0,0,0
CLI05663,Plus,Mensal,Cartão,Mídia paga,37,79.9,0,8.8,3.7,3,9,1,0,0,0
CLI05664,Essencial,Anual,Cartão,Busca orgânica,21,42.42,15,4.1,6.0,7,8,1,0,0,0
CLI05665,Essencial,Mensal,Débito automático,Busca orgânica,16,49.9,0,3.3,15.1,3,9,1,0,0,0
CLI05666,Plus,Mensal,Débito automático,Parceiro,37,71.91,10,1.1,63.6,4,4,1,0,0,0
CLI05667,Essencial,Mensal,Débito automático,Mídia paga,40,39.92,20,1.6,4.5,5,6,2,0,0,0
CLI05668,Premium,Mensal,Débito automático,Busca orgânica,23,113.9,5,2.6,5.0,6,5,2,0,0,0
CLI05669,Plus,Mensal,Débito automático,Parceiro,36,79.9,0,3.9,10.1,8,7,1,0,0,0
CLI05670,Premium,Anual,Boleto,Busca orgânica,75,119.9,0,7.3,19.5,7,6,2,0,1,0
CLI05671,Plus,Mensal,Pix,Mídia paga,27,63.92,20,2.0,26.2,5,7,0,0,0,0
CLI05672,Premium,Mensal,Débito automático,Busca orgânica,3,95.92,20,2.3,33.1,10,8,0,0,1,0
CLI05673,Essencial,Mensal,Débito automático,Mídia paga,33,44.91,10,2.5,11.5,7,7,2,0,0,0
CLI05674,Plus,Mensal,Débito automático,Mídia paga,9,71.91,10,1.5,19.8,5,7,0,0,0,0
CLI05675,Plus,Anual,Débito automático,Mídia paga,31,75.9,5,9.7,17.7,2,7,2,0,0,0
CLI05676,Premium,Mensal,Pix,Busca orgânica,47,113.9,5,2.9,17.9,2,9,1,0,1,0
CLI05677,Essencial,Anual,Pix,Parceiro,23,47.4,5,2.5,16.2,3,8,1,0,0,0
CLI05678,Plus,Mensal,Pix,Busca orgânica,44,75.9,5,2.6,7.0,7,9,0,0,1,0
CLI05679,Plus,Mensal,Débito automático,Mídia paga,44,67.92,15,3.7,16.1,3,9,0,0,0,0
CLI05680,Essencial,Mensal,Pix,Indicação,57,42.42,15,0.6,12.2,4,7,0,0,1,0
CLI05681,Premium,Anual,Cartão,Busca orgânica,83,101.92,15,13.6,47.0,9,5,1,0,1,0
CLI05682,Essencial,Mensal,Cartão,Parceiro,68,49.9,0,7.8,43.1,10,7,2,0,0,0
CLI05683,Essencial,Mensal,Pix,Mídia paga,2,49.9,0,1.2,9.1,5,8,1,0,0,0
CLI05684,Plus,Anual,Cartão,Indicação,16,63.92,20,5.0,68.1,10,8,1,0,0,1
CLI05685,Essencial,Mensal,Cartão,Mídia paga,12,49.9,0,3.6,22.1,5,6,0,1,0,0
CLI05686,Essencial,Mensal,Cartão,Indicação,39,49.9,0,3.0,30.3,9,7,0,2,0,0
CLI05687,Essencial,Mensal,Cartão,Busca orgânica,23,49.9,0,6.2,18.3,10,8,0,0,0,0
CLI05688,Essencial,Mensal,Débito automático,Indicação,13,49.9,0,4.8,10.0,5,8,0,0,0,0
CLI05689,Plus,Anual,Pix,Busca orgânica,16,75.9,5,3.1,61.4,11,7,0,0,1,0
CLI05690,Premium,Mensal,Débito automático,Indicação,18,119.9,0,9.4,73.4,12,3,1,1,1,1
CLI05691,Plus,Mensal,Cartão,Mídia paga,43,75.9,5,3.0,18.2,8,7,1,0,0,0
CLI05692,Essencial,Mensal,Cartão,Mídia paga,6,47.4,5,1.0,36.3,4,5,1,1,0,0
CLI05693,Plus,Anual,Cartão,Busca orgânica,13,75.9,5,11.2,31.5,4,6,0,1,0,0
CLI05694,Premium,Mensal,Cartão,Mídia paga,2,107.91,10,17.6,42.9,7,6,1,1,0,0
CLI05695,Plus,Mensal,Cartão,Busca orgânica,43,75.9,5,1.8,34.1,8,8,0,2,0,0
CLI05696,Essencial,Anual,Pix,Parceiro,53,49.9,0,3.3,48.8,5,8,0,0,0,0
CLI05697,Essencial,Mensal,Cartão,Mídia paga,35,44.91,10,6.1,16.4,6,6,1,0,0,0
CLI05698,Premium,Anual,Débito automático,Parceiro,39,107.91,10,5.9,4.1,5,7,1,0,0,0
CLI05699,Premium,Anual,Pix,Mídia paga,29,113.9,5,5.2,28.6,7,8,0,0,0,0
CLI05700,Essencial,Mensal,Cartão,Mídia paga,35,49.9,0,3.8,73.4,11,5,2,0,0,1
CLI05701,Premium,Anual,Débito automático,Indicação,4,95.92,20,8.0,1.1,7,8,0,0,0,0
CLI05702,Essencial,Anual,Pix,Mídia paga,34,49.9,0,3.1,85.5,17,6,0,0,0,0
CLI05703,Essencial,Mensal,Cartão,Mídia paga,12,49.9,0,5.9,43.0,8,6,1,2,0,1
CLI05704,Plus,Mensal,Pix,Busca orgânica,39,79.9,0,5.0,66.6,13,6,1,1,0,1
CLI05705,Plus,Anual,Débito automático,Busca orgânica,21,71.91,10,3.6,15.1,3,8,0,1,0,0
CLI05706,Essencial,Mensal,Pix,Busca orgânica,63,44.91,10,9.0,1.0,3,9,2,0,0,0
CLI05707,Premium,Mensal,Boleto,Busca orgânica,30,101.92,15,3.3,8.8,7,8,1,1,0,0
CLI05708,Premium,Mensal,Cartão,Parceiro,11,107.91,10,7.7,34.0,5,5,1,2,1,0
CLI05709,Essencial,Anual,Cartão,Indicação,8,49.9,0,2.6,48.7,5,8,1,0,1,1
CLI05710,Plus,Anual,Débito automático,Indicação,12,71.91,10,5.7,12.9,7,8,0,0,1,0
CLI05711,Plus,Anual,Pix,Indicação,25,79.9,0,2.1,29.1,6,8,0,0,1,0
CLI05712,Plus,Mensal,Boleto,Mídia paga,60,67.92,15,1.9,16.5,9,8,1,1,0,0
CLI05713,Premium,Anual,Débito automático,Mídia paga,18,119.9,0,6.7,16.4,3,8,0,0,0,0
CLI05714,Plus,Mensal,Pix,Mídia paga,33,75.9,5,5.8,15.1,7,6,0,0,1,0
CLI05715,Essencial,Mensal,Pix,Indicação,8,39.92,20,0.6,3.8,8,6,0,0,0,0
CLI05716,Essencial,Anual,Cartão,Parceiro,39,44.91,10,3.8,24.5,9,6,0,0,1,0
CLI05717,Premium,Mensal,Cartão,Busca orgânica,22,119.9,0,5.2,75.0,15,5,0,1,1,1
CLI05718,Premium,Mensal,Cartão,Indicação,33,107.91,10,1.7,27.1,6,8,0,0,1,0
CLI05719,Essencial,Mensal,Cartão,Indicação,66,49.9,0,1.3,27.4,5,10,1,0,0,0
CLI05720,Essencial,Mensal,Débito automático,Busca orgânica,27,49.9,0,1.2,17.4,6,9,1,1,0,0
CLI05721,Plus,Anual,Débito automático,Busca orgânica,9,75.9,5,4.5,71.7,15,4,1,0,0,0
CLI05722,Essencial,Mensal,Boleto,Mídia paga,29,39.92,20,0.5,34.1,6,7,1,0,1,0
CLI05723,Essencial,Anual,Cartão,Indicação,28,47.4,5,3.9,33.9,8,5,2,0,1,1
CLI05724,Premium,Mensal,Cartão,Mídia paga,44,119.9,0,4.6,64.3,8,7,0,0,1,0
CLI05725,Plus,Mensal,Cartão,Busca orgânica,27,75.9,5,13.4,39.0,11,5,0,1,0,0
CLI05726,Premium,Anual,Pix,Busca orgânica,64,101.92,15,0.9,3.8,6,8,2,1,0,0
CLI05727,Plus,Mensal,Cartão,Mídia paga,45,75.9,5,3.0,33.4,5,5,2,3,0,0
CLI05728,Essencial,Anual,Pix,Mídia paga,27,49.9,0,0.4,23.1,9,6,0,0,1,0
CLI05729,Premium,Anual,Débito automático,Parceiro,25,95.92,20,5.4,26.3,9,10,0,0,0,0
CLI05730,Essencial,Mensal,Cartão,Busca orgânica,10,39.92,20,2.0,1.6,2,7,0,0,0,0
CLI05731,Essencial,Mensal,Débito automático,Indicação,19,47.4,5,6.1,7.1,5,7,3,0,0,0
CLI05732,Premium,Mensal,Cartão,Parceiro,6,101.92,15,3.5,22.1,0,7,0,3,0,0
CLI05733,Plus,Anual,Cartão,Busca orgânica,23,79.9,0,1.9,62.2,13,7,0,0,0,0
CLI05734,Premium,Mensal,Boleto,Mídia paga,5,119.9,0,3.8,3.5,1,7,0,1,0,0
CLI05735,Essencial,Anual,Cartão,Indicação,28,47.4,5,3.2,18.7,7,10,2,1,0,0
CLI05736,Premium,Anual,Cartão,Busca orgânica,9,101.92,15,4.8,28.6,5,9,1,0,0,0
CLI05737,Plus,Mensal,Boleto,Parceiro,33,71.91,10,6.0,37.0,8,6,0,2,0,0
CLI05738,Plus,Anual,Cartão,Parceiro,26,63.92,20,6.1,58.1,8,7,0,2,0,1
CLI05739,Premium,Mensal,Cartão,Parceiro,16,107.91,10,3.6,34.0,9,8,0,0,0,0
CLI05740,Essencial,Mensal,Cartão,Mídia paga,7,44.91,10,1.6,1.9,7,7,0,2,0,0
CLI05741,Plus,Mensal,Débito automático,Busca orgânica,24,67.92,15,4.9,24.7,8,7,0,0,0,0
CLI05742,Plus,Anual,Pix,Mídia paga,23,79.9,0,7.6,27.1,10,9,2,1,0,0
CLI05743,Plus,Mensal,Pix,Indicação,80,71.91,10,0.8,27.4,5,3,0,0,0,0
CLI05744,Premium,Anual,Boleto,Mídia paga,18,119.9,0,6.4,5.7,4,7,2,1,0,0
CLI05745,Plus,Mensal,Cartão,Mídia paga,42,75.9,5,3.3,42.7,3,7,0,0,0,0
CLI05746,Essencial,Mensal,Pix,Mídia paga,14,47.4,5,1.3,48.8,11,7,0,0,1,0
CLI05747,Essencial,Anual,Boleto,Busca orgânica,11,44.91,10,3.9,31.3,3,9,0,0,0,0
CLI05748,Premium,Anual,Cartão,Busca orgânica,36,95.92,20,3.6,11.2,9,10,2,0,0,0
CLI05749,Premium,Mensal,Boleto,Mídia paga,17,119.9,0,11.2,45.0,10,5,1,1,0,0
CLI05750,Premium,Mensal,Boleto,Parceiro,24,95.92,20,15.6,25.3,9,8,1,2,1,0
CLI05751,Essencial,Mensal,Boleto,Busca orgânica,2,44.91,10,1.3,15.3,8,6,0,0,1,0
CLI05752,Essencial,Mensal,Cartão,Indicação,15,44.91,10,2.9,12.6,6,5,2,0,1,1
CLI05753,Plus,Anual,Pix,Parceiro,16,71.91,10,3.2,34.0,10,10,0,0,0,0
CLI05754,Plus,Mensal,Débito automático,Mídia paga,10,79.9,0,2.9,27.8,7,6,0,0,0,1
CLI05755,Essencial,Mensal,Cartão,Mídia paga,19,49.9,0,2.3,21.4,8,6,1,0,0,0
CLI05756,Plus,Anual,Pix,Parceiro,5,79.9,0,3.4,20.1,5,7,0,0,0,0
CLI05757,Essencial,Mensal,Cartão,Mídia paga,28,49.9,0,7.2,8.5,2,9,0,1,0,0
CLI05758,Plus,Anual,Cartão,Mídia paga,19,75.9,5,7.1,9.3,2,7,0,0,1,0
CLI05759,Essencial,Mensal,Débito automático,Mídia paga,18,49.9,0,7.1,30.6,8,7,3,0,0,0
CLI05760,Essencial,Mensal,Boleto,Busca orgânica,36,44.91,10,1.3,45.7,5,6,1,1,1,0
CLI05761,Essencial,Mensal,Cartão,Busca orgânica,10,47.4,5,5.0,30.2,8,6,0,1,0,1
CLI05762,Premium,Mensal,Cartão,Busca orgânica,66,107.91,10,6.7,36.7,13,10,0,2,0,0
CLI05763,Plus,Anual,Pix,Mídia paga,10,79.9,0,7.4,10.8,7,9,1,0,0,0
CLI05764,Premium,Mensal,Cartão,Busca orgânica,46,113.9,5,2.9,13.9,3,5,1,1,0,0
CLI05765,Plus,Mensal,Pix,Parceiro,59,67.92,15,1.5,20.4,1,6,0,0,0,0
CLI05766,Essencial,Mensal,Débito automático,Busca orgânica,4,42.42,15,1.5,2.8,2,10,0,0,0,0
CLI05767,Essencial,Mensal,Cartão,Mídia paga,13,44.91,10,1.7,20.3,4,6,1,0,0,0
CLI05768,Plus,Mensal,Débito automático,Indicação,7,71.91,10,3.9,36.0,8,5,0,0,1,0
CLI05769,Essencial,Mensal,Cartão,Busca orgânica,35,42.42,15,6.4,8.7,5,7,1,0,1,0
CLI05770,Plus,Mensal,Cartão,Busca orgânica,15,79.9,0,6.5,20.9,3,6,0,0,1,0
CLI05771,Plus,Anual,Débito automático,Mídia paga,11,79.9,0,2.3,18.0,8,4,1,0,1,0
CLI05772,Premium,Mensal,Cartão,Indicação,21,107.91,10,4.9,14.0,7,7,1,2,0,0
CLI05773,Essencial,Anual,Cartão,Busca orgânica,25,49.9,0,3.2,30.7,8,7,0,0,0,0
CLI05774,Plus,Mensal,Pix,Mídia paga,54,79.9,0,0.4,54.0,7,4,2,0,0,0
CLI05775,Essencial,Anual,Cartão,Mídia paga,54,39.92,20,5.1,31.3,8,6,0,1,1,0
CLI05776,Essencial,Mensal,Pix,Mídia paga,13,49.9,0,4.4,15.9,5,8,3,0,0,0
CLI05777,Plus,Mensal,Débito automático,Mídia paga,6,71.91,10,5.9,56.7,13,5,0,1,0,0
CLI05778,Plus,Mensal,Cartão,Mídia paga,32,75.9,5,3.3,29.5,12,6,0,1,0,1
CLI05779,Plus,Mensal,Cartão,Busca orgânica,20,79.9,0,7.9,9.9,4,9,1,1,0,0
CLI05780,Essencial,Mensal,Cartão,Busca orgânica,57,47.4,5,3.2,72.0,9,6,1,1,1,0
CLI05781,Premium,Mensal,Débito automático,Indicação,58,119.9,0,6.6,33.7,12,10,0,0,0,0
CLI05782,Premium,Anual,Cartão,Indicação,33,119.9,0,12.2,12.0,4,10,1,0,0,0
CLI05783,Plus,Mensal,Débito automático,Mídia paga,27,71.91,10,3.7,11.2,6,8,0,2,0,0
CLI05784,Premium,Anual,Cartão,Parceiro,29,113.9,5,1.4,64.9,9,5,0,0,1,0
CLI05785,Essencial,Mensal,Débito automático,Mídia paga,27,47.4,5,5.7,13.6,5,8,0,0,0,0
CLI05786,Plus,Mensal,Débito automático,Busca orgânica,29,75.9,5,1.3,13.9,6,9,0,0,0,0
CLI05787,Premium,Mensal,Débito automático,Mídia paga,16,113.9,5,5.1,35.4,14,6,0,1,1,0
CLI05788,Plus,Mensal,Débito automático,Busca orgânica,15,79.9,0,1.3,25.4,7,8,1,0,0,0
CLI05789,Plus,Anual,Cartão,Busca orgânica,18,79.9,0,2.1,18.3,9,6,0,0,0,0
CLI05790,Plus,Mensal,Cartão,Indicação,77,71.91,10,5.4,70.2,12,4,2,0,1,1
CLI05791,Plus,Anual,Cartão,Mídia paga,2,71.91,10,7.3,32.8,8,7,0,0,0,0
CLI05792,Plus,Mensal,Cartão,Mídia paga,15,79.9,0,8.4,18.4,4,9,1,1,0,0
CLI05793,Essencial,Mensal,Pix,Mídia paga,17,49.9,0,6.0,37.1,7,6,1,0,0,0
CLI05794,Essencial,Mensal,Débito automático,Mídia paga,32,47.4,5,5.6,29.7,5,7,1,0,0,0
CLI05795,Plus,Anual,Pix,Mídia paga,14,71.91,10,4.1,45.2,6,8,0,0,0,0
CLI05796,Plus,Mensal,Boleto,Busca orgânica,61,71.91,10,8.9,43.7,5,6,1,0,0,1
CLI05797,Plus,Anual,Débito automático,Mídia paga,51,79.9,0,2.8,16.8,4,6,1,0,0,0
CLI05798,Premium,Mensal,Cartão,Indicação,63,107.91,10,1.2,42.1,12,8,0,1,0,0
CLI05799,Plus,Mensal,Cartão,Busca orgânica,27,79.9,0,5.7,19.1,6,7,0,0,0,0
CLI05800,Essencial,Anual,Pix,Busca orgânica,58,47.4,5,1.0,22.3,7,6,1,0,0,0
CLI05801,Essencial,Mensal,Cartão,Indicação,13,49.9,0,1.4,15.6,8,6,2,0,0,0
CLI05802,Plus,Anual,Cartão,Mídia paga,24,79.9,0,2.0,30.8,12,5,0,0,0,0
CLI05803,Plus,Mensal,Pix,Indicação,4,75.9,5,2.4,62.9,12,4,2,0,0,0
CLI05804,Plus,Anual,Débito automático,Busca orgânica,35,75.9,5,6.0,25.3,7,7,1,0,0,0
CLI05805,Plus,Mensal,Cartão,Busca orgânica,34,79.9,0,10.5,30.9,7,5,0,0,1,1
CLI05806,Plus,Anual,Cartão,Mídia paga,28,79.9,0,7.1,22.1,3,10,0,0,0,0
CLI05807,Plus,Mensal,Cartão,Indicação,20,75.9,5,2.2,18.5,4,7,0,1,0,1
CLI05808,Premium,Anual,Cartão,Mídia paga,43,107.91,10,4.2,35.9,5,8,0,0,1,0
CLI05809,Essencial,Mensal,Cartão,Busca orgânica,56,49.9,0,0.5,37.7,7,9,1,1,0,0
CLI05810,Plus,Anual,Débito automático,Busca orgânica,79,71.91,10,3.6,28.4,6,9,0,0,0,0
CLI05811,Plus,Anual,Pix,Indicação,33,63.92,20,5.5,10.0,2,9,0,0,1,0
CLI05812,Essencial,Anual,Cartão,Parceiro,23,44.91,10,5.3,39.2,8,6,0,0,1,0
CLI05813,Plus,Mensal,Boleto,Busca orgânica,16,71.91,10,2.0,4.3,4,5,1,0,0,0
CLI05814,Plus,Mensal,Pix,Busca orgânica,37,71.91,10,7.8,48.5,14,5,1,0,0,0
CLI05815,Plus,Anual,Cartão,Indicação,13,67.92,15,2.4,19.8,4,5,2,1,0,0
CLI05816,Plus,Mensal,Débito automático,Busca orgânica,35,79.9,0,7.9,27.5,6,9,0,0,1,0
CLI05817,Essencial,Mensal,Débito automático,Busca orgânica,13,49.9,0,5.3,3.3,5,8,1,1,0,0
CLI05818,Essencial,Mensal,Pix,Indicação,24,47.4,5,7.3,6.2,4,9,1,0,0,0
CLI05819,Essencial,Mensal,Cartão,Mídia paga,12,49.9,0,11.7,41.5,7,7,0,1,0,1
CLI05820,Essencial,Mensal,Débito automático,Parceiro,17,49.9,0,1.9,32.6,5,4,1,2,1,1
CLI05821,Plus,Anual,Cartão,Busca orgânica,33,67.92,15,7.2,33.6,9,8,2,0,0,0
CLI05822,Premium,Mensal,Cartão,Busca orgânica,47,107.91,10,4.5,50.7,9,7,0,0,0,0
CLI05823,Plus,Mensal,Débito automático,Busca orgânica,19,79.9,0,1.7,0.0,5,9,1,0,1,0
CLI05824,Essencial,Anual,Débito automático,Parceiro,2,49.9,0,3.9,17.5,5,8,0,0,0,0
CLI05825,Essencial,Mensal,Pix,Mídia paga,5,44.91,10,4.5,11.0,3,10,0,0,0,0
CLI05826,Essencial,Anual,Cartão,Indicação,5,47.4,5,2.4,24.7,6,7,0,1,0,0
CLI05827,Plus,Mensal,Cartão,Mídia paga,59,79.9,0,2.2,7.4,5,5,3,1,1,1
CLI05828,Essencial,Mensal,Débito automático,Busca orgânica,96,42.42,15,3.9,16.5,11,8,1,0,0,0
CLI05829,Plus,Mensal,Débito automático,Indicação,23,63.92,20,2.1,58.9,6,6,0,0,0,0
CLI05830,Plus,Mensal,Débito automático,Parceiro,5,79.9,0,3.8,5.8,4,10,1,2,0,0
CLI05831,Plus,Anual,Cartão,Indicação,11,71.91,10,6.6,6.0,8,7,0,0,1,0
CLI05832,Essencial,Mensal,Boleto,Busca orgânica,10,49.9,0,3.7,5.3,7,9,1,0,0,0
CLI05833,Essencial,Mensal,Cartão,Mídia paga,57,39.92,20,4.9,24.4,2,10,0,0,0,0
CLI05834,Plus,Mensal,Cartão,Mídia paga,18,75.9,5,2.6,20.4,1,6,1,0,1,0
CLI05835,Plus,Mensal,Débito automático,Indicação,96,79.9,0,3.8,33.7,5,5,1,1,0,0
CLI05836,Essencial,Anual,Cartão,Mídia paga,9,47.4,5,2.0,44.8,8,6,1,0,0,1
CLI05837,Premium,Mensal,Pix,Mídia paga,10,119.9,0,6.0,14.7,1,8,2,1,0,1
CLI05838,Plus,Mensal,Pix,Mídia paga,18,75.9,5,2.6,15.9,6,10,0,0,0,0
CLI05839,Plus,Mensal,Débito automático,Indicação,16,79.9,0,3.8,14.4,6,10,0,0,1,0
CLI05840,Essencial,Anual,Cartão,Indicação,51,44.91,10,3.0,54.9,7,7,0,0,0,0
CLI05841,Essencial,Mensal,Cartão,Parceiro,26,44.91,10,6.8,47.7,8,9,0,0,0,0
CLI05842,Essencial,Mensal,Pix,Mídia paga,38,49.9,0,2.2,54.0,9,6,1,0,0,0
CLI05843,Essencial,Anual,Débito automático,Busca orgânica,31,49.9,0,3.5,9.9,7,8,1,0,0,0
CLI05844,Plus,Mensal,Boleto,Mídia paga,31,79.9,0,9.6,14.9,8,8,0,1,1,1
CLI05845,Plus,Anual,Cartão,Indicação,21,75.9,5,1.4,27.0,9,6,0,1,0,0
CLI05846,Premium,Mensal,Débito automático,Parceiro,53,119.9,0,7.9,25.3,5,7,0,0,0,0
CLI05847,Premium,Anual,Cartão,Mídia paga,46,113.9,5,7.8,52.8,12,6,0,0,0,0
CLI05848,Essencial,Mensal,Cartão,Mídia paga,13,44.91,10,3.3,4.4,2,9,1,2,1,1
CLI05849,Essencial,Mensal,Cartão,Mídia paga,18,39.92,20,2.8,38.4,11,8,1,0,1,1
CLI05850,Plus,Mensal,Cartão,Mídia paga,12,63.92,20,9.1,1.4,6,6,0,0,0,0
CLI05851,Premium,Mensal,Cartão,Busca orgânica,27,119.9,0,0.5,15.5,3,8,0,0,1,0
CLI05852,Premium,Mensal,Cartão,Indicação,33,107.91,10,7.3,26.0,10,7,1,1,0,0
CLI05853,Essencial,Mensal,Cartão,Busca orgânica,16,44.91,10,3.3,21.9,6,6,4,0,0,0
CLI05854,Essencial,Mensal,Débito automático,Parceiro,18,42.42,15,3.2,17.3,3,6,0,3,0,0
CLI05855,Essencial,Anual,Cartão,Mídia paga,13,49.9,0,2.3,86.5,13,3,3,0,1,1
CLI05856,Premium,Mensal,Débito automático,Busca orgânica,11,119.9,0,3.9,12.9,3,7,2,0,0,0
CLI05857,Plus,Anual,Débito automático,Indicação,18,79.9,0,3.1,38.2,7,7,1,1,0,0
CLI05858,Plus,Anual,Cartão,Mídia paga,22,79.9,0,3.7,41.9,5,6,1,1,0,0
CLI05859,Plus,Mensal,Débito automático,Mídia paga,12,71.91,10,3.8,35.6,5,8,0,1,0,0
CLI05860,Essencial,Anual,Cartão,Busca orgânica,10,42.42,15,0.5,15.9,3,10,1,0,0,0
CLI05861,Plus,Anual,Cartão,Mídia paga,92,75.9,5,6.1,88.2,9,5,1,0,0,0
CLI05862,Essencial,Anual,Débito automático,Busca orgânica,17,47.4,5,1.1,40.7,11,6,1,1,1,0
CLI05863,Plus,Mensal,Pix,Busca orgânica,28,75.9,5,4.9,37.3,7,7,0,0,0,0
CLI05864,Plus,Mensal,Cartão,Busca orgânica,37,79.9,0,2.4,6.1,2,8,0,1,0,0
CLI05865,Plus,Anual,Boleto,Indicação,31,75.9,5,5.0,18.9,7,7,1,1,0,0
CLI05866,Essencial,Mensal,Débito automático,Busca orgânica,40,49.9,0,7.5,44.9,15,8,0,0,1,0
CLI05867,Premium,Mensal,Cartão,Mídia paga,27,119.9,0,2.2,6.9,6,10,1,0,1,0
CLI05868,Plus,Mensal,Cartão,Indicação,6,71.91,10,4.7,29.5,6,6,0,1,0,0
CLI05869,Essencial,Anual,Débito automático,Busca orgânica,28,47.4,5,3.1,12.1,3,4,2,1,1,1
CLI05870,Essencial,Anual,Boleto,Busca orgânica,19,47.4,5,1.2,42.9,12,7,1,1,0,0
CLI05871,Plus,Anual,Pix,Busca orgânica,12,71.91,10,9.5,5.0,9,8,1,0,0,0
CLI05872,Essencial,Anual,Débito automático,Mídia paga,75,44.91,10,1.3,40.2,7,9,0,0,0,0
CLI05873,Essencial,Mensal,Pix,Mídia paga,5,49.9,0,0.8,13.0,5,10,0,1,1,0
CLI05874,Essencial,Mensal,Cartão,Mídia paga,34,44.91,10,2.0,57.2,5,7,0,0,1,1
CLI05875,Essencial,Mensal,Boleto,Busca orgânica,33,49.9,0,6.7,6.8,3,8,1,0,0,0
CLI05876,Plus,Mensal,Débito automático,Indicação,63,79.9,0,4.9,13.1,3,7,0,0,0,0
CLI05877,Plus,Mensal,Pix,Busca orgânica,30,63.92,20,9.2,43.7,7,7,0,0,0,0
CLI05878,Essencial,Anual,Débito automático,Mídia paga,16,42.42,15,3.9,15.3,6,4,2,1,0,0
CLI05879,Plus,Mensal,Pix,Indicação,4,75.9,5,6.9,46.4,8,10,0,1,0,0
CLI05880,Essencial,Mensal,Cartão,Mídia paga,5,49.9,0,1.3,16.4,6,7,2,1,1,0
CLI05881,Essencial,Mensal,Débito automático,Parceiro,17,47.4,5,0.7,51.2,11,5,3,0,0,0
CLI05882,Essencial,Mensal,Cartão,Mídia paga,57,47.4,5,4.5,0.9,6,7,0,0,0,0
CLI05883,Plus,Mensal,Cartão,Busca orgânica,6,79.9,0,2.7,18.3,6,9,0,0,0,0
CLI05884,Premium,Mensal,Cartão,Mídia paga,27,119.9,0,1.5,19.5,5,9,0,1,0,0
CLI05885,Plus,Mensal,Cartão,Busca orgânica,53,75.9,5,6.2,22.5,7,10,0,0,1,0
CLI05886,Essencial,Mensal,Boleto,Parceiro,71,42.42,15,3.9,11.2,6,10,0,0,1,0
CLI05887,Essencial,Anual,Cartão,Busca orgânica,20,49.9,0,8.0,40.7,9,7,0,1,0,0
CLI05888,Essencial,Anual,Cartão,Mídia paga,3,42.42,15,2.4,23.2,7,8,0,1,0,1
CLI05889,Premium,Anual,Débito automático,Indicação,48,119.9,0,5.3,6.3,1,8,0,0,0,0
CLI05890,Essencial,Mensal,Débito automático,Mídia paga,17,49.9,0,4.4,46.8,6,7,0,1,0,1
CLI05891,Premium,Mensal,Débito automático,Busca orgânica,35,101.92,15,15.6,44.0,10,5,2,0,0,0
CLI05892,Plus,Mensal,Boleto,Indicação,35,79.9,0,8.6,29.5,8,10,0,1,0,0
CLI05893,Plus,Anual,Débito automático,Busca orgânica,11,71.91,10,2.0,25.2,6,5,0,0,1,0
CLI05894,Premium,Mensal,Débito automático,Indicação,2,113.9,5,4.7,19.0,9,9,1,0,0,0
CLI05895,Essencial,Mensal,Cartão,Indicação,27,49.9,0,3.4,9.2,10,7,1,2,1,0
CLI05896,Plus,Anual,Cartão,Parceiro,43,71.91,10,4.4,11.0,8,7,2,0,0,0
CLI05897,Essencial,Anual,Cartão,Indicação,50,49.9,0,1.5,10.2,8,8,1,0,0,0
CLI05898,Premium,Mensal,Débito automático,Mídia paga,32,107.91,10,14.7,24.6,4,6,1,0,0,0
CLI05899,Plus,Anual,Débito automático,Indicação,41,75.9,5,3.5,26.7,6,6,2,1,1,0
CLI05900,Essencial,Mensal,Débito automático,Mídia paga,14,44.91,10,0.9,7.6,4,8,0,0,0,0
CLI05901,Premium,Mensal,Pix,Parceiro,53,119.9,0,4.9,13.0,9,6,1,0,0,0
CLI05902,Essencial,Mensal,Débito automático,Busca orgânica,45,47.4,5,4.9,0.2,3,5,1,0,0,0
CLI05903,Essencial,Anual,Cartão,Parceiro,37,47.4,5,6.5,28.3,6,7,1,0,0,0
CLI05904,Plus,Mensal,Cartão,Mídia paga,15,67.92,15,2.8,6.7,4,7,1,1,0,0
CLI05905,Plus,Anual,Pix,Mídia paga,25,67.92,15,4.6,30.6,8,6,0,0,1,0
CLI05906,Premium,Mensal,Cartão,Indicação,19,113.9,5,5.9,30.8,7,8,0,2,0,0
CLI05907,Plus,Mensal,Boleto,Parceiro,20,79.9,0,4.6,29.0,7,8,0,1,1,0
CLI05908,Plus,Anual,Cartão,Mídia paga,40,75.9,5,10.8,38.6,17,6,1,1,0,0
CLI05909,Essencial,Anual,Cartão,Indicação,37,44.91,10,1.4,3.9,6,7,1,0,0,0
CLI05910,Essencial,Anual,Débito automático,Indicação,3,49.9,0,9.4,20.6,8,9,0,0,0,0
CLI05911,Premium,Anual,Cartão,Busca orgânica,14,95.92,20,1.2,30.9,3,5,1,1,1,0
CLI05912,Essencial,Anual,Pix,Indicação,33,44.91,10,2.7,8.7,3,6,3,0,0,0
CLI05913,Plus,Mensal,Cartão,Busca orgânica,21,75.9,5,9.2,3.0,6,9,0,1,0,0
CLI05914,Essencial,Anual,Cartão,Parceiro,9,44.91,10,7.0,6.5,7,6,0,0,1,0
CLI05915,Essencial,Mensal,Débito automático,Mídia paga,49,42.42,15,6.0,6.5,3,8,1,0,1,0
CLI05916,Plus,Mensal,Cartão,Busca orgânica,96,75.9,5,3.5,9.7,3,5,1,1,1,0
CLI05917,Plus,Mensal,Pix,Busca orgânica,9,79.9,0,10.1,13.2,4,7,0,0,0,0
CLI05918,Plus,Mensal,Cartão,Mídia paga,4,71.91,10,10.6,16.9,11,8,0,0,0,0
CLI05919,Premium,Mensal,Pix,Parceiro,68,119.9,0,11.4,20.2,7,7,3,0,1,0
CLI05920,Essencial,Mensal,Cartão,Mídia paga,13,49.9,0,0.8,10.7,6,7,3,1,0,0
CLI05921,Plus,Mensal,Cartão,Mídia paga,41,79.9,0,2.4,32.4,6,7,1,0,0,0
CLI05922,Essencial,Anual,Débito automático,Mídia paga,12,44.91,10,3.8,13.8,3,8,0,0,1,0
CLI05923,Plus,Anual,Pix,Busca orgânica,78,67.92,15,8.0,26.1,7,7,1,0,0,0
CLI05924,Essencial,Mensal,Boleto,Indicação,44,44.91,10,1.5,32.5,6,5,0,0,0,0
CLI05925,Plus,Anual,Débito automático,Mídia paga,13,79.9,0,3.3,38.4,6,4,2,1,0,0
CLI05926,Essencial,Mensal,Pix,Mídia paga,11,49.9,0,2.8,30.2,10,8,1,0,0,0
CLI05927,Plus,Mensal,Cartão,Mídia paga,12,63.92,20,4.5,41.2,10,8,1,0,0,0
CLI05928,Plus,Anual,Débito automático,Mídia paga,17,71.91,10,5.6,3.6,1,6,0,0,0,0
CLI05929,Premium,Mensal,Pix,Busca orgânica,51,119.9,0,9.0,12.2,5,7,3,0,0,0
CLI05930,Essencial,Anual,Débito automático,Busca orgânica,4,44.91,10,0.5,16.9,8,4,2,0,0,0
CLI05931,Premium,Mensal,Pix,Mídia paga,14,107.91,10,8.9,36.9,8,7,0,0,0,0
CLI05932,Essencial,Mensal,Cartão,Busca orgânica,45,44.91,10,4.9,21.9,9,6,1,1,0,0
CLI05933,Essencial,Mensal,Débito automático,Indicação,45,49.9,0,2.5,31.2,7,8,0,1,0,0
CLI05934,Essencial,Anual,Débito automático,Mídia paga,54,44.91,10,5.4,19.0,4,10,0,0,0,0
CLI05935,Essencial,Mensal,Cartão,Busca orgânica,7,49.9,0,2.1,31.9,6,8,1,0,0,1
CLI05936,Plus,Mensal,Débito automático,Mídia paga,20,67.92,15,8.2,48.4,9,7,1,0,0,0
CLI05937,Essencial,Mensal,Pix,Mídia paga,13,44.91,10,3.2,12.3,6,7,0,0,0,0
CLI05938,Essencial,Anual,Pix,Mídia paga,72,42.42,15,1.7,29.2,5,6,0,0,0,0
CLI05939,Plus,Mensal,Débito automático,Parceiro,27,79.9,0,8.2,17.0,8,5,1,0,0,1
CLI05940,Premium,Anual,Cartão,Busca orgânica,11,119.9,0,10.6,49.8,11,6,2,1,0,0
CLI05941,Plus,Mensal,Cartão,Parceiro,69,75.9,5,9.4,28.2,9,6,2,2,1,0
CLI05942,Plus,Mensal,Cartão,Mídia paga,22,79.9,0,6.1,19.1,6,4,0,1,1,0
CLI05943,Essencial,Mensal,Boleto,Mídia paga,26,49.9,0,3.6,23.0,7,5,1,0,0,0
CLI05944,Plus,Mensal,Cartão,Mídia paga,80,71.91,10,2.8,5.1,5,7,0,1,1,0
CLI05945,Essencial,Anual,Débito automático,Indicação,28,49.9,0,1.4,5.7,7,7,0,0,0,0
CLI05946,Essencial,Anual,Débito automático,Busca orgânica,58,49.9,0,8.3,45.3,9,8,1,0,1,0
CLI05947,Essencial,Mensal,Débito automático,Indicação,17,42.42,15,0.8,26.2,11,6,1,0,0,0
CLI05948,Plus,Mensal,Cartão,Mídia paga,43,79.9,0,5.8,17.0,9,7,1,0,0,0
CLI05949,Essencial,Mensal,Cartão,Indicação,29,42.42,15,1.2,4.2,3,8,1,0,1,0
CLI05950,Plus,Anual,Boleto,Indicação,48,75.9,5,5.8,1.4,2,9,0,0,0,0
CLI05951,Essencial,Anual,Pix,Parceiro,27,44.91,10,5.8,19.5,9,8,1,0,0,0
CLI05952,Essencial,Anual,Cartão,Parceiro,26,49.9,0,4.4,2.9,1,10,0,0,0,0
CLI05953,Essencial,Mensal,Cartão,Mídia paga,56,47.4,5,1.2,49.4,8,5,2,1,0,0
CLI05954,Essencial,Mensal,Débito automático,Busca orgânica,14,42.42,15,2.8,15.1,2,7,0,0,0,0
CLI05955,Essencial,Anual,Boleto,Mídia paga,16,44.91,10,4.0,1.3,2,8,0,0,0,0
CLI05956,Plus,Mensal,Pix,Parceiro,89,79.9,0,1.9,11.4,4,8,1,0,0,0
CLI05957,Plus,Anual,Cartão,Indicação,13,79.9,0,4.4,25.6,10,7,0,1,0,0
CLI05958,Essencial,Anual,Débito automático,Indicação,18,49.9,0,3.2,22.2,7,9,1,2,0,0
CLI05959,Plus,Anual,Cartão,Parceiro,14,71.91,10,2.8,22.1,8,8,0,0,0,0
CLI05960,Essencial,Mensal,Boleto,Indicação,16,47.4,5,2.7,24.1,4,8,0,1,1,0
CLI05961,Essencial,Mensal,Cartão,Mídia paga,7,47.4,5,4.9,41.3,7,8,0,1,1,0
CLI05962,Essencial,Anual,Cartão,Mídia paga,37,42.42,15,3.0,54.6,14,9,0,1,0,0
CLI05963,Plus,Mensal,Cartão,Busca orgânica,42,75.9,5,7.9,6.3,3,6,1,0,0,0
CLI05964,Essencial,Anual,Cartão,Indicação,3,47.4,5,5.2,14.3,8,5,1,1,1,0
CLI05965,Plus,Mensal,Cartão,Mídia paga,19,79.9,0,8.1,15.4,7,5,0,1,0,0
CLI05966,Essencial,Anual,Débito automático,Mídia paga,19,44.91,10,3.1,60.9,14,8,0,1,0,0
CLI05967,Plus,Anual,Pix,Parceiro,9,75.9,5,6.7,27.3,3,5,0,0,0,0
CLI05968,Essencial,Mensal,Débito automático,Busca orgânica,9,39.92,20,5.4,36.8,6,6,0,0,0,0
CLI05969,Plus,Mensal,Cartão,Parceiro,18,79.9,0,6.2,11.5,5,8,1,1,0,0
CLI05970,Plus,Mensal,Cartão,Indicação,55,79.9,0,8.7,36.7,10,4,1,0,1,1
CLI05971,Essencial,Anual,Pix,Indicação,30,49.9,0,0.7,21.8,8,10,0,0,1,0
CLI05972,Essencial,Mensal,Pix,Parceiro,31,44.91,10,7.9,51.6,9,5,1,0,0,0
CLI05973,Plus,Mensal,Cartão,Indicação,15,75.9,5,5.5,21.3,5,8,0,0,0,0
CLI05974,Premium,Anual,Débito automático,Indicação,9,119.9,0,8.8,15.8,5,5,2,0,0,0
CLI05975,Premium,Anual,Cartão,Indicação,80,119.9,0,21.8,5.6,2,10,0,0,0,0
CLI05976,Essencial,Anual,Cartão,Mídia paga,54,49.9,0,5.8,19.1,3,7,0,0,0,0
CLI05977,Plus,Mensal,Cartão,Mídia paga,51,79.9,0,3.1,53.5,6,8,0,0,0,0
CLI05978,Essencial,Anual,Débito automático,Parceiro,31,49.9,0,5.6,51.4,9,8,0,1,0,0
CLI05979,Essencial,Anual,Cartão,Indicação,48,47.4,5,9.1,25.2,8,10,0,1,0,0
CLI05980,Plus,Mensal,Cartão,Busca orgânica,39,67.92,15,6.0,29.5,6,7,0,0,0,0
CLI05981,Plus,Anual,Pix,Busca orgânica,11,75.9,5,4.3,10.2,6,4,0,0,0,0
CLI05982,Plus,Mensal,Cartão,Parceiro,82,71.91,10,11.2,21.6,5,7,1,1,0,0
CLI05983,Premium,Anual,Cartão,Mídia paga,48,113.9,5,8.3,10.8,4,8,0,0,1,0
CLI05984,Essencial,Anual,Débito automático,Busca orgânica,22,49.9,0,1.9,8.5,3,8,0,0,0,0
CLI05985,Plus,Anual,Pix,Busca orgânica,8,63.92,20,4.0,16.9,11,7,0,0,0,0
CLI05986,Essencial,Mensal,Cartão,Busca orgânica,9,49.9,0,4.1,45.5,12,9,0,0,0,0
CLI05987,Essencial,Mensal,Cartão,Mídia paga,31,39.92,20,0.9,33.1,9,8,0,1,0,0
CLI05988,Essencial,Mensal,Cartão,Busca orgânica,23,39.92,20,6.1,0.7,2,8,0,0,0,0
CLI05989,Premium,Anual,Boleto,Mídia paga,16,119.9,0,3.9,4.4,5,8,1,0,0,1
CLI05990,Plus,Anual,Débito automático,Busca orgânica,31,79.9,0,4.9,1.9,3,8,0,0,1,0
CLI05991,Essencial,Mensal,Cartão,Indicação,25,49.9,0,6.1,31.0,2,8,0,0,0,0
CLI05992,Plus,Mensal,Boleto,Mídia paga,21,71.91,10,8.0,18.1,8,8,0,0,0,0
CLI05993,Premium,Anual,Cartão,Mídia paga,10,113.9,5,8.8,13.8,4,6,2,0,0,0
CLI05994,Premium,Mensal,Cartão,Indicação,25,101.92,15,2.2,38.2,8,7,1,0,0,0
CLI05995,Plus,Mensal,Boleto,Mídia paga,61,63.92,20,6.4,7.9,3,7,0,1,1,0
CLI05996,Essencial,Mensal,Débito automático,Mídia paga,9,47.4,5,2.1,42.4,5,4,1,1,0,0
CLI05997,Plus,Mensal,Pix,Mídia paga,58,79.9,0,3.5,56.7,16,6,0,0,0,0
CLI05998,Plus,Mensal,Pix,Mídia paga,60,63.92,20,7.4,46.7,9,5,0,1,0,0
CLI05999,Premium,Anual,Boleto,Mídia paga,29,113.9,5,3.3,11.3,4,7,1,2,0,0
CLI06000,Plus,Mensal,Cartão,Busca orgânica,29,75.9,5,6.7,9.2,4,5,0,0,0,0
CLI06001,Essencial,Mensal,Cartão,Indicação,27,44.91,10,7.4,58.3,10,7,0,1,0,0
CLI06002,Essencial,Anual,Cartão,Busca orgânica,34,44.91,10,3.1,29.8,8,5,1,0,1,0
CLI06003,Plus,Anual,Boleto,Indicação,19,75.9,5,10.0,64.0,8,6,0,0,1,0
CLI06004,Essencial,Mensal,Cartão,Mídia paga,39,49.9,0,2.9,33.6,7,6,2,0,0,0
CLI06005,Essencial,Anual,Cartão,Mídia paga,4,44.91,10,2.3,14.5,6,7,1,0,0,0
CLI06006,Plus,Anual,Cartão,Indicação,96,75.9,5,3.5,21.4,6,8,1,0,0,0
CLI06007,Plus,Anual,Cartão,Parceiro,44,75.9,5,7.7,39.0,7,9,0,0,0,0
CLI06008,Premium,Mensal,Débito automático,Parceiro,31,119.9,0,5.9,64.1,7,5,0,0,0,0
CLI06009,Plus,Mensal,Cartão,Indicação,43,79.9,0,3.6,24.9,5,10,0,1,0,0
CLI06010,Premium,Mensal,Débito automático,Busca orgânica,27,119.9,0,15.6,30.4,7,7,2,1,0,0
CLI06011,Plus,Anual,Débito automático,Indicação,40,71.91,10,11.0,52.2,11,6,1,0,0,0
CLI06012,Plus,Anual,Pix,Parceiro,27,71.91,10,4.7,23.5,8,7,1,0,0,0
CLI06013,Essencial,Mensal,Débito automático,Mídia paga,19,49.9,0,2.9,32.9,11,6,1,0,1,1
CLI06014,Plus,Mensal,Cartão,Mídia paga,36,75.9,5,1.3,8.8,4,5,2,1,1,0
CLI06015,Essencial,Mensal,Pix,Parceiro,31,44.91,10,2.8,42.5,10,10,0,0,0,0
CLI06016,Essencial,Mensal,Pix,Mídia paga,38,47.4,5,0.9,33.1,4,7,1,0,0,0
CLI06017,Essencial,Anual,Cartão,Mídia paga,17,44.91,10,4.3,2.5,4,9,0,0,1,0
CLI06018,Premium,Mensal,Cartão,Busca orgânica,5,95.92,20,1.6,39.1,9,5,3,0,0,1
CLI06019,Plus,Anual,Pix,Indicação,30,79.9,0,4.6,1.4,5,7,0,1,1,0
CLI06020,Premium,Mensal,Pix,Busca orgânica,42,107.91,10,6.5,35.9,5,6,1,0,0,0
CLI06021,Premium,Anual,Débito automático,Parceiro,81,119.9,0,7.6,15.7,4,10,0,0,0,0
CLI06022,Premium,Anual,Cartão,Indicação,35,113.9,5,27.9,39.0,6,7,0,0,0,0
CLI06023,Essencial,Mensal,Cartão,Busca orgânica,12,42.42,15,0.9,13.7,8,8,1,1,0,0
CLI06024,Premium,Anual,Boleto,Mídia paga,56,101.92,15,16.2,34.7,6,7,1,0,0,0
CLI06025,Premium,Anual,Cartão,Indicação,28,113.9,5,13.5,48.5,8,5,1,2,0,0
CLI06026,Premium,Anual,Boleto,Mídia paga,56,101.92,15,7.5,12.5,4,10,0,0,0,0
CLI06027,Essencial,Mensal,Débito automático,Indicação,16,47.4,5,7.8,43.6,6,6,0,0,0,0
CLI06028,Essencial,Mensal,Pix,Indicação,24,44.91,10,7.7,24.8,8,8,0,1,0,0
CLI06029,Premium,Mensal,Cartão,Busca orgânica,44,113.9,5,11.3,20.9,8,7,4,1,0,0
CLI06030,Essencial,Anual,Débito automático,Mídia paga,48,47.4,5,2.0,69.6,5,6,0,0,1,0
CLI06031,Essencial,Mensal,Boleto,Indicação,33,49.9,0,2.4,53.2,16,5,3,1,0,0
CLI06032,Essencial,Anual,Débito automático,Busca orgânica,37,42.42,15,5.4,4.6,2,7,1,0,0,0
CLI06033,Essencial,Mensal,Débito automático,Mídia paga,47,49.9,0,2.1,38.8,8,7,0,0,1,0
CLI06034,Essencial,Anual,Pix,Busca orgânica,26,49.9,0,1.7,25.6,6,10,1,0,0,0
CLI06035,Premium,Mensal,Cartão,Busca orgânica,28,119.9,0,8.8,46.3,6,4,2,0,1,0
CLI06036,Premium,Mensal,Boleto,Busca orgânica,80,119.9,0,5.3,61.9,10,7,0,0,1,1
CLI06037,Premium,Mensal,Cartão,Parceiro,17,119.9,0,2.7,12.2,5,7,1,0,0,0
CLI06038,Essencial,Mensal,Pix,Mídia paga,7,49.9,0,1.4,85.1,10,7,0,1,1,0
CLI06039,Essencial,Anual,Cartão,Indicação,28,47.4,5,6.9,30.7,4,8,2,0,0,0
CLI06040,Essencial,Mensal,Débito automático,Mídia paga,28,42.42,15,8.0,10.3,2,8,0,0,0,0
CLI06041,Essencial,Mensal,Débito automático,Busca orgânica,10,49.9,0,1.1,67.3,12,5,1,0,0,0
CLI06042,Essencial,Anual,Pix,Busca orgânica,27,44.91,10,5.1,42.8,7,8,1,0,0,0
CLI06043,Plus,Mensal,Cartão,Busca orgânica,7,71.91,10,11.8,23.5,9,9,1,1,0,0
CLI06044,Premium,Mensal,Cartão,Mídia paga,16,113.9,5,7.4,20.5,5,6,4,0,0,0
CLI06045,Plus,Anual,Cartão,Mídia paga,35,79.9,0,0.9,49.7,13,7,0,0,0,0
CLI06046,Essencial,Mensal,Boleto,Mídia paga,8,42.42,15,3.2,7.7,3,6,0,1,0,0
CLI06047,Essencial,Mensal,Cartão,Indicação,21,44.91,10,4.5,10.8,0,8,0,1,0,0
CLI06048,Essencial,Mensal,Boleto,Mídia paga,4,49.9,0,2.8,75.7,14,4,1,0,0,1
CLI06049,Essencial,Mensal,Cartão,Busca orgânica,17,49.9,0,11.2,44.5,8,3,0,2,0,0
CLI06050,Plus,Mensal,Débito automático,Busca orgânica,56,71.91,10,5.2,31.6,9,7,0,0,0,0
CLI06051,Essencial,Anual,Pix,Parceiro,96,42.42,15,6.9,32.9,12,7,1,0,0,0
CLI06052,Plus,Mensal,Débito automático,Parceiro,23,71.91,10,4.9,19.0,7,9,0,0,0,0
CLI06053,Premium,Anual,Pix,Parceiro,34,119.9,0,14.4,8.7,2,5,1,0,1,0
CLI06054,Essencial,Mensal,Débito automático,Mídia paga,10,49.9,0,1.6,5.8,8,9,1,0,0,0
CLI06055,Essencial,Mensal,Débito automático,Mídia paga,32,47.4,5,1.5,46.7,10,7,1,0,0,1
CLI06056,Essencial,Mensal,Cartão,Busca orgânica,62,47.4,5,0.9,16.4,5,6,0,0,1,0
CLI06057,Essencial,Mensal,Boleto,Parceiro,27,47.4,5,0.3,36.0,8,6,1,0,0,0
CLI06058,Plus,Mensal,Pix,Busca orgânica,51,75.9,5,5.5,14.7,4,7,0,0,0,0
CLI06059,Plus,Anual,Cartão,Indicação,16,71.91,10,2.1,11.1,6,6,0,1,0,0
CLI06060,Premium,Anual,Cartão,Indicação,5,113.9,5,2.8,34.8,7,6,0,2,0,0
CLI06061,Plus,Anual,Pix,Mídia paga,20,79.9,0,5.6,18.6,6,7,1,0,1,0
CLI06062,Essencial,Mensal,Débito automático,Busca orgânica,15,49.9,0,6.6,32.9,12,9,2,0,0,0
CLI06063,Essencial,Anual,Débito automático,Mídia paga,49,47.4,5,5.8,71.2,8,7,0,0,0,0
CLI06064,Essencial,Mensal,Cartão,Mídia paga,50,49.9,0,1.1,21.7,3,8,0,0,0,0
CLI06065,Essencial,Anual,Débito automático,Busca orgânica,9,47.4,5,3.1,31.9,5,8,0,0,1,0
CLI06066,Premium,Anual,Cartão,Mídia paga,36,119.9,0,2.9,7.3,6,9,1,1,0,0
CLI06067,Plus,Mensal,Cartão,Mídia paga,43,75.9,5,5.2,19.5,7,5,2,1,1,1
CLI06068,Essencial,Mensal,Débito automático,Indicação,18,49.9,0,6.9,36.5,5,6,0,0,0,0
CLI06069,Essencial,Anual,Cartão,Indicação,28,49.9,0,1.9,12.5,9,8,0,0,0,0
CLI06070,Essencial,Mensal,Cartão,Mídia paga,40,49.9,0,4.5,10.1,6,8,1,0,1,0
CLI06071,Premium,Anual,Cartão,Indicação,53,107.91,10,12.6,32.9,9,6,0,0,0,0
CLI06072,Essencial,Anual,Cartão,Busca orgânica,29,44.91,10,4.4,61.5,9,5,3,0,1,1
CLI06073,Essencial,Mensal,Cartão,Parceiro,34,47.4,5,6.2,72.1,12,6,1,3,0,1
CLI06074,Essencial,Mensal,Cartão,Indicação,43,39.92,20,3.8,33.1,10,7,1,0,1,0
CLI06075,Plus,Mensal,Pix,Busca orgânica,9,75.9,5,6.0,56.8,18,6,3,0,0,0
CLI06076,Plus,Anual,Boleto,Busca orgânica,3,79.9,0,4.3,13.8,7,5,2,2,1,1
CLI06077,Plus,Mensal,Cartão,Busca orgânica,39,67.92,15,1.3,33.0,5,6,0,1,0,0
CLI06078,Essencial,Mensal,Débito automático,Busca orgânica,30,47.4,5,2.1,25.6,6,6,5,0,0,0
CLI06079,Essencial,Mensal,Débito automático,Busca orgânica,9,49.9,0,9.2,43.0,6,5,1,1,1,0
CLI06080,Premium,Anual,Cartão,Mídia paga,41,113.9,5,10.2,23.3,7,8,1,0,0,0
CLI06081,Essencial,Anual,Cartão,Mídia paga,8,49.9,0,2.3,50.0,8,5,1,1,0,1
CLI06082,Essencial,Mensal,Cartão,Busca orgânica,28,42.42,15,6.9,13.3,9,6,2,0,0,0
CLI06083,Plus,Anual,Débito automático,Parceiro,39,67.92,15,6.1,25.1,9,8,0,0,0,0
CLI06084,Essencial,Anual,Débito automático,Indicação,50,42.42,15,1.3,24.3,8,7,0,1,0,0
CLI06085,Essencial,Anual,Cartão,Busca orgânica,20,47.4,5,3.2,23.8,7,8,0,0,0,0
CLI06086,Plus,Mensal,Cartão,Mídia paga,47,79.9,0,3.0,12.2,7,9,2,2,0,0
CLI06087,Plus,Mensal,Cartão,Mídia paga,22,79.9,0,3.9,8.3,4,10,0,0,0,0
CLI06088,Essencial,Anual,Pix,Parceiro,12,44.91,10,5.5,25.2,8,5,4,0,0,0
CLI06089,Essencial,Mensal,Cartão,Mídia paga,16,49.9,0,0.7,15.9,3,8,1,1,0,0
CLI06090,Plus,Mensal,Pix,Parceiro,18,79.9,0,3.1,8.6,4,7,0,0,0,0
CLI06091,Essencial,Anual,Pix,Indicação,1,49.9,0,1.6,55.2,15,5,1,0,0,0
CLI06092,Essencial,Mensal,Débito automático,Indicação,43,39.92,20,0.7,34.7,11,5,4,0,0,0
CLI06093,Plus,Mensal,Cartão,Busca orgânica,34,67.92,15,2.9,29.2,4,9,0,1,0,0
CLI06094,Plus,Mensal,Cartão,Mídia paga,16,71.91,10,8.5,53.8,7,7,0,0,0,0
CLI06095,Premium,Mensal,Cartão,Indicação,35,107.91,10,6.2,11.5,1,8,1,2,1,0
CLI06096,Essencial,Mensal,Débito automático,Busca orgânica,8,42.42,15,1.3,11.5,2,7,3,0,0,1
CLI06097,Essencial,Mensal,Cartão,Parceiro,36,49.9,0,6.8,25.8,4,4,3,0,0,1
CLI06098,Plus,Mensal,Cartão,Mídia paga,41,75.9,5,1.4,43.8,5,6,1,0,0,0
CLI06099,Plus,Anual,Cartão,Busca orgânica,7,75.9,5,9.2,1.0,1,9,2,0,0,0
CLI06100,Essencial,Mensal,Débito automático,Indicação,45,49.9,0,3.3,15.6,6,9,0,0,0,0
CLI06101,Plus,Mensal,Pix,Mídia paga,22,71.91,10,4.6,38.6,5,8,0,0,0,0
CLI06102,Essencial,Anual,Débito automático,Parceiro,22,49.9,0,8.3,43.4,6,6,2,0,0,0
CLI06103,Premium,Mensal,Débito automático,Mídia paga,7,113.9,5,5.9,13.5,7,8,0,1,0,0
CLI06104,Premium,Mensal,Débito automático,Indicação,50,107.91,10,6.7,32.3,9,8,1,1,0,0
CLI06105,Essencial,Mensal,Débito automático,Busca orgânica,51,49.9,0,3.8,15.4,4,9,0,0,0,0
CLI06106,Premium,Anual,Cartão,Busca orgânica,68,119.9,0,13.5,20.3,5,6,2,0,0,1
CLI06107,Premium,Mensal,Cartão,Parceiro,54,101.92,15,7.4,36.2,4,9,1,1,1,0
CLI06108,Essencial,Mensal,Boleto,Mídia paga,29,44.91,10,2.2,25.6,10,4,3,0,1,0
CLI06109,Essencial,Mensal,Débito automático,Mídia paga,32,44.91,10,2.9,6.6,1,7,0,0,0,0
CLI06110,Plus,Anual,Boleto,Busca orgânica,3,79.9,0,1.0,63.0,7,5,2,1,0,1
CLI06111,Essencial,Anual,Pix,Indicação,2,44.91,10,2.1,14.6,7,6,1,0,0,0
CLI06112,Essencial,Anual,Boleto,Mídia paga,24,49.9,0,5.9,21.6,10,6,2,0,1,0
CLI06113,Essencial,Anual,Cartão,Mídia paga,23,47.4,5,1.1,1.6,2,7,1,0,0,0
CLI06114,Premium,Mensal,Pix,Indicação,12,119.9,0,8.9,66.1,11,7,3,1,0,0
CLI06115,Essencial,Mensal,Pix,Mídia paga,24,49.9,0,0.8,25.9,9,8,0,0,0,0
CLI06116,Plus,Mensal,Cartão,Indicação,14,63.92,20,5.2,28.3,8,6,0,0,1,1
CLI06117,Essencial,Mensal,Cartão,Mídia paga,51,44.91,10,4.7,23.3,6,8,1,0,0,0
CLI06118,Essencial,Mensal,Cartão,Mídia paga,27,49.9,0,3.4,19.4,6,6,0,0,0,0
CLI06119,Premium,Mensal,Cartão,Indicação,15,107.91,10,15.2,18.9,9,9,1,0,1,0
CLI06120,Essencial,Anual,Boleto,Mídia paga,51,49.9,0,3.1,52.1,12,4,1,2,0,1
CLI06121,Essencial,Anual,Boleto,Busca orgânica,8,49.9,0,2.8,12.6,4,9,0,0,1,0
CLI06122,Essencial,Mensal,Boleto,Busca orgânica,86,49.9,0,3.5,21.2,9,8,0,0,0,0
CLI06123,Plus,Mensal,Boleto,Parceiro,30,75.9,5,7.2,54.9,10,6,1,0,0,0
CLI06124,Essencial,Mensal,Débito automático,Parceiro,23,49.9,0,5.6,34.5,3,7,2,1,0,0
CLI06125,Essencial,Mensal,Boleto,Busca orgânica,6,42.42,15,4.9,28.1,6,6,0,0,1,0
CLI06126,Essencial,Mensal,Cartão,Mídia paga,25,44.91,10,10.9,10.1,3,7,0,0,1,0
CLI06127,Essencial,Mensal,Cartão,Busca orgânica,22,42.42,15,3.5,10.8,3,8,0,0,0,0
CLI06128,Essencial,Mensal,Débito automático,Mídia paga,39,49.9,0,8.8,29.8,5,7,1,0,0,1
CLI06129,Plus,Anual,Pix,Busca orgânica,23,79.9,0,3.3,55.9,8,5,2,0,0,0
CLI06130,Essencial,Mensal,Débito automático,Busca orgânica,9,44.91,10,0.2,51.8,7,5,1,0,0,0
CLI06131,Essencial,Mensal,Pix,Indicação,21,44.91,10,3.0,28.3,5,8,1,0,1,0
CLI06132,Plus,Mensal,Cartão,Parceiro,14,71.91,10,6.9,13.5,12,7,1,4,0,1
CLI06133,Plus,Mensal,Cartão,Parceiro,8,75.9,5,2.8,2.7,3,8,0,0,0,0
CLI06134,Essencial,Mensal,Débito automático,Busca orgânica,56,49.9,0,3.0,14.3,1,9,1,1,0,0
CLI06135,Essencial,Anual,Pix,Mídia paga,5,44.91,10,7.7,21.9,11,5,1,2,0,0
CLI06136,Essencial,Mensal,Cartão,Busca orgânica,52,42.42,15,6.0,37.5,16,7,1,0,0,0
CLI06137,Premium,Mensal,Pix,Indicação,26,107.91,10,2.6,31.8,4,8,2,0,1,0
CLI06138,Essencial,Anual,Cartão,Indicação,41,42.42,15,5.1,11.7,4,9,0,1,1,0
CLI06139,Essencial,Mensal,Pix,Mídia paga,59,47.4,5,2.8,26.9,6,8,1,1,1,0
CLI06140,Essencial,Mensal,Débito automático,Busca orgânica,15,49.9,0,0.9,5.8,4,9,0,0,1,0
CLI06141,Essencial,Mensal,Cartão,Busca orgânica,27,42.42,15,4.1,63.9,10,5,0,0,0,1
CLI06142,Essencial,Mensal,Boleto,Parceiro,17,44.91,10,7.0,17.7,4,8,0,2,0,0
CLI06143,Essencial,Anual,Pix,Indicação,22,47.4,5,9.4,36.6,10,9,0,0,0,0
CLI06144,Plus,Mensal,Boleto,Busca orgânica,39,79.9,0,1.6,59.0,10,5,3,1,0,1
CLI06145,Plus,Anual,Débito automático,Parceiro,24,79.9,0,0.4,58.9,13,8,1,0,0,0
CLI06146,Plus,Mensal,Boleto,Mídia paga,27,79.9,0,9.1,45.6,11,7,0,1,0,0
CLI06147,Plus,Anual,Débito automático,Indicação,11,79.9,0,8.9,37.6,5,5,0,0,1,0
CLI06148,Essencial,Anual,Pix,Indicação,23,42.42,15,2.9,5.5,2,8,0,0,0,0
CLI06149,Premium,Anual,Pix,Mídia paga,18,113.9,5,11.4,49.3,8,6,1,0,1,1
CLI06150,Plus,Anual,Pix,Indicação,26,79.9,0,7.9,74.1,16,7,1,0,0,0
CLI06151,Plus,Anual,Cartão,Mídia paga,11,79.9,0,4.1,37.6,10,7,0,0,0,0
CLI06152,Plus,Mensal,Cartão,Indicação,15,79.9,0,3.2,43.5,5,9,0,2,0,1
CLI06153,Essencial,Mensal,Cartão,Mídia paga,30,47.4,5,3.0,39.9,10,9,2,0,1,0
CLI06154,Essencial,Mensal,Débito automático,Busca orgânica,38,47.4,5,1.3,9.0,6,6,0,2,1,0
CLI06155,Essencial,Mensal,Cartão,Busca orgânica,28,42.42,15,2.3,17.7,10,6,1,0,1,0
CLI06156,Essencial,Mensal,Pix,Mídia paga,20,49.9,0,2.6,30.0,4,8,1,1,0,0
CLI06157,Essencial,Anual,Cartão,Indicação,15,42.42,15,5.2,21.3,6,7,2,0,0,0
CLI06158,Essencial,Anual,Cartão,Mídia paga,4,49.9,0,1.4,2.1,4,10,0,0,0,0
CLI06159,Essencial,Anual,Pix,Parceiro,57,39.92,20,2.1,12.0,5,9,3,0,0,0
CLI06160,Premium,Mensal,Débito automático,Mídia paga,49,107.91,10,8.3,17.8,4,10,1,0,0,1
CLI06161,Plus,Anual,Cartão,Indicação,63,67.92,15,3.7,5.6,4,10,0,0,0,0
CLI06162,Plus,Anual,Boleto,Parceiro,62,67.92,15,1.8,17.1,6,6,0,0,1,0
CLI06163,Essencial,Anual,Cartão,Indicação,31,47.4,5,3.5,55.8,10,4,0,0,0,0
CLI06164,Plus,Anual,Cartão,Busca orgânica,96,75.9,5,5.0,27.9,8,5,2,2,0,0
CLI06165,Premium,Mensal,Cartão,Indicação,22,119.9,0,15.8,24.4,8,5,1,0,0,0
CLI06166,Plus,Mensal,Cartão,Mídia paga,27,79.9,0,1.1,62.0,15,5,1,1,1,1
CLI06167,Plus,Anual,Cartão,Busca orgânica,15,79.9,0,9.2,21.7,7,7,0,2,0,0
CLI06168,Plus,Anual,Cartão,Busca orgânica,8,79.9,0,2.4,68.3,11,3,1,0,0,0
CLI06169,Essencial,Anual,Débito automático,Busca orgânica,18,49.9,0,7.9,3.8,7,10,0,0,0,0
CLI06170,Plus,Anual,Débito automático,Busca orgânica,17,79.9,0,7.1,29.0,6,9,2,0,0,0
CLI06171,Premium,Anual,Cartão,Mídia paga,41,107.91,10,19.9,41.6,5,6,0,0,0,0
CLI06172,Essencial,Anual,Boleto,Busca orgânica,29,44.91,10,3.1,11.3,6,6,1,1,0,0
CLI06173,Essencial,Anual,Débito automático,Mídia paga,35,42.42,15,0.4,37.2,7,5,1,0,1,0
CLI06174,Essencial,Anual,Cartão,Indicação,31,49.9,0,4.4,42.9,7,8,1,0,0,0
CLI06175,Essencial,Mensal,Cartão,Parceiro,32,39.92,20,2.1,11.1,5,10,0,0,1,0
CLI06176,Premium,Mensal,Cartão,Busca orgânica,16,119.9,0,8.2,18.2,5,7,2,0,0,0
CLI06177,Plus,Mensal,Débito automático,Busca orgânica,31,79.9,0,2.5,12.2,2,9,1,1,0,0
CLI06178,Essencial,Mensal,Pix,Busca orgânica,43,49.9,0,3.3,15.3,10,7,0,1,0,0
CLI06179,Essencial,Anual,Cartão,Parceiro,55,49.9,0,3.7,34.6,8,7,0,1,0,0
CLI06180,Essencial,Anual,Cartão,Mídia paga,49,49.9,0,4.7,39.5,10,6,1,0,0,0
CLI06181,Essencial,Mensal,Cartão,Indicação,39,39.92,20,3.3,1.3,2,8,2,0,0,0
CLI06182,Plus,Mensal,Cartão,Indicação,29,71.91,10,1.7,30.9,8,7,1,3,0,1
CLI06183,Plus,Mensal,Pix,Busca orgânica,19,75.9,5,9.5,22.8,6,6,0,1,0,0
CLI06184,Plus,Anual,Boleto,Indicação,32,79.9,0,1.7,5.8,4,9,0,0,0,0
CLI06185,Essencial,Mensal,Cartão,Mídia paga,65,44.91,10,0.9,8.5,7,7,0,0,1,0
CLI06186,Plus,Mensal,Cartão,Busca orgânica,21,75.9,5,3.5,38.5,8,7,0,2,0,1
CLI06187,Plus,Mensal,Cartão,Busca orgânica,74,67.92,15,2.2,0.6,5,8,0,0,0,0
CLI06188,Essencial,Mensal,Cartão,Mídia paga,33,49.9,0,4.4,9.7,8,10,0,0,1,0
CLI06189,Plus,Mensal,Débito automático,Busca orgânica,57,79.9,0,4.5,19.6,7,8,0,0,1,0
CLI06190,Plus,Anual,Boleto,Indicação,17,79.9,0,8.8,58.2,11,7,0,0,0,0
CLI06191,Premium,Anual,Débito automático,Busca orgânica,15,107.91,10,9.0,4.8,6,7,3,0,0,0
CLI06192,Essencial,Mensal,Cartão,Parceiro,9,47.4,5,4.7,44.3,10,2,3,0,1,1
CLI06193,Essencial,Mensal,Boleto,Mídia paga,64,44.91,10,2.1,33.4,7,5,3,1,0,0
CLI06194,Plus,Mensal,Débito automático,Mídia paga,33,75.9,5,2.7,29.9,5,7,2,0,0,1
CLI06195,Essencial,Mensal,Cartão,Mídia paga,43,47.4,5,0.4,33.9,4,8,0,1,0,0
CLI06196,Essencial,Mensal,Boleto,Indicação,27,49.9,0,5.3,17.3,4,6,0,1,1,1
CLI06197,Plus,Mensal,Débito automático,Indicação,29,71.91,10,9.1,63.5,6,6,1,1,1,0
CLI06198,Essencial,Mensal,Débito automático,Indicação,7,49.9,0,4.5,22.7,3,8,2,0,0,0
CLI06199,Essencial,Anual,Cartão,Indicação,33,49.9,0,0.9,45.3,5,6,0,2,0,0
CLI06200,Premium,Mensal,Cartão,Mídia paga,46,119.9,0,4.9,48.8,7,8,1,0,0,0
CLI06201,Plus,Anual,Débito automático,Indicação,4,79.9,0,2.1,16.3,5,7,1,1,0,0
CLI06202,Plus,Mensal,Pix,Busca orgânica,19,75.9,5,5.2,87.9,12,4,2,1,1,1
CLI06203,Plus,Mensal,Boleto,Busca orgânica,14,75.9,5,1.3,53.5,6,5,1,1,1,1
CLI06204,Essencial,Mensal,Cartão,Mídia paga,38,47.4,5,4.5,73.1,10,7,0,0,0,0
CLI06205,Essencial,Mensal,Cartão,Mídia paga,37,49.9,0,6.0,30.0,11,8,0,1,0,0
CLI06206,Plus,Mensal,Débito automático,Mídia paga,43,79.9,0,1.7,34.3,7,4,2,1,0,0
CLI06207,Essencial,Anual,Pix,Busca orgânica,1,49.9,0,0.3,62.9,7,5,1,0,0,1
CLI06208,Essencial,Anual,Cartão,Parceiro,28,49.9,0,2.0,20.6,4,9,0,0,0,0
CLI06209,Essencial,Mensal,Débito automático,Parceiro,5,44.91,10,0.3,16.1,3,7,0,0,0,0
CLI06210,Premium,Mensal,Débito automático,Mídia paga,32,119.9,0,5.7,54.2,8,7,1,0,0,0
CLI06211,Essencial,Mensal,Pix,Mídia paga,8,49.9,0,3.8,16.1,6,6,2,0,0,0
CLI06212,Plus,Anual,Cartão,Busca orgânica,36,79.9,0,7.4,17.9,5,6,1,1,0,0
CLI06213,Essencial,Mensal,Pix,Mídia paga,8,47.4,5,2.3,47.3,8,5,0,0,0,0
CLI06214,Plus,Mensal,Pix,Parceiro,11,79.9,0,5.4,38.3,10,6,1,1,0,0
CLI06215,Essencial,Anual,Débito automático,Busca orgânica,53,47.4,5,2.1,15.8,3,8,0,0,1,0
CLI06216,Essencial,Anual,Débito automático,Busca orgânica,24,49.9,0,3.8,15.6,9,6,1,0,0,0
CLI06217,Plus,Anual,Pix,Busca orgânica,24,71.91,10,2.3,41.0,4,6,1,0,0,0
CLI06218,Plus,Mensal,Cartão,Parceiro,11,79.9,0,4.9,4.7,4,9,0,1,1,0
CLI06219,Essencial,Mensal,Cartão,Busca orgânica,50,49.9,0,3.8,7.1,3,5,1,2,0,0
CLI06220,Essencial,Mensal,Cartão,Parceiro,33,44.91,10,4.0,42.3,12,5,1,1,0,1
CLI06221,Essencial,Anual,Pix,Mídia paga,32,39.92,20,2.4,27.7,5,5,1,1,0,1
CLI06222,Essencial,Anual,Débito automático,Busca orgânica,10,47.4,5,6.5,41.1,8,8,1,0,1,0
CLI06223,Plus,Mensal,Boleto,Mídia paga,28,79.9,0,2.3,31.8,15,5,2,0,1,1
CLI06224,Essencial,Anual,Pix,Indicação,96,44.91,10,1.4,20.9,7,7,2,0,0,0
CLI06225,Plus,Mensal,Débito automático,Busca orgânica,15,75.9,5,3.3,41.5,12,5,1,0,0,0
CLI06226,Essencial,Anual,Pix,Busca orgânica,52,44.91,10,2.3,44.5,4,6,0,1,1,0
CLI06227,Plus,Mensal,Cartão,Mídia paga,3,71.91,10,1.5,67.0,9,5,1,0,0,0
CLI06228,Essencial,Mensal,Pix,Busca orgânica,42,47.4,5,2.3,18.7,3,8,0,0,0,0
CLI06229,Essencial,Mensal,Cartão,Busca orgânica,34,49.9,0,7.4,47.9,6,7,1,0,0,0
CLI06230,Essencial,Anual,Cartão,Mídia paga,22,49.9,0,0.5,16.0,5,6,1,0,0,0
CLI06231,Premium,Mensal,Boleto,Indicação,33,119.9,0,0.9,44.4,7,9,0,0,0,0
CLI06232,Plus,Mensal,Pix,Parceiro,34,79.9,0,4.5,54.4,8,7,0,0,0,0
CLI06233,Plus,Anual,Cartão,Busca orgânica,33,71.91,10,2.1,2.3,2,10,1,0,1,0
CLI06234,Essencial,Anual,Pix,Mídia paga,19,49.9,0,3.3,13.1,8,6,1,0,1,0
CLI06235,Essencial,Anual,Boleto,Indicação,17,44.91,10,5.2,54.3,13,7,0,0,0,0
CLI06236,Essencial,Anual,Cartão,Indicação,13,44.91,10,5.5,37.8,8,8,1,0,0,0
CLI06237,Essencial,Anual,Boleto,Mídia paga,7,44.91,10,4.1,14.0,7,6,0,0,0,0
CLI06238,Plus,Anual,Boleto,Parceiro,24,67.92,15,3.8,1.5,5,10,0,2,0,0
CLI06239,Premium,Mensal,Pix,Busca orgânica,48,119.9,0,5.1,21.2,3,6,1,0,0,1
CLI06240,Plus,Mensal,Cartão,Indicação,17,75.9,5,1.4,79.0,14,5,0,0,0,0
CLI06241,Plus,Mensal,Cartão,Mídia paga,10,75.9,5,3.9,6.7,0,5,0,0,1,0
CLI06242,Essencial,Mensal,Cartão,Parceiro,14,44.91,10,3.2,32.0,5,9,1,0,0,0
CLI06243,Essencial,Mensal,Cartão,Mídia paga,27,47.4,5,0.3,14.2,5,9,0,0,0,0
CLI06244,Plus,Mensal,Débito automático,Indicação,27,79.9,0,2.8,6.3,5,9,0,0,0,0
CLI06245,Essencial,Mensal,Boleto,Busca orgânica,12,47.4,5,5.2,48.7,5,8,0,0,0,0
CLI06246,Essencial,Anual,Cartão,Parceiro,24,49.9,0,1.8,8.3,8,8,0,0,1,0
CLI06247,Premium,Anual,Pix,Indicação,22,113.9,5,2.5,43.4,8,5,3,0,1,0
CLI06248,Premium,Mensal,Pix,Indicação,36,119.9,0,18.6,7.6,0,9,0,0,0,0
CLI06249,Plus,Anual,Cartão,Mídia paga,61,75.9,5,7.0,47.1,13,7,1,0,0,0
CLI06250,Essencial,Mensal,Pix,Busca orgânica,16,49.9,0,2.3,26.9,6,9,1,0,0,0
CLI06251,Premium,Mensal,Boleto,Indicação,14,113.9,5,4.0,16.3,4,8,0,0,0,0
CLI06252,Essencial,Mensal,Cartão,Mídia paga,27,47.4,5,7.1,41.9,12,7,0,0,1,0
CLI06253,Essencial,Mensal,Cartão,Parceiro,31,44.91,10,7.8,24.2,8,7,1,1,0,0
CLI06254,Essencial,Mensal,Débito automático,Mídia paga,38,39.92,20,4.5,23.3,10,5,1,0,0,0
CLI06255,Premium,Anual,Cartão,Indicação,6,119.9,0,7.0,11.3,3,8,0,2,0,0
CLI06256,Premium,Mensal,Boleto,Mídia paga,83,101.92,15,2.8,42.6,3,6,0,1,0,0
CLI06257,Plus,Mensal,Boleto,Mídia paga,20,79.9,0,1.8,29.2,7,8,1,0,0,0
CLI06258,Essencial,Mensal,Cartão,Busca orgânica,15,49.9,0,5.1,3.1,7,9,1,0,0,0
CLI06259,Plus,Mensal,Pix,Indicação,10,71.91,10,3.8,46.0,5,7,0,0,0,0
CLI06260,Essencial,Anual,Débito automático,Parceiro,17,47.4,5,5.3,6.7,2,6,1,0,1,0
CLI06261,Premium,Anual,Cartão,Indicação,6,119.9,0,7.0,13.8,4,7,0,0,1,0
CLI06262,Essencial,Anual,Pix,Indicação,52,44.91,10,4.3,31.7,7,6,0,0,1,0
CLI06263,Essencial,Mensal,Boleto,Mídia paga,22,44.91,10,3.7,45.0,5,7,0,1,0,1
CLI06264,Plus,Mensal,Cartão,Mídia paga,15,75.9,5,8.1,26.6,6,7,0,1,0,0
CLI06265,Essencial,Mensal,Pix,Busca orgânica,45,49.9,0,3.8,18.5,10,7,1,0,0,0
CLI06266,Premium,Anual,Cartão,Mídia paga,21,107.91,10,1.7,33.1,7,8,2,0,0,0
CLI06267,Essencial,Mensal,Cartão,Mídia paga,14,44.91,10,4.8,40.1,8,7,0,2,1,1
CLI06268,Plus,Mensal,Débito automático,Mídia paga,68,71.91,10,3.0,7.3,4,5,0,0,0,0
CLI06269,Essencial,Mensal,Débito automático,Mídia paga,18,42.42,15,6.9,22.0,4,9,1,0,0,0
CLI06270,Essencial,Anual,Pix,Indicação,4,39.92,20,3.5,47.9,11,5,1,0,0,0
CLI06271,Plus,Mensal,Cartão,Parceiro,24,79.9,0,10.2,9.2,3,8,0,0,0,0
CLI06272,Essencial,Anual,Débito automático,Mídia paga,22,49.9,0,6.3,7.1,4,8,0,0,0,0
CLI06273,Plus,Mensal,Cartão,Busca orgânica,15,67.92,15,6.7,13.3,3,7,1,0,0,0
CLI06274,Essencial,Mensal,Pix,Indicação,13,49.9,0,4.1,20.1,7,8,0,0,1,0
CLI06275,Essencial,Mensal,Cartão,Mídia paga,26,49.9,0,2.0,29.8,5,8,0,0,0,0
CLI06276,Plus,Mensal,Pix,Indicação,18,79.9,0,8.1,8.7,5,5,1,0,1,0
CLI06277,Essencial,Mensal,Pix,Busca orgânica,20,44.91,10,2.1,51.1,7,8,1,0,0,0
CLI06278,Plus,Anual,Cartão,Indicação,30,75.9,5,4.6,46.8,6,6,1,1,0,0
CLI06279,Plus,Mensal,Pix,Mídia paga,19,79.9,0,4.8,12.4,7,6,1,0,1,0
CLI06280,Essencial,Mensal,Cartão,Indicação,16,49.9,0,3.3,45.1,11,7,1,1,1,1
CLI06281,Plus,Mensal,Débito automático,Mídia paga,38,75.9,5,2.2,22.0,2,6,0,0,0,0
CLI06282,Essencial,Mensal,Pix,Mídia paga,18,49.9,0,1.7,18.2,5,7,1,0,0,0
CLI06283,Essencial,Anual,Débito automático,Busca orgânica,15,44.91,10,0.8,50.5,8,7,2,1,1,1
CLI06284,Essencial,Mensal,Cartão,Parceiro,8,44.91,10,4.9,33.8,9,6,2,0,0,0
CLI06285,Premium,Anual,Cartão,Busca orgânica,12,119.9,0,3.2,35.0,11,6,2,4,0,0
CLI06286,Plus,Mensal,Cartão,Mídia paga,9,79.9,0,2.7,30.0,6,7,1,2,0,1
CLI06287,Plus,Mensal,Cartão,Busca orgânica,7,75.9,5,3.7,41.4,4,8,0,0,1,0
CLI06288,Premium,Anual,Pix,Mídia paga,13,107.91,10,2.8,37.0,9,10,0,0,0,0
CLI06289,Essencial,Mensal,Cartão,Parceiro,30,49.9,0,5.8,3.8,10,7,1,0,0,0
CLI06290,Premium,Anual,Cartão,Busca orgânica,24,113.9,5,19.2,64.1,9,7,0,0,1,0
CLI06291,Plus,Mensal,Cartão,Parceiro,19,79.9,0,0.6,22.3,11,7,0,0,1,0
CLI06292,Premium,Mensal,Pix,Indicação,33,119.9,0,8.2,13.9,8,9,2,0,1,0
CLI06293,Premium,Anual,Débito automático,Mídia paga,16,101.92,15,2.1,36.3,5,6,1,0,0,1
CLI06294,Premium,Mensal,Cartão,Busca orgânica,29,113.9,5,7.1,11.6,4,10,0,1,0,0
CLI06295,Essencial,Anual,Boleto,Indicação,37,47.4,5,4.9,73.3,11,6,1,0,0,1
CLI06296,Plus,Anual,Cartão,Mídia paga,4,75.9,5,0.9,13.5,6,10,0,1,0,0
CLI06297,Plus,Mensal,Pix,Indicação,24,63.92,20,7.0,31.6,9,7,2,0,0,0
CLI06298,Plus,Mensal,Cartão,Parceiro,32,75.9,5,11.8,26.1,7,9,0,0,0,0
CLI06299,Essencial,Anual,Débito automático,Mídia paga,30,49.9,0,6.4,13.6,3,9,0,0,1,0
CLI06300,Premium,Mensal,Cartão,Mídia paga,24,119.9,0,1.6,30.5,11,7,1,1,0,0
CLI06301,Essencial,Anual,Boleto,Indicação,16,44.91,10,9.0,49.8,12,4,1,1,0,0
CLI06302,Plus,Mensal,Débito automático,Parceiro,21,63.92,20,14.0,31.5,5,9,1,0,0,0
CLI06303,Plus,Mensal,Pix,Mídia paga,54,67.92,15,3.7,20.8,11,8,0,0,0,0
CLI06304,Essencial,Mensal,Pix,Mídia paga,5,49.9,0,0.9,2.1,4,7,0,1,1,0
CLI06305,Plus,Anual,Cartão,Busca orgânica,14,71.91,10,7.1,46.8,5,5,0,0,1,0
CLI06306,Essencial,Anual,Cartão,Busca orgânica,24,47.4,5,4.0,48.5,9,3,1,1,1,0
CLI06307,Plus,Mensal,Boleto,Busca orgânica,8,75.9,5,9.2,7.2,3,8,1,1,0,0
CLI06308,Premium,Mensal,Débito automático,Mídia paga,20,101.92,15,4.2,18.1,2,9,0,0,0,0
CLI06309,Essencial,Mensal,Cartão,Busca orgânica,38,42.42,15,3.8,18.5,8,4,1,2,0,1
CLI06310,Plus,Mensal,Cartão,Indicação,34,79.9,0,6.0,45.7,9,6,0,1,0,0
CLI06311,Essencial,Mensal,Cartão,Indicação,23,49.9,0,0.4,69.0,11,9,2,0,0,0
CLI06312,Premium,Mensal,Débito automático,Busca orgânica,27,119.9,0,6.2,18.5,3,8,0,0,0,1
CLI06313,Premium,Mensal,Pix,Mídia paga,2,107.91,10,4.4,48.7,7,6,1,0,0,1
CLI06314,Essencial,Mensal,Débito automático,Mídia paga,10,42.42,15,5.6,25.4,11,8,1,1,0,0
CLI06315,Plus,Mensal,Cartão,Parceiro,15,71.91,10,1.6,31.8,4,6,0,0,1,0
CLI06316,Plus,Anual,Boleto,Indicação,18,79.9,0,4.5,30.0,6,6,2,2,0,0
CLI06317,Plus,Mensal,Cartão,Indicação,39,75.9,5,3.4,13.2,6,7,1,0,0,1
CLI06318,Plus,Anual,Cartão,Busca orgânica,70,75.9,5,9.9,8.6,6,9,1,0,0,0
CLI06319,Plus,Mensal,Boleto,Mídia paga,20,71.91,10,3.1,21.4,6,8,1,1,0,0
CLI06320,Plus,Mensal,Débito automático,Parceiro,20,71.91,10,1.8,10.6,9,8,1,2,0,1
CLI06321,Essencial,Anual,Pix,Indicação,23,49.9,0,6.4,14.8,5,7,2,0,0,0
CLI06322,Essencial,Mensal,Débito automático,Busca orgânica,13,49.9,0,4.0,79.7,10,4,0,0,0,0
CLI06323,Premium,Anual,Cartão,Parceiro,58,119.9,0,13.5,1.4,3,8,0,0,0,0
CLI06324,Essencial,Mensal,Cartão,Mídia paga,12,47.4,5,5.4,25.3,11,8,0,1,1,0
CLI06325,Plus,Mensal,Cartão,Busca orgânica,12,79.9,0,3.6,22.5,6,6,1,0,0,0
CLI06326,Essencial,Anual,Cartão,Busca orgânica,16,44.91,10,3.0,3.3,8,9,0,1,1,0
CLI06327,Premium,Mensal,Débito automático,Indicação,64,113.9,5,23.3,27.4,8,6,1,0,0,0
CLI06328,Plus,Mensal,Pix,Indicação,32,75.9,5,4.8,26.0,7,7,0,0,1,0
CLI06329,Essencial,Mensal,Cartão,Mídia paga,23,42.42,15,11.9,9.0,4,6,3,0,0,0
CLI06330,Essencial,Mensal,Débito automático,Mídia paga,19,47.4,5,4.0,9.6,3,6,0,1,0,0
CLI06331,Essencial,Mensal,Cartão,Busca orgânica,22,44.91,10,1.8,15.0,6,6,1,0,0,0
CLI06332,Premium,Anual,Cartão,Mídia paga,10,95.92,20,5.1,70.6,5,6,0,1,0,0
CLI06333,Plus,Mensal,Cartão,Indicação,3,79.9,0,2.4,24.1,9,7,0,1,0,0
CLI06334,Plus,Anual,Débito automático,Indicação,42,79.9,0,6.4,68.3,8,5,0,1,0,0
CLI06335,Plus,Mensal,Pix,Indicação,8,79.9,0,5.8,21.9,13,6,1,0,1,0
CLI06336,Essencial,Mensal,Boleto,Indicação,57,44.91,10,2.7,26.7,7,8,1,1,0,0
CLI06337,Essencial,Mensal,Débito automático,Parceiro,32,44.91,10,1.9,34.2,11,7,2,0,0,0
CLI06338,Essencial,Anual,Débito automático,Indicação,20,44.91,10,3.0,3.3,2,8,0,0,1,0
CLI06339,Essencial,Anual,Débito automático,Indicação,30,44.91,10,11.0,32.7,6,10,0,0,0,0
CLI06340,Plus,Mensal,Pix,Mídia paga,25,75.9,5,1.1,12.6,6,6,1,0,0,0
CLI06341,Premium,Mensal,Boleto,Busca orgânica,22,119.9,0,13.9,32.2,4,7,2,0,1,0
CLI06342,Premium,Anual,Pix,Indicação,24,119.9,0,13.4,19.2,6,7,1,0,0,0
CLI06343,Premium,Mensal,Cartão,Indicação,42,95.92,20,5.2,27.8,13,5,1,0,0,0
CLI06344,Essencial,Mensal,Cartão,Indicação,31,49.9,0,2.1,48.4,10,7,0,0,1,0
CLI06345,Essencial,Anual,Débito automático,Indicação,21,49.9,0,3.5,38.5,5,5,2,1,0,0
CLI06346,Plus,Mensal,Cartão,Mídia paga,38,71.91,10,2.9,4.3,6,8,0,0,1,0
CLI06347,Premium,Anual,Débito automático,Busca orgânica,61,107.91,10,4.2,47.8,6,7,1,0,0,0
CLI06348,Plus,Anual,Boleto,Indicação,21,75.9,5,4.6,17.6,9,7,2,0,1,1
CLI06349,Plus,Mensal,Cartão,Mídia paga,14,75.9,5,4.1,3.2,5,6,0,0,0,0
CLI06350,Plus,Mensal,Cartão,Indicação,39,63.92,20,7.3,7.5,6,7,1,0,1,0
CLI06351,Plus,Mensal,Cartão,Busca orgânica,21,75.9,5,3.1,26.6,5,10,1,0,0,0
CLI06352,Premium,Anual,Pix,Indicação,47,101.92,15,0.7,8.0,5,8,1,0,0,0
CLI06353,Plus,Mensal,Débito automático,Indicação,10,63.92,20,8.0,47.9,9,9,1,0,0,0
CLI06354,Essencial,Mensal,Cartão,Mídia paga,17,49.9,0,4.5,28.4,4,8,2,1,0,0
CLI06355,Essencial,Mensal,Pix,Indicação,74,44.91,10,2.0,21.5,3,8,0,1,0,1
CLI06356,Plus,Mensal,Pix,Indicação,16,63.92,20,11.7,45.1,7,6,0,1,0,1
CLI06357,Essencial,Mensal,Cartão,Busca orgânica,48,47.4,5,7.2,29.9,14,6,3,1,0,0
CLI06358,Premium,Mensal,Cartão,Mídia paga,13,119.9,0,2.6,32.3,6,6,0,0,0,0
CLI06359,Plus,Mensal,Cartão,Busca orgânica,37,79.9,0,10.2,11.7,7,10,1,0,0,0
CLI06360,Plus,Mensal,Débito automático,Indicação,11,71.91,10,1.7,16.9,4,6,1,0,0,0
CLI06361,Essencial,Mensal,Cartão,Busca orgânica,40,44.91,10,4.3,14.2,7,7,2,1,0,0
CLI06362,Plus,Mensal,Cartão,Busca orgânica,19,75.9,5,7.3,12.2,8,10,0,1,0,0
CLI06363,Plus,Mensal,Cartão,Busca orgânica,17,71.91,10,2.4,27.5,7,7,0,0,0,0
CLI06364,Essencial,Mensal,Débito automático,Busca orgânica,20,44.91,10,6.2,10.7,10,6,2,0,0,0
CLI06365,Premium,Mensal,Débito automático,Busca orgânica,24,119.9,0,12.4,12.4,2,7,3,0,1,0
CLI06366,Essencial,Mensal,Cartão,Parceiro,27,49.9,0,0.6,5.6,1,9,1,0,0,0
CLI06367,Essencial,Anual,Pix,Mídia paga,9,49.9,0,2.8,23.3,8,10,0,0,0,0
CLI06368,Essencial,Mensal,Débito automático,Indicação,29,47.4,5,1.2,50.4,10,7,0,1,0,0
CLI06369,Plus,Mensal,Débito automático,Mídia paga,7,71.91,10,5.4,45.6,7,7,0,0,1,0
CLI06370,Plus,Mensal,Pix,Busca orgânica,44,67.92,15,7.2,20.2,6,9,0,0,0,1
CLI06371,Premium,Anual,Débito automático,Mídia paga,30,101.92,15,13.3,31.1,1,8,0,0,0,0
CLI06372,Essencial,Mensal,Cartão,Mídia paga,30,49.9,0,8.5,42.3,10,8,0,2,0,0
CLI06373,Premium,Anual,Cartão,Mídia paga,40,113.9,5,11.1,3.3,3,9,0,0,1,0
CLI06374,Plus,Mensal,Débito automático,Busca orgânica,31,75.9,5,4.4,28.9,3,9,1,1,0,0
CLI06375,Essencial,Mensal,Cartão,Mídia paga,63,49.9,0,4.6,18.2,6,9,1,1,0,0
CLI06376,Essencial,Mensal,Cartão,Mídia paga,12,49.9,0,7.0,25.2,5,8,0,0,0,0
CLI06377,Essencial,Anual,Débito automático,Mídia paga,9,42.42,15,2.9,41.7,9,9,0,1,0,0
CLI06378,Premium,Mensal,Boleto,Busca orgânica,64,119.9,0,8.2,19.4,6,8,1,1,0,0
CLI06379,Essencial,Anual,Cartão,Indicação,31,49.9,0,1.7,60.6,6,7,0,1,0,0
CLI06380,Plus,Anual,Débito automático,Busca orgânica,34,79.9,0,9.3,21.7,8,5,1,0,1,0
CLI06381,Plus,Mensal,Cartão,Indicação,11,75.9,5,5.2,9.1,9,7,0,2,1,1
CLI06382,Premium,Mensal,Débito automático,Indicação,32,119.9,0,1.4,1.5,3,8,0,0,1,0
CLI06383,Plus,Mensal,Débito automático,Busca orgânica,22,79.9,0,1.4,10.5,7,7,1,1,0,0
CLI06384,Plus,Mensal,Débito automático,Busca orgânica,37,67.92,15,3.1,9.6,11,7,1,0,0,0
CLI06385,Essencial,Mensal,Boleto,Indicação,25,49.9,0,2.1,23.1,5,9,2,1,0,0
CLI06386,Premium,Mensal,Boleto,Indicação,22,107.91,10,1.3,24.2,6,6,0,3,1,0
CLI06387,Essencial,Anual,Boleto,Busca orgânica,25,39.92,20,2.7,12.3,4,9,0,0,1,0
CLI06388,Essencial,Mensal,Pix,Parceiro,15,44.91,10,6.6,37.6,12,5,0,0,1,0
CLI06389,Premium,Anual,Cartão,Busca orgânica,18,107.91,10,2.4,46.2,2,5,2,0,1,0
CLI06390,Essencial,Anual,Cartão,Mídia paga,50,39.92,20,3.2,12.1,1,6,0,0,0,0
CLI06391,Essencial,Mensal,Cartão,Busca orgânica,33,49.9,0,3.9,22.2,6,8,1,0,0,0
CLI06392,Plus,Mensal,Débito automático,Indicação,21,63.92,20,8.5,14.3,5,8,0,1,1,0
CLI06393,Essencial,Mensal,Cartão,Indicação,33,49.9,0,2.4,38.0,4,7,2,1,1,1
CLI06394,Essencial,Anual,Boleto,Busca orgânica,29,49.9,0,2.6,27.1,6,7,4,0,0,0
CLI06395,Plus,Mensal,Cartão,Parceiro,18,75.9,5,8.9,5.6,3,6,2,0,0,0
CLI06396,Plus,Anual,Cartão,Busca orgânica,15,67.92,15,4.8,55.5,14,5,0,0,1,0
CLI06397,Plus,Mensal,Cartão,Busca orgânica,18,79.9,0,1.3,23.4,6,5,1,2,0,0
CLI06398,Essencial,Mensal,Cartão,Mídia paga,45,49.9,0,2.9,1.5,2,7,2,0,0,0
CLI06399,Plus,Anual,Cartão,Mídia paga,21,79.9,0,7.1,23.5,9,7,2,0,0,0
CLI06400,Plus,Mensal,Pix,Mídia paga,49,75.9,5,1.9,80.6,20,5,1,1,1,0
CLI06401,Essencial,Anual,Cartão,Busca orgânica,16,39.92,20,0.8,3.3,4,8,0,0,0,0
CLI06402,Essencial,Mensal,Débito automático,Parceiro,14,44.91,10,1.9,3.6,2,8,0,0,0,0
CLI06403,Essencial,Mensal,Cartão,Busca orgânica,22,47.4,5,3.6,10.4,4,5,1,0,0,0
CLI06404,Plus,Mensal,Débito automático,Busca orgânica,28,79.9,0,7.9,13.9,4,7,2,0,0,0
CLI06405,Essencial,Mensal,Débito automático,Mídia paga,25,39.92,20,2.4,59.9,10,7,2,0,0,0
CLI06406,Plus,Anual,Cartão,Parceiro,31,79.9,0,8.9,21.6,9,8,0,0,0,0
CLI06407,Premium,Mensal,Cartão,Parceiro,31,119.9,0,6.1,34.6,2,6,1,0,0,0
CLI06408,Essencial,Mensal,Débito automático,Busca orgânica,36,49.9,0,4.6,34.7,8,8,0,0,0,0
CLI06409,Plus,Mensal,Débito automático,Mídia paga,11,75.9,5,8.4,28.8,8,4,1,1,0,1
CLI06410,Essencial,Mensal,Cartão,Indicação,15,42.42,15,2.0,44.0,7,6,2,2,0,0
CLI06411,Essencial,Anual,Débito automático,Parceiro,26,44.91,10,2.6,0.6,4,8,1,0,0,1
CLI06412,Plus,Mensal,Cartão,Mídia paga,18,75.9,5,6.3,37.4,4,6,0,1,1,1
CLI06413,Essencial,Anual,Cartão,Busca orgânica,22,44.91,10,2.4,10.8,10,6,1,1,0,0
CLI06414,Premium,Mensal,Cartão,Busca orgânica,24,107.91,10,6.1,5.1,2,8,1,1,0,0
CLI06415,Plus,Mensal,Débito automático,Mídia paga,20,79.9,0,1.9,44.7,12,4,0,0,1,1
CLI06416,Essencial,Mensal,Cartão,Busca orgânica,18,49.9,0,4.6,56.0,13,4,2,0,0,0
CLI06417,Essencial,Mensal,Pix,Parceiro,13,49.9,0,3.7,11.9,5,8,0,0,0,0
CLI06418,Essencial,Anual,Cartão,Mídia paga,21,42.42,15,3.0,36.5,8,7,1,0,0,0
CLI06419,Premium,Anual,Cartão,Mídia paga,17,101.92,15,3.1,29.7,10,8,1,1,0,1
CLI06420,Plus,Mensal,Cartão,Busca orgânica,38,67.92,15,8.3,23.3,8,10,0,0,0,0
CLI06421,Essencial,Anual,Pix,Mídia paga,34,44.91,10,1.5,30.0,3,6,0,0,0,0
CLI06422,Plus,Mensal,Débito automático,Mídia paga,11,79.9,0,10.2,30.2,9,9,1,1,0,0
CLI06423,Plus,Anual,Débito automático,Busca orgânica,58,75.9,5,1.4,27.1,8,7,0,0,0,0
CLI06424,Plus,Mensal,Cartão,Indicação,18,67.92,15,1.1,26.8,6,7,1,0,0,0
CLI06425,Essencial,Anual,Cartão,Mídia paga,9,44.91,10,3.9,1.1,5,8,0,0,1,0
CLI06426,Essencial,Mensal,Cartão,Busca orgânica,16,42.42,15,1.2,40.2,6,8,1,1,1,0
CLI06427,Essencial,Anual,Débito automático,Indicação,7,49.9,0,2.6,12.8,5,6,1,0,0,1
CLI06428,Essencial,Anual,Pix,Indicação,8,47.4,5,5.1,38.9,8,7,2,0,0,0
CLI06429,Plus,Mensal,Débito automático,Busca orgânica,96,67.92,15,1.7,43.2,7,6,1,1,0,0
CLI06430,Essencial,Mensal,Cartão,Busca orgânica,37,47.4,5,4.1,38.5,3,6,3,1,1,0
CLI06431,Essencial,Mensal,Pix,Indicação,10,49.9,0,4.3,22.9,9,9,1,0,0,1
CLI06432,Essencial,Mensal,Pix,Mídia paga,6,49.9,0,4.0,19.2,4,6,1,2,1,0
CLI06433,Essencial,Mensal,Pix,Parceiro,22,49.9,0,6.5,28.7,6,8,1,0,0,0
CLI06434,Premium,Mensal,Pix,Mídia paga,5,101.92,15,3.3,47.0,7,5,1,0,0,0
CLI06435,Plus,Anual,Cartão,Busca orgânica,21,71.91,10,1.7,54.6,8,7,0,0,0,0
CLI06436,Essencial,Mensal,Cartão,Indicação,30,42.42,15,0.6,13.2,6,8,1,0,0,0
CLI06437,Plus,Mensal,Boleto,Busca orgânica,31,79.9,0,6.6,36.3,7,6,2,0,0,0
CLI06438,Essencial,Anual,Cartão,Mídia paga,10,49.9,0,2.9,38.4,8,6,0,0,0,0
CLI06439,Premium,Mensal,Débito automático,Mídia paga,27,113.9,5,11.5,18.3,5,7,0,1,0,0
CLI06440,Plus,Mensal,Boleto,Parceiro,44,79.9,0,2.1,34.9,7,7,1,1,1,0
CLI06441,Plus,Anual,Pix,Busca orgânica,18,71.91,10,2.4,35.9,5,6,2,1,1,0
CLI06442,Premium,Mensal,Pix,Indicação,10,119.9,0,3.0,19.2,7,7,0,0,0,0
CLI06443,Premium,Mensal,Cartão,Mídia paga,18,119.9,0,4.9,37.0,5,8,1,0,0,0
CLI06444,Plus,Mensal,Débito automático,Parceiro,11,79.9,0,1.7,31.4,3,7,0,1,0,0
CLI06445,Essencial,Anual,Boleto,Parceiro,96,39.92,20,1.8,7.9,4,7,1,0,1,0
CLI06446,Essencial,Mensal,Boleto,Parceiro,39,44.91,10,2.9,53.3,13,6,0,1,0,0
CLI06447,Plus,Mensal,Cartão,Busca orgânica,34,71.91,10,4.9,25.6,5,6,0,4,0,0
CLI06448,Plus,Mensal,Boleto,Mídia paga,6,71.91,10,4.5,10.8,8,8,0,1,0,0
CLI06449,Plus,Mensal,Cartão,Indicação,19,67.92,15,1.6,16.7,5,7,2,1,1,0
CLI06450,Plus,Mensal,Pix,Indicação,17,71.91,10,4.6,45.3,11,5,2,0,0,0
CLI06451,Essencial,Mensal,Cartão,Mídia paga,14,47.4,5,2.3,32.4,6,5,2,0,0,0
CLI06452,Essencial,Anual,Cartão,Indicação,48,49.9,0,5.1,31.4,6,6,2,0,0,0
CLI06453,Plus,Mensal,Pix,Busca orgânica,86,71.91,10,9.0,26.4,5,6,1,0,1,0
CLI06454,Essencial,Anual,Pix,Indicação,14,49.9,0,5.9,43.2,11,5,2,0,1,0
CLI06455,Plus,Anual,Boleto,Indicação,4,79.9,0,3.5,53.6,8,6,0,0,0,0
CLI06456,Plus,Anual,Cartão,Indicação,15,63.92,20,3.5,48.8,8,8,1,0,1,0
CLI06457,Plus,Anual,Débito automático,Mídia paga,46,71.91,10,5.9,39.8,6,6,0,0,0,0
CLI06458,Plus,Mensal,Cartão,Busca orgânica,39,71.91,10,2.2,26.9,6,6,1,0,0,0
CLI06459,Plus,Anual,Cartão,Mídia paga,24,71.91,10,5.2,39.2,11,7,0,0,0,0
CLI06460,Plus,Mensal,Cartão,Mídia paga,34,79.9,0,4.5,12.8,10,10,1,1,0,0
CLI06461,Essencial,Mensal,Débito automático,Indicação,18,42.42,15,6.1,42.4,8,6,1,1,0,0
CLI06462,Plus,Mensal,Débito automático,Mídia paga,14,75.9,5,4.1,38.2,7,7,0,1,0,0
CLI06463,Plus,Mensal,Cartão,Indicação,12,75.9,5,5.0,9.5,8,5,1,2,0,1
CLI06464,Essencial,Mensal,Cartão,Mídia paga,23,49.9,0,5.3,25.9,7,8,0,0,0,0
CLI06465,Plus,Anual,Pix,Parceiro,15,63.92,20,4.1,36.7,5,6,2,0,0,0
CLI06466,Premium,Mensal,Pix,Parceiro,10,113.9,5,3.4,9.2,3,7,0,0,0,0
CLI06467,Essencial,Mensal,Débito automático,Busca orgânica,26,49.9,0,4.0,3.8,4,8,0,0,1,0
CLI06468,Plus,Mensal,Débito automático,Mídia paga,17,67.92,15,1.9,32.0,12,8,0,0,1,1
CLI06469,Premium,Anual,Cartão,Indicação,47,113.9,5,6.4,12.4,8,5,2,0,0,0
CLI06470,Premium,Mensal,Cartão,Parceiro,29,107.91,10,3.6,41.8,8,7,0,1,1,0
CLI06471,Essencial,Mensal,Cartão,Indicação,70,49.9,0,0.8,52.2,10,4,1,0,0,0
CLI06472,Plus,Anual,Boleto,Mídia paga,31,79.9,0,5.7,7.8,6,9,0,2,0,0
CLI06473,Premium,Anual,Pix,Busca orgânica,21,119.9,0,6.1,13.7,3,10,0,0,0,0
CLI06474,Plus,Mensal,Cartão,Mídia paga,43,79.9,0,9.4,64.2,13,4,1,0,0,1
CLI06475,Essencial,Mensal,Débito automático,Mídia paga,65,42.42,15,0.9,7.2,8,8,1,0,0,0
CLI06476,Essencial,Mensal,Pix,Busca orgânica,5,39.92,20,1.6,6.3,6,8,1,0,0,0
CLI06477,Plus,Anual,Cartão,Indicação,43,79.9,0,8.4,17.1,8,6,2,1,0,0
CLI06478,Essencial,Mensal,Cartão,Mídia paga,23,44.91,10,6.2,9.7,3,8,0,1,0,0
CLI06479,Essencial,Anual,Débito automático,Parceiro,32,39.92,20,4.4,24.3,2,9,0,0,0,0
CLI06480,Essencial,Mensal,Débito automático,Indicação,69,49.9,0,2.7,32.5,8,8,2,0,0,0
CLI06481,Plus,Mensal,Cartão,Mídia paga,24,67.92,15,7.5,25.1,12,8,1,0,1,0
CLI06482,Plus,Mensal,Cartão,Busca orgânica,10,75.9,5,3.3,14.1,6,8,0,1,0,0
CLI06483,Premium,Mensal,Cartão,Busca orgânica,7,119.9,0,0.6,39.1,5,4,2,1,1,0
CLI06484,Plus,Anual,Débito automático,Indicação,67,67.92,15,8.9,44.3,10,6,1,0,0,0
CLI06485,Premium,Anual,Cartão,Mídia paga,29,119.9,0,4.2,11.3,6,8,2,0,1,0
CLI06486,Premium,Mensal,Cartão,Indicação,24,113.9,5,20.7,23.4,8,9,3,0,0,0
CLI06487,Essencial,Anual,Cartão,Mídia paga,62,49.9,0,1.2,53.3,12,7,0,1,1,0
CLI06488,Plus,Mensal,Boleto,Busca orgânica,13,75.9,5,8.7,15.7,6,8,2,1,0,0
CLI06489,Essencial,Mensal,Cartão,Mídia paga,13,47.4,5,3.3,65.5,10,7,0,0,0,0
CLI06490,Premium,Mensal,Cartão,Busca orgânica,76,107.91,10,10.6,0.9,2,8,1,0,1,0
CLI06491,Essencial,Mensal,Pix,Mídia paga,12,49.9,0,1.7,38.0,6,8,0,0,1,0
CLI06492,Plus,Anual,Débito automático,Indicação,8,71.91,10,14.0,25.9,4,10,0,0,0,0
CLI06493,Premium,Mensal,Débito automático,Busca orgânica,75,101.92,15,16.3,3.3,4,7,1,0,1,0
CLI06494,Essencial,Anual,Boleto,Busca orgânica,42,42.42,15,2.2,53.6,6,6,1,0,0,0
CLI06495,Premium,Mensal,Pix,Mídia paga,23,113.9,5,4.6,11.1,0,8,1,1,1,0
CLI06496,Essencial,Anual,Cartão,Mídia paga,96,44.91,10,3.4,17.8,4,9,1,2,0,0
CLI06497,Essencial,Mensal,Cartão,Indicação,16,42.42,15,1.5,41.7,13,4,2,0,0,0
CLI06498,Plus,Anual,Débito automático,Indicação,36,79.9,0,2.5,43.6,8,8,0,0,1,0
CLI06499,Essencial,Anual,Débito automático,Indicação,33,44.91,10,5.6,45.1,13,7,1,0,0,0
CLI06500,Plus,Mensal,Cartão,Indicação,63,75.9,5,0.5,40.6,7,4,1,0,0,1
CLI06501,Premium,Mensal,Pix,Indicação,13,107.91,10,3.0,25.0,8,9,1,0,1,1
CLI06502,Essencial,Anual,Cartão,Indicação,75,49.9,0,7.4,18.7,3,9,0,0,1,0
CLI06503,Plus,Anual,Débito automático,Busca orgânica,93,79.9,0,9.8,3.5,6,6,1,0,0,0
CLI06504,Premium,Mensal,Cartão,Indicação,56,101.92,15,5.3,13.3,7,7,1,0,0,0
CLI06505,Plus,Anual,Cartão,Busca orgânica,14,79.9,0,1.0,0.8,7,8,1,1,0,0
CLI06506,Essencial,Anual,Cartão,Mídia paga,28,42.42,15,6.4,64.9,10,7,1,1,0,0
CLI06507,Premium,Anual,Cartão,Mídia paga,33,107.91,10,4.0,49.8,8,8,1,1,0,0
CLI06508,Essencial,Mensal,Cartão,Mídia paga,32,49.9,0,4.9,13.2,6,9,1,0,0,0
CLI06509,Plus,Mensal,Débito automático,Indicação,7,71.91,10,6.0,18.7,4,6,1,0,0,0
CLI06510,Plus,Anual,Débito automático,Busca orgânica,39,67.92,15,7.1,2.3,5,7,1,0,0,0
CLI06511,Plus,Mensal,Pix,Busca orgânica,30,79.9,0,6.5,14.2,4,9,0,0,0,0
CLI06512,Essencial,Mensal,Cartão,Mídia paga,22,44.91,10,4.6,9.2,7,5,3,0,0,0
CLI06513,Essencial,Anual,Débito automático,Parceiro,23,39.92,20,1.8,25.4,4,5,1,1,0,0
CLI06514,Plus,Mensal,Débito automático,Mídia paga,96,79.9,0,5.0,40.5,8,6,1,0,0,0
CLI06515,Essencial,Mensal,Pix,Parceiro,57,42.42,15,4.6,15.1,5,8,0,0,0,0
CLI06516,Plus,Anual,Débito automático,Indicação,6,79.9,0,6.0,26.2,9,6,1,0,1,0
CLI06517,Plus,Anual,Débito automático,Busca orgânica,22,71.91,10,3.7,14.1,4,9,0,0,0,0
CLI06518,Plus,Anual,Débito automático,Indicação,50,79.9,0,0.3,12.0,6,8,0,1,1,0
CLI06519,Essencial,Anual,Cartão,Indicação,57,47.4,5,1.5,25.9,10,6,0,1,0,0
CLI06520,Essencial,Mensal,Pix,Indicação,32,49.9,0,0.6,16.2,5,8,2,0,1,0
CLI06521,Premium,Mensal,Cartão,Parceiro,10,95.92,20,8.1,34.1,4,8,0,0,1,0
CLI06522,Essencial,Mensal,Débito automático,Busca orgânica,9,42.42,15,1.9,9.5,5,7,2,0,0,0
CLI06523,Essencial,Anual,Débito automático,Parceiro,39,42.42,15,1.1,15.1,4,8,2,0,1,0
CLI06524,Essencial,Mensal,Boleto,Mídia paga,19,42.42,15,2.0,14.5,7,6,0,0,0,0
CLI06525,Essencial,Mensal,Cartão,Mídia paga,12,44.91,10,2.1,5.5,2,8,2,0,0,0
CLI06526,Premium,Mensal,Pix,Parceiro,2,119.9,0,5.0,78.0,10,6,1,0,0,1
CLI06527,Essencial,Mensal,Débito automático,Busca orgânica,7,39.92,20,3.5,37.8,6,5,1,0,0,0
CLI06528,Essencial,Mensal,Débito automático,Mídia paga,29,49.9,0,3.1,21.6,6,8,0,0,1,0
CLI06529,Plus,Mensal,Débito automático,Mídia paga,21,67.92,15,5.5,28.3,5,8,0,0,0,0
CLI06530,Essencial,Mensal,Cartão,Mídia paga,61,44.91,10,4.1,23.5,8,7,1,0,0,0
CLI06531,Essencial,Anual,Boleto,Mídia paga,9,44.91,10,0.4,14.4,8,7,2,2,0,0
CLI06532,Premium,Anual,Boleto,Parceiro,14,107.91,10,16.6,14.3,5,10,1,1,1,0
CLI06533,Plus,Mensal,Boleto,Parceiro,17,79.9,0,5.3,28.6,7,7,0,0,0,0
CLI06534,Essencial,Anual,Pix,Indicação,27,47.4,5,8.7,27.4,16,9,0,0,0,0
CLI06535,Essencial,Mensal,Débito automático,Indicação,17,49.9,0,1.6,30.8,8,6,1,0,0,0
CLI06536,Essencial,Mensal,Cartão,Busca orgânica,13,39.92,20,14.2,32.2,8,5,2,1,0,0
CLI06537,Essencial,Mensal,Cartão,Mídia paga,32,49.9,0,1.7,14.3,7,9,1,0,0,0
CLI06538,Plus,Anual,Cartão,Indicação,26,67.92,15,1.9,29.6,3,7,0,0,1,0
CLI06539,Plus,Anual,Pix,Mídia paga,43,71.91,10,2.5,21.0,7,7,1,1,0,0
CLI06540,Plus,Mensal,Boleto,Busca orgânica,20,71.91,10,2.4,8.3,6,7,0,0,0,0
CLI06541,Premium,Anual,Pix,Parceiro,54,113.9,5,3.0,17.5,5,7,0,0,0,0
CLI06542,Essencial,Anual,Cartão,Mídia paga,12,47.4,5,2.0,9.4,6,8,1,1,0,0
CLI06543,Premium,Anual,Débito automático,Busca orgânica,39,107.91,10,6.1,15.2,3,9,0,0,0,0
CLI06544,Plus,Mensal,Pix,Busca orgânica,46,79.9,0,2.3,55.7,8,6,1,1,0,0
CLI06545,Essencial,Anual,Cartão,Mídia paga,3,44.91,10,3.1,3.6,6,8,2,1,0,0
CLI06546,Premium,Anual,Pix,Busca orgânica,39,119.9,0,4.4,11.4,6,6,1,0,0,0
CLI06547,Essencial,Mensal,Pix,Busca orgânica,23,42.42,15,0.7,6.4,3,6,0,2,0,0
CLI06548,Plus,Anual,Pix,Parceiro,28,71.91,10,4.3,34.8,8,9,0,0,0,0
CLI06549,Plus,Mensal,Débito automático,Mídia paga,60,71.91,10,0.7,39.9,4,5,0,0,0,0
CLI06550,Essencial,Anual,Cartão,Parceiro,24,47.4,5,1.5,7.1,5,6,3,1,0,0
CLI06551,Premium,Anual,Cartão,Busca orgânica,11,107.91,10,3.3,29.3,3,8,0,0,0,0
CLI06552,Essencial,Mensal,Pix,Mídia paga,37,47.4,5,4.1,51.5,10,6,1,1,0,1
CLI06553,Premium,Mensal,Boleto,Parceiro,21,119.9,0,12.4,18.7,10,5,1,2,0,0
CLI06554,Essencial,Anual,Cartão,Mídia paga,25,47.4,5,1.2,57.6,8,5,2,0,0,0
CLI06555,Essencial,Anual,Débito automático,Parceiro,23,47.4,5,0.4,54.0,8,4,4,0,0,0
CLI06556,Essencial,Anual,Pix,Mídia paga,42,49.9,0,2.3,11.7,4,7,0,0,0,0
CLI06557,Premium,Mensal,Cartão,Indicação,32,119.9,0,4.5,10.6,6,7,2,1,0,0
CLI06558,Essencial,Mensal,Pix,Busca orgânica,25,44.91,10,4.6,20.3,7,8,0,0,1,0
CLI06559,Premium,Mensal,Cartão,Mídia paga,31,107.91,10,18.5,9.0,7,6,0,0,0,0
CLI06560,Essencial,Anual,Cartão,Parceiro,12,49.9,0,3.0,14.3,6,8,1,0,0,0
CLI06561,Essencial,Mensal,Cartão,Mídia paga,39,39.92,20,9.2,40.2,9,9,0,0,0,1
CLI06562,Essencial,Anual,Débito automático,Busca orgânica,33,49.9,0,2.0,15.7,6,8,0,0,1,0
CLI06563,Essencial,Mensal,Pix,Mídia paga,66,44.91,10,4.9,42.1,7,6,1,1,0,0
CLI06564,Premium,Mensal,Pix,Mídia paga,16,101.92,15,4.3,24.1,5,7,0,0,0,0
CLI06565,Essencial,Mensal,Pix,Busca orgânica,16,44.91,10,6.4,25.1,1,7,0,1,0,0
CLI06566,Plus,Mensal,Cartão,Mídia paga,29,75.9,5,1.8,29.4,6,8,1,0,0,0
CLI06567,Plus,Mensal,Débito automático,Parceiro,24,67.92,15,5.8,5.8,2,8,1,0,0,0
CLI06568,Plus,Mensal,Boleto,Busca orgânica,11,71.91,10,7.3,68.4,12,7,0,0,0,1
CLI06569,Plus,Anual,Débito automático,Indicação,10,79.9,0,2.5,12.4,2,8,1,0,0,0
CLI06570,Premium,Mensal,Cartão,Busca orgânica,52,107.91,10,8.1,48.0,6,6,2,1,0,0
CLI06571,Plus,Anual,Boleto,Indicação,14,79.9,0,1.6,1.9,6,7,1,0,0,0
CLI06572,Plus,Mensal,Débito automático,Mídia paga,20,79.9,0,11.1,52.8,10,9,1,0,1,0
CLI06573,Plus,Mensal,Cartão,Parceiro,9,79.9,0,4.5,80.2,9,5,0,0,0,0
CLI06574,Plus,Anual,Cartão,Mídia paga,93,75.9,5,3.7,49.1,7,5,1,0,1,0
CLI06575,Essencial,Mensal,Cartão,Mídia paga,15,49.9,0,5.1,38.5,10,9,0,0,0,0
CLI06576,Plus,Mensal,Débito automático,Mídia paga,22,79.9,0,6.0,6.1,6,9,0,0,0,0
CLI06577,Essencial,Anual,Pix,Busca orgânica,6,44.91,10,2.4,51.6,8,6,0,0,0,0
CLI06578,Plus,Mensal,Cartão,Busca orgânica,28,79.9,0,8.9,54.2,13,5,4,1,0,0
CLI06579,Premium,Anual,Cartão,Busca orgânica,77,107.91,10,2.1,17.6,2,8,1,0,0,0
CLI06580,Premium,Mensal,Cartão,Busca orgânica,10,107.91,10,8.4,15.7,5,10,1,0,0,0
CLI06581,Premium,Mensal,Débito automático,Indicação,29,95.92,20,1.4,7.9,1,8,2,0,0,0
CLI06582,Plus,Anual,Pix,Mídia paga,18,75.9,5,1.9,18.9,4,6,0,0,0,0
CLI06583,Plus,Mensal,Cartão,Indicação,25,71.91,10,6.3,36.4,6,6,0,0,0,0
CLI06584,Essencial,Anual,Pix,Indicação,19,44.91,10,1.6,26.5,10,7,0,1,0,0
CLI06585,Plus,Mensal,Boleto,Busca orgânica,8,71.91,10,7.5,38.2,10,8,0,1,1,0
CLI06586,Essencial,Mensal,Cartão,Parceiro,30,47.4,5,6.3,36.8,5,8,0,0,0,0
CLI06587,Essencial,Mensal,Pix,Busca orgânica,44,44.91,10,2.9,14.8,5,6,0,0,1,0
CLI06588,Premium,Mensal,Cartão,Mídia paga,18,107.91,10,13.2,17.1,5,8,0,0,0,0
CLI06589,Premium,Mensal,Cartão,Busca orgânica,52,107.91,10,4.4,29.3,7,6,1,0,0,0
CLI06590,Plus,Mensal,Débito automático,Indicação,52,79.9,0,9.1,34.2,9,4,1,2,0,0
CLI06591,Essencial,Mensal,Boleto,Indicação,44,44.91,10,3.6,40.4,7,5,0,2,1,0
CLI06592,Plus,Mensal,Cartão,Indicação,11,75.9,5,5.9,33.7,9,7,1,0,0,0
CLI06593,Essencial,Mensal,Cartão,Busca orgânica,37,42.42,15,2.9,17.6,7,8,0,0,0,0
CLI06594,Plus,Mensal,Cartão,Busca orgânica,34,79.9,0,5.1,3.1,3,7,2,2,0,0
CLI06595,Premium,Mensal,Pix,Mídia paga,13,119.9,0,3.9,16.0,7,8,1,1,0,0
CLI06596,Essencial,Mensal,Cartão,Indicação,17,44.91,10,9.6,27.5,10,6,1,3,1,1
CLI06597,Essencial,Mensal,Pix,Busca orgânica,25,42.42,15,2.9,5.9,2,7,1,0,0,0
CLI06598,Essencial,Mensal,Cartão,Indicação,17,42.42,15,0.3,12.3,6,8,0,1,1,1
CLI06599,Essencial,Mensal,Débito automático,Mídia paga,23,44.91,10,1.8,32.4,7,6,0,1,0,0
CLI06600,Essencial,Mensal,Boleto,Busca orgânica,67,44.91,10,4.3,46.0,7,6,1,1,0,0
CLI06601,Essencial,Anual,Cartão,Mídia paga,13,47.4,5,3.2,25.9,5,7,0,1,0,0
CLI06602,Essencial,Mensal,Débito automático,Mídia paga,13,49.9,0,4.4,8.2,6,7,0,0,0,0
CLI06603,Essencial,Mensal,Débito automático,Busca orgânica,49,47.4,5,5.0,10.4,2,8,0,1,0,0
CLI06604,Essencial,Anual,Cartão,Indicação,26,39.92,20,12.4,15.5,5,7,0,0,0,0
CLI06605,Plus,Mensal,Boleto,Mídia paga,28,79.9,0,6.8,5.8,6,6,0,1,0,0
CLI06606,Essencial,Mensal,Pix,Parceiro,21,47.4,5,4.0,24.1,6,6,2,0,0,0
CLI06607,Premium,Anual,Pix,Parceiro,21,95.92,20,8.6,53.6,8,7,0,0,1,0
CLI06608,Essencial,Anual,Débito automático,Busca orgânica,23,49.9,0,6.7,64.9,10,6,0,0,0,0
CLI06609,Essencial,Anual,Cartão,Busca orgânica,28,49.9,0,3.7,34.1,7,5,1,0,0,0
CLI06610,Essencial,Anual,Cartão,Busca orgânica,43,44.91,10,3.5,13.3,9,8,1,1,0,0
CLI06611,Plus,Mensal,Cartão,Busca orgânica,12,79.9,0,6.1,10.7,7,8,0,0,1,0
CLI06612,Essencial,Anual,Débito automático,Parceiro,14,44.91,10,2.0,12.5,3,6,1,0,1,0
CLI06613,Plus,Mensal,Boleto,Indicação,50,75.9,5,8.8,15.7,3,6,0,1,0,0
CLI06614,Essencial,Anual,Cartão,Indicação,27,47.4,5,3.4,6.0,3,6,0,0,0,0
CLI06615,Premium,Mensal,Cartão,Indicação,19,95.92,20,7.7,38.8,10,5,2,0,0,1
CLI06616,Essencial,Mensal,Cartão,Mídia paga,31,47.4,5,0.8,34.0,7,8,1,0,1,0
CLI06617,Essencial,Mensal,Boleto,Busca orgânica,17,44.91,10,1.2,4.3,6,7,0,1,0,0
CLI06618,Premium,Mensal,Cartão,Indicação,48,95.92,20,13.0,11.1,5,6,0,1,0,0
CLI06619,Essencial,Mensal,Boleto,Busca orgânica,15,47.4,5,0.8,47.3,8,6,2,1,0,0
CLI06620,Essencial,Anual,Cartão,Indicação,16,49.9,0,3.8,19.4,4,7,1,0,1,0
CLI06621,Plus,Mensal,Cartão,Indicação,19,71.91,10,4.8,9.1,6,7,0,0,0,0
CLI06622,Essencial,Anual,Cartão,Parceiro,34,44.91,10,1.9,11.2,4,8,0,0,0,0
CLI06623,Essencial,Mensal,Pix,Mídia paga,52,49.9,0,3.4,49.5,10,6,1,0,0,0
CLI06624,Essencial,Mensal,Cartão,Mídia paga,37,44.91,10,1.7,27.0,8,8,0,3,0,0
CLI06625,Essencial,Mensal,Boleto,Busca orgânica,43,44.91,10,2.3,22.9,8,5,4,0,0,0
CLI06626,Premium,Mensal,Pix,Busca orgânica,7,119.9,0,5.6,28.5,6,7,1,1,0,0
CLI06627,Plus,Mensal,Cartão,Mídia paga,6,79.9,0,14.9,27.9,7,7,1,2,1,1
CLI06628,Plus,Mensal,Pix,Indicação,8,71.91,10,3.6,34.0,5,6,0,0,0,0
CLI06629,Essencial,Mensal,Cartão,Mídia paga,24,47.4,5,5.2,43.0,18,5,1,0,1,0
CLI06630,Plus,Anual,Débito automático,Mídia paga,18,79.9,0,19.9,41.0,6,9,0,0,0,0
CLI06631,Plus,Mensal,Débito automático,Busca orgânica,9,79.9,0,10.0,78.3,14,8,1,1,0,0
CLI06632,Essencial,Anual,Boleto,Indicação,1,49.9,0,1.0,22.4,6,5,2,0,0,0
CLI06633,Premium,Anual,Pix,Mídia paga,36,119.9,0,3.0,16.6,6,7,3,0,0,0
CLI06634,Plus,Mensal,Cartão,Parceiro,58,71.91,10,9.8,24.2,5,9,2,0,0,0
CLI06635,Plus,Anual,Cartão,Indicação,44,63.92,20,0.6,28.0,2,7,2,0,0,1
CLI06636,Essencial,Anual,Cartão,Indicação,23,44.91,10,0.9,42.2,11,5,0,0,0,0
CLI06637,Essencial,Anual,Cartão,Mídia paga,29,47.4,5,6.7,11.2,4,7,2,1,0,0
CLI06638,Plus,Anual,Cartão,Mídia paga,15,71.91,10,6.4,17.6,6,7,1,0,1,0
CLI06639,Plus,Mensal,Cartão,Busca orgânica,25,71.91,10,0.5,3.9,5,9,0,0,0,0
CLI06640,Essencial,Anual,Boleto,Parceiro,23,49.9,0,2.0,14.6,4,8,1,0,0,0
CLI06641,Essencial,Mensal,Boleto,Mídia paga,33,47.4,5,3.3,3.9,2,7,2,1,1,0
CLI06642,Plus,Mensal,Cartão,Indicação,14,75.9,5,3.4,47.4,5,5,2,1,1,1
CLI06643,Essencial,Anual,Boleto,Indicação,92,49.9,0,4.9,6.6,3,8,2,1,0,0
CLI06644,Essencial,Mensal,Débito automático,Indicação,10,39.92,20,6.6,11.7,8,8,1,0,0,0
CLI06645,Plus,Mensal,Cartão,Mídia paga,29,79.9,0,3.6,68.4,12,6,1,2,1,0
CLI06646,Essencial,Mensal,Boleto,Mídia paga,39,44.91,10,1.3,18.4,4,6,1,1,0,0
CLI06647,Essencial,Mensal,Boleto,Parceiro,10,49.9,0,1.7,0.9,1,6,0,1,0,0
CLI06648,Essencial,Anual,Pix,Mídia paga,6,47.4,5,4.2,44.9,7,9,0,0,0,0
CLI06649,Premium,Mensal,Débito automático,Mídia paga,40,107.91,10,12.3,7.2,5,10,0,0,0,0
CLI06650,Essencial,Mensal,Cartão,Indicação,93,44.91,10,3.0,30.7,10,9,0,0,0,0
CLI06651,Plus,Anual,Pix,Indicação,4,79.9,0,11.0,41.8,8,8,0,0,1,0
CLI06652,Premium,Anual,Débito automático,Parceiro,92,113.9,5,6.3,28.5,8,5,2,0,0,0
CLI06653,Plus,Anual,Pix,Busca orgânica,41,71.91,10,1.4,51.2,6,6,1,0,0,0
CLI06654,Plus,Mensal,Cartão,Parceiro,24,79.9,0,5.4,35.9,7,3,2,0,1,0
CLI06655,Plus,Anual,Pix,Busca orgânica,44,71.91,10,14.6,65.2,11,6,1,1,1,0
CLI06656,Essencial,Mensal,Débito automático,Mídia paga,53,44.91,10,4.0,86.0,9,4,1,1,1,0
CLI06657,Plus,Anual,Débito automático,Mídia paga,22,71.91,10,7.6,42.2,9,7,1,0,0,0
CLI06658,Premium,Mensal,Cartão,Indicação,96,119.9,0,1.7,17.9,4,4,1,1,0,0
CLI06659,Plus,Mensal,Cartão,Busca orgânica,91,75.9,5,5.5,54.8,9,8,0,0,0,0
CLI06660,Essencial,Mensal,Cartão,Parceiro,16,47.4,5,2.3,21.5,6,8,1,0,0,0
CLI06661,Essencial,Mensal,Pix,Busca orgânica,31,49.9,0,4.3,21.6,6,7,0,1,0,0
CLI06662,Premium,Mensal,Cartão,Busca orgânica,10,107.91,10,2.6,14.0,8,9,0,1,0,0
CLI06663,Essencial,Mensal,Boleto,Mídia paga,8,49.9,0,9.0,20.5,8,8,0,0,0,0
CLI06664,Premium,Anual,Pix,Mídia paga,20,113.9,5,8.0,35.1,7,7,3,0,1,0
CLI06665,Essencial,Mensal,Cartão,Mídia paga,30,49.9,0,4.2,46.1,7,7,1,0,0,0
CLI06666,Plus,Mensal,Débito automático,Busca orgânica,12,75.9,5,10.5,24.0,11,7,1,0,1,0
CLI06667,Plus,Mensal,Cartão,Busca orgânica,44,67.92,15,6.0,12.6,8,10,0,0,0,0
CLI06668,Plus,Anual,Cartão,Busca orgânica,32,75.9,5,1.4,19.1,5,4,2,0,0,0
CLI06669,Essencial,Mensal,Cartão,Parceiro,26,39.92,20,0.6,76.6,11,8,0,0,1,1
CLI06670,Premium,Mensal,Pix,Parceiro,14,107.91,10,23.4,22.1,5,6,3,0,0,1
CLI06671,Essencial,Anual,Débito automático,Mídia paga,15,39.92,20,4.1,80.8,17,5,0,0,0,0
CLI06672,Essencial,Anual,Cartão,Busca orgânica,21,42.42,15,2.9,16.0,5,9,0,0,1,0
CLI06673,Plus,Mensal,Débito automático,Parceiro,16,67.92,15,3.9,31.0,6,6,0,0,0,0
CLI06674,Essencial,Anual,Cartão,Indicação,19,49.9,0,2.0,27.7,7,6,0,1,0,0
CLI06675,Plus,Anual,Cartão,Indicação,14,67.92,15,6.4,14.7,6,9,0,0,0,0
CLI06676,Essencial,Mensal,Débito automático,Busca orgânica,34,49.9,0,3.4,20.3,4,5,2,0,1,0
CLI06677,Essencial,Mensal,Débito automático,Mídia paga,9,42.42,15,2.9,30.5,7,5,0,0,0,0
CLI06678,Premium,Mensal,Boleto,Indicação,48,113.9,5,3.1,70.9,8,5,0,1,0,1
CLI06679,Essencial,Anual,Pix,Busca orgânica,17,49.9,0,3.5,10.7,5,7,0,0,1,0
CLI06680,Essencial,Anual,Cartão,Mídia paga,35,42.42,15,2.9,49.6,10,5,1,0,1,0
CLI06681,Plus,Anual,Cartão,Mídia paga,25,71.91,10,6.8,28.1,5,7,0,0,0,0
CLI06682,Premium,Anual,Cartão,Indicação,8,107.91,10,4.5,42.7,7,6,1,1,0,0
CLI06683,Plus,Mensal,Boleto,Indicação,46,67.92,15,2.7,21.8,7,9,1,0,0,0
CLI06684,Premium,Mensal,Pix,Mídia paga,72,95.92,20,3.8,49.2,7,4,1,0,1,1
CLI06685,Essencial,Anual,Cartão,Indicação,22,44.91,10,1.5,4.2,4,5,0,0,1,0
CLI06686,Essencial,Mensal,Cartão,Indicação,5,47.4,5,0.9,7.4,5,8,0,1,0,0
CLI06687,Premium,Mensal,Cartão,Parceiro,33,119.9,0,5.0,1.0,3,9,0,1,0,0
CLI06688,Premium,Anual,Débito automático,Mídia paga,26,107.91,10,2.2,38.4,8,5,0,0,1,0
CLI06689,Plus,Mensal,Cartão,Busca orgânica,13,75.9,5,10.3,37.1,9,5,1,0,0,0
CLI06690,Plus,Mensal,Boleto,Mídia paga,27,75.9,5,7.0,28.5,4,5,1,0,1,1
CLI06691,Essencial,Mensal,Cartão,Mídia paga,59,44.91,10,2.0,25.3,10,5,0,1,1,1
CLI06692,Essencial,Mensal,Débito automático,Busca orgânica,52,44.91,10,4.0,59.8,6,6,0,0,0,0
CLI06693,Premium,Anual,Cartão,Mídia paga,20,119.9,0,9.6,1.6,5,9,1,1,0,0
CLI06694,Plus,Mensal,Cartão,Mídia paga,19,79.9,0,3.5,36.1,4,3,2,0,0,1
CLI06695,Essencial,Mensal,Cartão,Indicação,12,49.9,0,1.9,11.1,5,6,1,1,0,0
CLI06696,Essencial,Anual,Cartão,Busca orgânica,20,44.91,10,0.4,22.2,8,7,0,0,0,0
CLI06697,Essencial,Mensal,Boleto,Busca orgânica,29,47.4,5,5.5,11.5,5,8,0,1,0,0
CLI06698,Essencial,Anual,Débito automático,Mídia paga,28,44.91,10,1.9,27.8,4,4,1,1,1,0
CLI06699,Plus,Mensal,Cartão,Mídia paga,31,75.9,5,12.3,7.6,3,7,2,0,1,0
CLI06700,Plus,Mensal,Pix,Mídia paga,31,67.92,15,7.7,29.5,7,7,1,0,0,0
CLI06701,Essencial,Mensal,Pix,Busca orgânica,14,44.91,10,3.1,20.5,7,7,1,0,0,0
CLI06702,Plus,Anual,Pix,Mídia paga,45,63.92,20,5.1,38.0,8,5,0,1,0,0
CLI06703,Premium,Anual,Cartão,Mídia paga,51,107.91,10,3.8,26.7,8,8,2,2,1,0
CLI06704,Essencial,Mensal,Cartão,Busca orgânica,26,47.4,5,3.4,4.6,7,8,1,0,0,1
CLI06705,Essencial,Mensal,Cartão,Parceiro,96,49.9,0,3.3,23.3,9,7,0,0,0,0
CLI06706,Plus,Mensal,Boleto,Busca orgânica,34,75.9,5,1.7,45.1,16,8,1,2,0,0
CLI06707,Essencial,Mensal,Cartão,Busca orgânica,9,49.9,0,1.5,0.7,7,10,1,0,0,0
CLI06708,Plus,Mensal,Débito automático,Mídia paga,21,71.91,10,3.7,14.9,7,7,1,1,0,0
CLI06709,Plus,Anual,Boleto,Mídia paga,20,79.9,0,12.1,49.8,9,8,0,0,0,1
CLI06710,Essencial,Anual,Cartão,Busca orgânica,5,49.9,0,1.0,10.5,6,7,0,0,1,0
CLI06711,Essencial,Mensal,Cartão,Busca orgânica,21,39.92,20,0.7,6.0,2,9,0,1,1,0
CLI06712,Premium,Mensal,Cartão,Mídia paga,44,119.9,0,2.7,14.8,6,8,1,0,0,0
CLI06713,Essencial,Mensal,Débito automático,Busca orgânica,49,42.42,15,7.1,3.5,4,7,1,0,1,0
CLI06714,Plus,Mensal,Pix,Mídia paga,75,71.91,10,1.0,28.5,4,4,0,0,0,0
CLI06715,Plus,Mensal,Cartão,Mídia paga,35,79.9,0,4.8,56.6,15,7,1,0,1,0
CLI06716,Premium,Anual,Cartão,Indicação,41,119.9,0,2.0,10.5,7,6,0,0,0,0
CLI06717,Plus,Mensal,Débito automático,Mídia paga,16,71.91,10,4.4,0.4,1,10,0,1,0,0
CLI06718,Premium,Mensal,Débito automático,Indicação,38,119.9,0,12.7,43.8,10,6,1,1,1,0
CLI06719,Plus,Mensal,Cartão,Mídia paga,33,79.9,0,4.1,39.7,11,8,0,1,0,0
CLI06720,Essencial,Mensal,Débito automático,Indicação,20,47.4,5,5.4,33.7,6,7,0,1,0,0
CLI06721,Essencial,Anual,Cartão,Busca orgânica,77,47.4,5,2.3,56.5,6,8,0,1,0,1
CLI06722,Essencial,Anual,Cartão,Busca orgânica,9,49.9,0,1.0,35.4,3,9,1,1,0,0
CLI06723,Essencial,Anual,Cartão,Busca orgânica,27,49.9,0,7.3,49.7,13,6,1,0,1,0
CLI06724,Essencial,Anual,Débito automático,Mídia paga,59,47.4,5,4.3,38.5,4,6,0,1,1,0
CLI06725,Essencial,Mensal,Débito automático,Busca orgânica,13,39.92,20,4.0,20.3,9,6,1,1,0,0
CLI06726,Essencial,Anual,Pix,Busca orgânica,17,42.42,15,2.8,66.3,10,5,0,0,0,0
CLI06727,Essencial,Anual,Cartão,Parceiro,43,42.42,15,5.4,41.3,7,4,2,2,0,1
CLI06728,Essencial,Mensal,Cartão,Indicação,43,49.9,0,3.0,29.2,6,7,0,0,0,0
CLI06729,Plus,Mensal,Cartão,Busca orgânica,23,79.9,0,1.3,4.0,4,5,0,1,1,0
CLI06730,Plus,Anual,Cartão,Busca orgânica,31,63.92,20,3.9,30.9,5,6,2,0,1,0
CLI06731,Plus,Anual,Pix,Mídia paga,27,67.92,15,7.2,28.3,8,7,2,0,0,0
CLI06732,Plus,Mensal,Cartão,Busca orgânica,46,79.9,0,6.1,8.8,4,6,3,1,0,0
CLI06733,Premium,Anual,Cartão,Busca orgânica,47,113.9,5,1.6,51.1,8,6,1,0,0,0
CLI06734,Plus,Anual,Cartão,Mídia paga,63,71.91,10,1.1,19.6,6,7,0,0,0,0
CLI06735,Essencial,Anual,Cartão,Busca orgânica,62,44.91,10,3.4,46.6,4,5,3,0,0,0
CLI06736,Premium,Mensal,Pix,Mídia paga,32,107.91,10,5.7,30.1,6,7,1,0,1,0
CLI06737,Essencial,Mensal,Cartão,Indicação,11,39.92,20,2.1,62.8,13,5,0,1,1,1
CLI06738,Plus,Anual,Débito automático,Busca orgânica,15,79.9,0,8.9,9.5,3,9,1,0,0,0
CLI06739,Plus,Mensal,Cartão,Mídia paga,17,67.92,15,4.4,47.9,14,7,1,1,0,1
CLI06740,Essencial,Mensal,Cartão,Indicação,24,49.9,0,3.5,25.2,6,7,1,0,0,0
CLI06741,Plus,Anual,Cartão,Busca orgânica,28,75.9,5,1.8,30.1,6,7,1,0,0,0
CLI06742,Essencial,Mensal,Cartão,Indicação,12,47.4,5,4.2,8.6,3,8,0,1,0,0
CLI06743,Essencial,Mensal,Débito automático,Busca orgânica,5,44.91,10,2.6,0.2,4,7,1,1,0,0
CLI06744,Essencial,Anual,Cartão,Parceiro,37,49.9,0,1.7,20.6,7,6,0,1,0,0
CLI06745,Essencial,Mensal,Cartão,Parceiro,25,49.9,0,4.2,30.2,10,6,1,0,0,0
CLI06746,Essencial,Anual,Cartão,Busca orgânica,80,42.42,15,5.9,13.5,7,7,1,0,0,0
CLI06747,Plus,Mensal,Cartão,Indicação,16,79.9,0,2.7,13.1,6,8,0,0,0,0
CLI06748,Plus,Mensal,Boleto,Parceiro,72,79.9,0,5.8,45.8,11,7,3,1,0,0
CLI06749,Essencial,Mensal,Boleto,Mídia paga,13,49.9,0,2.2,2.2,5,8,0,0,0,0
CLI06750,Plus,Mensal,Cartão,Mídia paga,25,75.9,5,5.2,36.4,6,4,3,1,0,0
CLI06751,Essencial,Mensal,Cartão,Mídia paga,26,44.91,10,0.9,24.3,5,9,0,0,0,0
CLI06752,Essencial,Anual,Pix,Busca orgânica,7,47.4,5,0.9,42.8,9,7,0,1,0,0
CLI06753,Plus,Anual,Pix,Busca orgânica,30,79.9,0,5.4,1.9,6,7,1,0,1,0
CLI06754,Premium,Mensal,Cartão,Mídia paga,15,101.92,15,3.2,28.5,6,6,2,0,0,0
CLI06755,Essencial,Mensal,Cartão,Busca orgânica,54,49.9,0,4.2,17.7,3,5,3,2,1,0
CLI06756,Essencial,Anual,Cartão,Mídia paga,42,39.92,20,3.0,18.2,4,6,1,1,1,0
CLI06757,Plus,Mensal,Cartão,Parceiro,34,79.9,0,1.9,13.8,7,7,0,1,0,0
CLI06758,Premium,Mensal,Cartão,Busca orgânica,17,113.9,5,5.4,35.7,6,7,0,1,0,0
CLI06759,Essencial,Mensal,Pix,Parceiro,10,44.91,10,2.6,35.0,13,5,1,2,0,0
CLI06760,Essencial,Mensal,Débito automático,Busca orgânica,69,47.4,5,4.8,29.0,8,6,3,0,1,0
CLI06761,Essencial,Mensal,Cartão,Parceiro,66,42.42,15,3.4,31.1,7,8,1,0,0,0
CLI06762,Plus,Mensal,Débito automático,Busca orgânica,17,71.91,10,3.4,20.1,5,8,0,1,0,0
CLI06763,Premium,Anual,Cartão,Indicação,47,107.91,10,7.7,58.0,9,6,1,0,0,0
CLI06764,Plus,Mensal,Cartão,Mídia paga,13,79.9,0,6.5,33.3,4,8,1,1,0,1
CLI06765,Essencial,Mensal,Pix,Parceiro,15,44.91,10,1.2,3.9,6,9,0,0,1,0
CLI06766,Plus,Mensal,Cartão,Mídia paga,25,71.91,10,5.3,6.4,5,6,0,0,0,0
CLI06767,Premium,Mensal,Boleto,Mídia paga,35,101.92,15,1.6,36.5,7,10,0,1,0,0
CLI06768,Plus,Anual,Boleto,Parceiro,9,75.9,5,2.0,31.8,4,5,1,0,0,0
CLI06769,Plus,Anual,Cartão,Mídia paga,5,79.9,0,3.3,35.2,6,9,1,0,0,0
CLI06770,Essencial,Anual,Cartão,Parceiro,14,49.9,0,0.3,6.2,4,8,0,1,0,0
CLI06771,Essencial,Mensal,Cartão,Indicação,24,49.9,0,5.9,32.7,10,5,0,2,0,0
CLI06772,Plus,Mensal,Boleto,Indicação,9,71.91,10,6.7,27.6,8,7,0,0,0,0
CLI06773,Plus,Mensal,Cartão,Busca orgânica,18,71.91,10,5.2,37.8,10,9,1,0,0,0
CLI06774,Premium,Mensal,Débito automático,Parceiro,19,107.91,10,2.1,24.4,3,3,0,0,0,0
CLI06775,Plus,Mensal,Cartão,Indicação,90,71.91,10,9.0,11.1,7,7,0,1,0,0
CLI06776,Essencial,Mensal,Pix,Busca orgânica,35,47.4,5,5.1,32.9,8,6,1,1,0,0
CLI06777,Essencial,Mensal,Cartão,Indicação,29,47.4,5,2.3,69.8,9,6,0,0,1,0
CLI06778,Plus,Mensal,Débito automático,Indicação,21,67.92,15,3.3,31.1,7,7,3,0,1,0
CLI06779,Essencial,Mensal,Débito automático,Mídia paga,62,47.4,5,4.5,44.1,6,6,1,1,0,0
CLI06780,Plus,Mensal,Cartão,Indicação,10,79.9,0,3.4,22.8,3,7,0,0,0,0
CLI06781,Essencial,Mensal,Cartão,Parceiro,40,47.4,5,0.6,45.0,13,6,1,2,0,1
CLI06782,Essencial,Anual,Cartão,Parceiro,65,49.9,0,6.5,37.0,8,6,1,1,0,0
CLI06783,Plus,Mensal,Pix,Mídia paga,45,79.9,0,4.1,26.7,11,5,0,0,1,0
CLI06784,Essencial,Mensal,Débito automático,Busca orgânica,15,44.91,10,3.2,19.1,13,8,1,0,1,0
CLI06785,Plus,Mensal,Cartão,Parceiro,9,79.9,0,2.5,10.8,4,8,2,0,0,0
CLI06786,Plus,Mensal,Boleto,Busca orgânica,46,79.9,0,6.1,51.2,12,5,0,0,0,0
CLI06787,Essencial,Anual,Cartão,Indicação,40,44.91,10,3.4,9.8,3,6,2,1,1,0
CLI06788,Plus,Mensal,Débito automático,Busca orgânica,52,79.9,0,4.7,31.8,15,6,1,0,0,0
CLI06789,Plus,Anual,Boleto,Busca orgânica,43,63.92,20,3.3,2.5,4,9,0,2,0,0
CLI06790,Premium,Anual,Pix,Mídia paga,55,107.91,10,4.7,71.4,10,8,0,2,0,0
CLI06791,Essencial,Mensal,Boleto,Busca orgânica,21,44.91,10,2.9,8.3,6,5,1,0,1,0
CLI06792,Essencial,Anual,Cartão,Mídia paga,27,47.4,5,6.3,75.0,10,3,2,1,0,0
CLI06793,Plus,Mensal,Débito automático,Mídia paga,11,71.91,10,9.3,51.9,14,7,2,1,0,0
CLI06794,Plus,Anual,Cartão,Busca orgânica,9,71.91,10,2.2,22.6,3,8,0,0,0,0
CLI06795,Plus,Mensal,Cartão,Busca orgânica,33,67.92,15,14.9,13.4,6,8,0,1,1,0
CLI06796,Plus,Anual,Pix,Mídia paga,17,79.9,0,6.0,43.6,5,6,2,0,0,1
CLI06797,Plus,Mensal,Débito automático,Busca orgânica,66,75.9,5,6.6,34.5,12,6,0,0,0,0
CLI06798,Essencial,Mensal,Boleto,Indicação,40,47.4,5,2.6,7.6,7,7,0,2,0,0
CLI06799,Plus,Anual,Pix,Mídia paga,29,79.9,0,4.5,29.7,11,5,1,0,0,0
CLI06800,Essencial,Mensal,Débito automático,Busca orgânica,7,49.9,0,5.7,26.1,6,8,1,0,1,0
CLI06801,Essencial,Mensal,Débito automático,Indicação,12,49.9,0,5.2,29.1,11,7,2,0,0,0
CLI06802,Plus,Mensal,Débito automático,Busca orgânica,15,79.9,0,2.6,9.1,5,8,1,0,1,0
CLI06803,Plus,Mensal,Cartão,Mídia paga,20,75.9,5,3.7,25.7,8,9,1,1,1,0
CLI06804,Essencial,Mensal,Pix,Indicação,48,44.91,10,1.9,29.2,5,6,2,0,0,0
CLI06805,Premium,Mensal,Pix,Mídia paga,8,107.91,10,1.8,48.2,8,5,4,0,0,0
CLI06806,Plus,Mensal,Débito automático,Busca orgânica,90,79.9,0,6.0,0.6,6,6,1,0,0,0
CLI06807,Plus,Anual,Pix,Indicação,44,71.91,10,3.8,35.9,7,6,0,0,0,0
CLI06808,Premium,Mensal,Débito automático,Mídia paga,11,119.9,0,9.4,19.3,4,8,0,2,0,0
CLI06809,Essencial,Anual,Boleto,Mídia paga,63,49.9,0,0.2,40.5,9,8,0,0,0,0
CLI06810,Plus,Mensal,Pix,Parceiro,39,79.9,0,5.9,38.7,4,5,0,3,0,0
CLI06811,Essencial,Anual,Débito automático,Busca orgânica,16,49.9,0,1.7,5.9,4,4,1,0,0,0
CLI06812,Essencial,Anual,Pix,Busca orgânica,44,42.42,15,6.1,1.6,3,5,0,1,1,0
CLI06813,Essencial,Anual,Pix,Mídia paga,11,47.4,5,2.2,16.0,2,9,1,0,0,0
CLI06814,Essencial,Mensal,Pix,Parceiro,27,49.9,0,7.0,2.7,3,8,0,0,0,0
CLI06815,Plus,Mensal,Boleto,Mídia paga,37,71.91,10,3.7,22.2,5,7,2,1,0,0
CLI06816,Essencial,Anual,Débito automático,Mídia paga,12,47.4,5,2.0,6.3,4,6,0,0,0,0
CLI06817,Plus,Anual,Débito automático,Mídia paga,30,67.92,15,3.0,17.2,8,8,0,0,1,0
CLI06818,Essencial,Mensal,Cartão,Indicação,35,44.91,10,4.2,51.9,9,8,0,1,1,0
CLI06819,Essencial,Mensal,Pix,Mídia paga,19,42.42,15,3.4,12.1,2,7,1,2,0,0
CLI06820,Premium,Anual,Débito automático,Mídia paga,15,107.91,10,4.6,27.9,4,8,0,1,0,0
CLI06821,Plus,Mensal,Boleto,Busca orgânica,28,71.91,10,5.0,27.2,8,5,1,3,1,0
CLI06822,Premium,Mensal,Boleto,Indicação,22,113.9,5,15.1,38.6,6,8,0,0,0,0
CLI06823,Plus,Anual,Débito automático,Busca orgânica,70,79.9,0,6.4,52.8,11,6,3,1,0,1
CLI06824,Essencial,Mensal,Débito automático,Indicação,38,47.4,5,1.3,60.5,13,7,0,0,0,0
CLI06825,Plus,Mensal,Cartão,Busca orgânica,22,75.9,5,3.3,8.9,2,10,0,0,1,0
CLI06826,Plus,Mensal,Débito automático,Indicação,26,79.9,0,6.4,53.2,7,4,2,1,0,1
CLI06827,Essencial,Mensal,Cartão,Mídia paga,16,49.9,0,1.4,19.4,2,4,0,1,0,0
CLI06828,Premium,Mensal,Débito automático,Busca orgânica,53,119.9,0,14.4,33.9,4,6,4,1,0,1
CLI06829,Plus,Anual,Cartão,Indicação,40,75.9,5,8.7,39.8,9,8,1,0,0,0
CLI06830,Plus,Mensal,Boleto,Mídia paga,73,71.91,10,3.8,42.9,10,6,1,1,0,0
CLI06831,Plus,Anual,Pix,Indicação,30,79.9,0,8.1,18.2,1,6,1,0,1,0
CLI06832,Plus,Anual,Cartão,Busca orgânica,23,79.9,0,19.2,47.2,8,10,0,0,0,0
CLI06833,Essencial,Anual,Pix,Parceiro,30,49.9,0,3.5,20.1,7,7,2,0,1,0
CLI06834,Premium,Mensal,Débito automático,Mídia paga,71,119.9,0,7.3,76.0,16,5,1,0,0,0
CLI06835,Essencial,Mensal,Débito automático,Mídia paga,19,44.91,10,1.3,54.7,9,5,2,0,0,0
CLI06836,Essencial,Anual,Débito automático,Mídia paga,17,49.9,0,1.8,42.1,9,10,0,0,0,0
CLI06837,Essencial,Mensal,Pix,Indicação,21,44.91,10,2.0,3.4,3,7,0,1,0,0
CLI06838,Plus,Mensal,Cartão,Busca orgânica,16,79.9,0,5.2,18.8,5,6,1,0,0,0
CLI06839,Premium,Mensal,Débito automático,Busca orgânica,32,113.9,5,6.1,17.5,6,9,0,1,1,0
CLI06840,Premium,Mensal,Boleto,Busca orgânica,19,119.9,0,12.9,29.4,7,6,2,1,0,0
CLI06841,Plus,Anual,Débito automático,Parceiro,61,71.91,10,5.7,54.8,7,8,1,1,0,0
CLI06842,Premium,Mensal,Cartão,Mídia paga,11,119.9,0,8.1,27.8,6,6,2,2,0,1
CLI06843,Plus,Mensal,Débito automático,Mídia paga,40,71.91,10,7.8,75.0,7,5,1,1,1,1
CLI06844,Essencial,Mensal,Cartão,Mídia paga,56,42.42,15,3.7,10.4,4,8,1,0,1,0
CLI06845,Plus,Mensal,Boleto,Mídia paga,10,75.9,5,1.6,32.9,5,6,0,0,0,0
CLI06846,Essencial,Mensal,Cartão,Busca orgânica,36,49.9,0,11.4,73.8,11,7,0,0,0,0
CLI06847,Essencial,Anual,Cartão,Mídia paga,49,49.9,0,1.2,10.5,5,8,0,0,0,0
CLI06848,Essencial,Anual,Cartão,Mídia paga,7,49.9,0,2.0,66.2,8,3,1,0,0,0
CLI06849,Essencial,Anual,Débito automático,Mídia paga,14,49.9,0,1.8,3.2,8,8,0,0,0,0
CLI06850,Premium,Mensal,Débito automático,Indicação,53,107.91,10,1.0,16.1,4,8,1,0,0,0
CLI06851,Premium,Mensal,Débito automático,Busca orgânica,54,107.91,10,12.6,0.5,4,8,0,1,0,0
CLI06852,Essencial,Mensal,Cartão,Busca orgânica,25,44.91,10,1.2,24.5,6,8,0,0,1,0
CLI06853,Plus,Anual,Débito automático,Indicação,30,79.9,0,1.7,8.9,1,9,0,0,0,0
CLI06854,Essencial,Anual,Cartão,Mídia paga,39,49.9,0,4.6,17.0,11,9,0,0,0,0
CLI06855,Essencial,Anual,Cartão,Parceiro,48,49.9,0,5.2,33.9,12,7,1,0,0,0
CLI06856,Essencial,Mensal,Débito automático,Mídia paga,28,47.4,5,1.3,24.7,3,8,0,0,0,0
CLI06857,Essencial,Mensal,Pix,Indicação,48,49.9,0,2.0,45.7,8,5,2,0,1,0
CLI06858,Essencial,Anual,Pix,Indicação,4,42.42,15,4.5,26.1,6,5,0,1,1,0
CLI06859,Essencial,Mensal,Cartão,Busca orgânica,23,49.9,0,3.0,39.6,7,6,1,0,1,0
CLI06860,Essencial,Anual,Débito automático,Indicação,39,47.4,5,2.5,24.7,4,7,0,0,1,0
CLI06861,Essencial,Anual,Cartão,Indicação,33,39.92,20,1.1,22.7,4,7,2,0,0,0
CLI06862,Premium,Mensal,Pix,Indicação,64,95.92,20,8.2,21.3,6,7,0,0,1,0
CLI06863,Essencial,Anual,Cartão,Busca orgânica,14,49.9,0,6.5,35.1,8,8,0,0,1,0
CLI06864,Essencial,Anual,Débito automático,Indicação,13,44.91,10,8.3,2.7,3,8,0,1,0,0
CLI06865,Plus,Anual,Cartão,Indicação,69,71.91,10,9.4,31.4,4,7,0,0,0,0
CLI06866,Essencial,Mensal,Cartão,Mídia paga,8,49.9,0,1.6,30.7,11,4,1,0,1,0
CLI06867,Plus,Mensal,Cartão,Parceiro,43,75.9,5,3.5,46.0,8,6,0,0,0,0
CLI06868,Essencial,Anual,Pix,Mídia paga,40,39.92,20,2.5,35.3,9,5,0,1,0,0
CLI06869,Plus,Mensal,Cartão,Indicação,18,67.92,15,8.1,9.0,4,5,1,0,0,0
CLI06870,Plus,Mensal,Débito automático,Indicação,68,67.92,15,10.0,4.7,6,7,1,1,0,0
CLI06871,Plus,Mensal,Cartão,Mídia paga,26,71.91,10,2.2,7.1,2,7,1,0,1,0
CLI06872,Plus,Mensal,Cartão,Mídia paga,28,71.91,10,9.5,18.2,5,10,0,0,0,0
CLI06873,Essencial,Anual,Pix,Mídia paga,14,49.9,0,2.1,4.3,5,6,1,0,0,0
CLI06874,Essencial,Mensal,Cartão,Mídia paga,15,44.91,10,3.3,20.6,7,3,2,1,0,0
CLI06875,Essencial,Mensal,Débito automático,Busca orgânica,12,44.91,10,7.8,38.0,5,5,2,1,1,0
CLI06876,Plus,Mensal,Débito automático,Parceiro,37,75.9,5,1.9,3.4,6,6,3,1,0,0
CLI06877,Essencial,Mensal,Débito automático,Mídia paga,36,42.42,15,5.5,39.6,6,6,1,0,0,0
CLI06878,Essencial,Mensal,Pix,Indicação,4,49.9,0,2.2,28.7,8,7,3,1,1,0
CLI06879,Plus,Mensal,Cartão,Busca orgânica,52,67.92,15,5.8,1.2,4,8,1,0,0,0
CLI06880,Essencial,Mensal,Cartão,Mídia paga,24,44.91,10,2.5,22.1,3,6,1,0,0,0
CLI06881,Essencial,Mensal,Cartão,Indicação,7,49.9,0,0.9,5.0,2,7,2,1,0,1
CLI06882,Plus,Mensal,Débito automático,Busca orgânica,65,79.9,0,5.7,1.6,6,7,0,0,0,0
CLI06883,Essencial,Mensal,Cartão,Mídia paga,21,44.91,10,1.8,0.2,2,10,1,1,0,0
CLI06884,Plus,Mensal,Cartão,Mídia paga,20,71.91,10,1.3,33.0,8,9,0,1,1,0
CLI06885,Premium,Mensal,Débito automático,Mídia paga,25,119.9,0,1.2,28.4,6,7,1,0,1,0
CLI06886,Premium,Anual,Pix,Busca orgânica,49,119.9,0,8.4,7.8,3,8,1,0,0,0
CLI06887,Essencial,Mensal,Boleto,Parceiro,18,49.9,0,0.4,47.8,11,6,0,1,1,1
CLI06888,Essencial,Mensal,Cartão,Busca orgânica,58,39.92,20,3.7,12.4,3,9,1,2,0,0
CLI06889,Plus,Anual,Débito automático,Parceiro,12,75.9,5,2.3,9.9,4,6,2,0,1,1
CLI06890,Plus,Anual,Débito automático,Busca orgânica,20,75.9,5,6.2,30.0,8,6,2,0,0,0
CLI06891,Plus,Mensal,Débito automático,Busca orgânica,3,79.9,0,1.3,25.7,4,9,2,0,0,0
CLI06892,Essencial,Mensal,Cartão,Parceiro,21,49.9,0,1.4,13.6,4,6,1,1,1,0
CLI06893,Essencial,Anual,Cartão,Busca orgânica,9,39.92,20,3.1,32.9,11,7,2,0,0,0
CLI06894,Essencial,Mensal,Cartão,Mídia paga,10,47.4,5,3.3,29.3,3,7,2,0,1,0
CLI06895,Essencial,Anual,Débito automático,Busca orgânica,9,44.91,10,1.3,47.8,9,8,0,0,1,0
CLI06896,Essencial,Mensal,Cartão,Busca orgânica,26,39.92,20,4.3,5.5,6,10,0,0,0,0
CLI06897,Premium,Anual,Cartão,Mídia paga,25,101.92,15,4.4,68.9,13,5,1,1,0,1
CLI06898,Essencial,Anual,Cartão,Indicação,43,42.42,15,3.4,20.9,5,6,1,0,0,0
CLI06899,Plus,Anual,Débito automático,Mídia paga,20,67.92,15,7.3,75.9,20,7,2,0,0,0
CLI06900,Premium,Mensal,Cartão,Indicação,37,107.91,10,5.9,35.9,10,7,0,1,1,0
CLI06901,Essencial,Anual,Cartão,Mídia paga,28,42.42,15,3.8,41.2,6,5,1,2,1,1
CLI06902,Plus,Mensal,Débito automático,Mídia paga,17,71.91,10,4.5,27.1,11,7,1,0,0,0
CLI06903,Plus,Mensal,Boleto,Indicação,50,63.92,20,6.1,14.9,8,7,1,0,0,0
CLI06904,Essencial,Anual,Débito automático,Indicação,15,42.42,15,0.2,14.3,9,5,0,0,0,0
CLI06905,Plus,Mensal,Pix,Mídia paga,6,75.9,5,4.4,51.3,3,8,0,0,0,0
CLI06906,Plus,Anual,Cartão,Indicação,3,79.9,0,8.6,28.6,5,9,0,2,0,0
CLI06907,Plus,Mensal,Cartão,Mídia paga,18,63.92,20,5.1,48.6,7,6,1,0,1,0
CLI06908,Plus,Mensal,Cartão,Parceiro,23,75.9,5,2.4,24.6,2,5,3,3,0,0
CLI06909,Premium,Mensal,Cartão,Indicação,23,95.92,20,6.9,5.4,1,9,0,0,0,0
CLI06910,Essencial,Mensal,Cartão,Busca orgânica,3,47.4,5,4.3,25.1,10,9,0,0,1,0
CLI06911,Plus,Mensal,Pix,Parceiro,33,71.91,10,5.9,62.8,7,6,1,0,0,0
CLI06912,Plus,Mensal,Cartão,Parceiro,20,67.92,15,2.5,2.6,4,8,1,0,0,1
CLI06913,Plus,Anual,Débito automático,Indicação,41,79.9,0,4.0,51.9,3,6,2,0,1,0
CLI06914,Plus,Anual,Cartão,Mídia paga,26,79.9,0,9.1,29.8,6,10,0,0,1,0
CLI06915,Plus,Anual,Boleto,Indicação,36,67.92,15,6.1,29.7,5,7,0,1,0,1
CLI06916,Premium,Mensal,Débito automático,Mídia paga,8,113.9,5,5.4,52.6,13,4,1,0,0,1
CLI06917,Essencial,Mensal,Cartão,Busca orgânica,41,44.91,10,9.4,24.2,10,6,0,1,0,0
CLI06918,Plus,Anual,Cartão,Indicação,31,75.9,5,6.4,21.7,10,8,1,1,1,0
CLI06919,Essencial,Mensal,Boleto,Busca orgânica,15,47.4,5,3.1,38.7,6,8,0,1,0,0
CLI06920,Plus,Mensal,Boleto,Indicação,64,79.9,0,4.1,40.8,8,7,0,1,0,0
CLI06921,Plus,Anual,Cartão,Busca orgânica,94,63.92,20,2.1,59.0,11,4,1,2,0,0
CLI06922,Plus,Mensal,Cartão,Busca orgânica,15,71.91,10,3.5,15.8,3,6,0,1,0,0
CLI06923,Essencial,Anual,Boleto,Parceiro,43,39.92,20,5.3,6.7,4,9,0,0,0,0
CLI06924,Plus,Mensal,Débito automático,Busca orgânica,24,67.92,15,5.9,8.0,5,6,0,0,0,0
CLI06925,Essencial,Mensal,Débito automático,Mídia paga,35,49.9,0,4.9,16.9,4,8,1,0,1,0
CLI06926,Essencial,Mensal,Cartão,Indicação,29,42.42,15,1.9,42.5,11,4,0,1,1,1
CLI06927,Essencial,Anual,Débito automático,Parceiro,42,49.9,0,4.4,32.3,10,8,2,0,0,0
CLI06928,Premium,Mensal,Pix,Busca orgânica,4,95.92,20,5.3,52.9,9,7,2,0,0,1
CLI06929,Essencial,Anual,Pix,Indicação,35,47.4,5,1.3,27.4,6,9,0,0,0,0
CLI06930,Premium,Mensal,Débito automático,Mídia paga,30,119.9,0,12.4,38.7,9,5,1,1,0,0
CLI06931,Essencial,Anual,Cartão,Busca orgânica,26,44.91,10,4.1,16.5,3,10,0,0,0,0
CLI06932,Plus,Mensal,Cartão,Busca orgânica,54,67.92,15,6.7,32.9,17,9,0,1,0,0
CLI06933,Plus,Mensal,Débito automático,Busca orgânica,10,63.92,20,1.2,38.1,8,7,1,0,0,0
CLI06934,Plus,Anual,Pix,Busca orgânica,41,79.9,0,2.3,6.1,3,6,2,0,1,0
CLI06935,Plus,Anual,Boleto,Busca orgânica,14,71.91,10,2.1,11.8,6,9,0,0,1,0
CLI06936,Plus,Anual,Pix,Mídia paga,17,79.9,0,2.6,68.2,8,5,2,0,1,1
CLI06937,Premium,Mensal,Cartão,Indicação,15,119.9,0,12.0,61.1,5,6,2,2,0,0
CLI06938,Plus,Anual,Cartão,Indicação,26,79.9,0,2.3,25.6,6,9,1,0,0,0
CLI06939,Essencial,Mensal,Pix,Indicação,41,44.91,10,3.9,42.3,6,7,3,1,1,0
CLI06940,Essencial,Anual,Cartão,Busca orgânica,25,49.9,0,3.7,12.6,4,7,0,1,0,0
CLI06941,Plus,Mensal,Pix,Indicação,46,71.91,10,2.6,4.7,7,8,1,0,0,0
CLI06942,Plus,Mensal,Cartão,Indicação,19,63.92,20,9.6,4.6,3,9,0,1,1,0
CLI06943,Plus,Mensal,Cartão,Busca orgânica,7,71.91,10,4.2,40.9,7,9,1,0,0,0
CLI06944,Plus,Mensal,Cartão,Parceiro,29,79.9,0,8.1,4.7,7,8,1,1,0,0
CLI06945,Essencial,Mensal,Pix,Indicação,22,42.42,15,2.5,5.1,5,8,1,1,1,0
CLI06946,Plus,Anual,Cartão,Indicação,63,71.91,10,2.9,36.9,9,5,0,0,1,0
CLI06947,Plus,Anual,Pix,Mídia paga,12,71.91,10,1.1,16.5,10,6,2,0,0,0
CLI06948,Plus,Mensal,Cartão,Busca orgânica,33,63.92,20,4.9,11.6,3,8,1,0,0,0
CLI06949,Plus,Mensal,Boleto,Indicação,25,79.9,0,10.2,39.1,9,7,2,0,0,0
CLI06950,Premium,Anual,Pix,Parceiro,7,119.9,0,8.4,17.4,5,9,0,0,0,0
CLI06951,Plus,Anual,Débito automático,Mídia paga,5,79.9,0,6.2,47.6,11,2,4,0,1,1
CLI06952,Premium,Mensal,Débito automático,Busca orgânica,6,119.9,0,11.1,20.3,5,7,1,0,0,0
CLI06953,Essencial,Anual,Débito automático,Busca orgânica,41,49.9,0,4.1,29.6,7,6,2,0,1,0
CLI06954,Plus,Mensal,Débito automático,Mídia paga,24,75.9,5,2.2,22.8,6,8,0,0,1,0
CLI06955,Plus,Anual,Cartão,Indicação,36,79.9,0,3.6,31.0,10,7,1,4,0,0
CLI06956,Plus,Anual,Cartão,Parceiro,37,71.91,10,6.2,14.0,5,7,0,1,1,0
CLI06957,Essencial,Mensal,Débito automático,Indicação,70,49.9,0,6.3,19.1,10,7,2,0,0,0
CLI06958,Plus,Mensal,Pix,Busca orgânica,48,75.9,5,4.6,14.5,10,7,1,0,1,0
CLI06959,Essencial,Anual,Pix,Busca orgânica,24,47.4,5,4.9,20.1,3,6,0,0,0,0
CLI06960,Premium,Mensal,Débito automático,Mídia paga,34,119.9,0,3.6,35.3,12,5,0,1,1,0
CLI06961,Essencial,Mensal,Cartão,Mídia paga,10,39.92,20,8.8,13.7,3,8,0,0,0,0
CLI06962,Essencial,Mensal,Cartão,Mídia paga,8,49.9,0,4.3,55.5,7,6,1,0,1,1
CLI06963,Plus,Anual,Pix,Indicação,22,79.9,0,5.6,49.3,14,6,0,0,0,0
CLI06964,Essencial,Mensal,Pix,Mídia paga,15,49.9,0,4.2,0.9,3,8,1,1,1,0
CLI06965,Essencial,Mensal,Débito automático,Parceiro,25,42.42,15,11.9,56.4,9,6,2,0,0,0
CLI06966,Plus,Anual,Débito automático,Indicação,18,75.9,5,2.2,55.1,10,5,1,0,1,0
CLI06967,Plus,Anual,Cartão,Busca orgânica,45,79.9,0,2.0,15.5,3,8,1,1,0,0
CLI06968,Essencial,Mensal,Cartão,Busca orgânica,34,47.4,5,2.6,24.8,11,5,1,1,1,0
CLI06969,Plus,Mensal,Cartão,Mídia paga,15,67.92,15,1.7,20.4,7,9,1,2,0,0
CLI06970,Plus,Mensal,Cartão,Indicação,37,75.9,5,0.8,31.7,7,5,0,0,0,0
CLI06971,Plus,Mensal,Débito automático,Indicação,10,79.9,0,7.2,44.5,6,6,0,0,0,1
CLI06972,Essencial,Mensal,Débito automático,Mídia paga,24,49.9,0,4.2,51.6,9,4,1,0,0,0
CLI06973,Essencial,Mensal,Débito automático,Mídia paga,46,42.42,15,6.0,16.0,5,9,3,1,0,0
CLI06974,Premium,Mensal,Pix,Busca orgânica,4,119.9,0,1.4,42.2,6,7,1,0,0,0
CLI06975,Plus,Mensal,Cartão,Mídia paga,56,75.9,5,8.8,45.4,11,7,1,0,0,0
CLI06976,Essencial,Mensal,Pix,Mídia paga,18,44.91,10,2.9,67.7,13,3,0,0,0,1
CLI06977,Premium,Mensal,Cartão,Indicação,47,119.9,0,8.5,23.1,3,4,3,1,1,1
CLI06978,Essencial,Anual,Cartão,Busca orgânica,18,49.9,0,6.1,45.4,10,6,0,0,1,0
CLI06979,Plus,Mensal,Pix,Busca orgânica,6,63.92,20,7.9,58.1,7,5,0,0,0,0
CLI06980,Plus,Anual,Cartão,Mídia paga,16,67.92,15,8.0,5.6,2,8,0,3,1,0
CLI06981,Premium,Mensal,Cartão,Mídia paga,52,95.92,20,8.3,6.3,6,7,0,0,0,0
CLI06982,Premium,Mensal,Débito automático,Mídia paga,28,113.9,5,11.2,8.0,1,10,0,0,0,0
CLI06983,Essencial,Mensal,Pix,Busca orgânica,47,49.9,0,1.6,11.6,5,8,0,1,0,0
CLI06984,Plus,Mensal,Cartão,Indicação,18,75.9,5,1.4,8.3,4,6,0,1,0,0
CLI06985,Essencial,Anual,Débito automático,Busca orgânica,13,44.91,10,0.9,7.1,6,4,2,0,0,0
CLI06986,Plus,Mensal,Cartão,Busca orgânica,45,71.91,10,9.1,7.0,2,8,2,1,0,0
CLI06987,Plus,Mensal,Pix,Mídia paga,24,75.9,5,1.1,46.4,6,7,1,0,1,1
CLI06988,Essencial,Mensal,Pix,Parceiro,31,47.4,5,4.3,34.7,11,7,1,0,0,0
CLI06989,Essencial,Mensal,Pix,Busca orgânica,32,49.9,0,0.9,18.8,11,6,3,1,0,1
CLI06990,Essencial,Mensal,Débito automático,Mídia paga,4,49.9,0,5.8,17.0,2,7,0,0,0,0
CLI06991,Essencial,Mensal,Cartão,Indicação,38,47.4,5,1.0,12.3,3,9,0,0,0,0
CLI06992,Essencial,Mensal,Cartão,Mídia paga,10,44.91,10,0.7,7.2,5,8,1,0,0,0
CLI06993,Premium,Mensal,Pix,Mídia paga,5,113.9,5,1.9,24.9,6,8,1,2,0,0
CLI06994,Plus,Anual,Cartão,Mídia paga,17,75.9,5,1.2,47.5,7,9,0,0,0,0
CLI06995,Plus,Mensal,Cartão,Parceiro,21,63.92,20,2.8,54.7,11,6,3,1,0,0
CLI06996,Premium,Anual,Pix,Parceiro,60,119.9,0,8.4,33.8,10,7,1,0,0,0
CLI06997,Plus,Mensal,Cartão,Busca orgânica,40,71.91,10,12.2,1.2,7,7,1,0,1,0
CLI06998,Essencial,Mensal,Pix,Mídia paga,5,49.9,0,1.6,34.6,4,8,1,0,0,0
CLI06999,Premium,Anual,Pix,Mídia paga,31,113.9,5,3.9,27.4,6,6,1,0,1,0
CLI07000,Plus,Mensal,Débito automático,Busca orgânica,24,79.9,0,10.8,36.6,8,7,0,0,0,1
CLI07001,Plus,Mensal,Débito automático,Indicação,11,75.9,5,4.4,4.9,5,8,0,1,0,0
CLI07002,Premium,Anual,Débito automático,Parceiro,37,113.9,5,14.8,59.3,9,6,0,0,0,0
CLI07003,Plus,Anual,Boleto,Parceiro,59,75.9,5,2.0,12.9,2,9,0,0,0,0
CLI07004,Plus,Mensal,Pix,Busca orgânica,25,79.9,0,3.8,31.1,10,7,0,0,0,0
CLI07005,Premium,Mensal,Débito automático,Busca orgânica,18,119.9,0,2.2,60.3,11,3,2,0,0,1
CLI07006,Essencial,Anual,Débito automático,Indicação,26,49.9,0,2.6,29.6,6,5,3,0,0,0
CLI07007,Plus,Anual,Débito automático,Indicação,31,75.9,5,4.1,10.4,6,7,2,0,0,0
CLI07008,Essencial,Mensal,Débito automático,Mídia paga,81,47.4,5,3.3,21.8,3,8,1,0,0,0
CLI07009,Essencial,Mensal,Boleto,Busca orgânica,14,49.9,0,5.1,47.4,6,5,5,1,0,1
CLI07010,Plus,Anual,Pix,Mídia paga,14,71.91,10,10.3,40.7,11,7,0,0,1,0
CLI07011,Essencial,Mensal,Boleto,Busca orgânica,45,47.4,5,1.2,21.9,7,8,1,0,0,0
CLI07012,Premium,Anual,Cartão,Mídia paga,17,119.9,0,7.5,46.6,8,5,2,0,1,0
CLI07013,Essencial,Mensal,Cartão,Mídia paga,4,49.9,0,5.4,44.4,5,6,0,3,0,1
CLI07014,Plus,Anual,Cartão,Parceiro,60,79.9,0,3.8,10.8,8,10,0,0,0,0
CLI07015,Essencial,Mensal,Pix,Busca orgânica,58,49.9,0,1.1,11.9,2,9,0,0,1,0
CLI07016,Premium,Mensal,Cartão,Busca orgânica,9,119.9,0,10.8,29.7,7,4,3,0,0,0
CLI07017,Essencial,Mensal,Cartão,Indicação,25,49.9,0,2.1,20.1,4,5,1,0,0,0
CLI07018,Essencial,Mensal,Cartão,Mídia paga,5,49.9,0,7.3,10.0,6,7,0,0,0,0
CLI07019,Essencial,Mensal,Pix,Mídia paga,42,47.4,5,0.9,19.5,7,8,1,0,0,0
CLI07020,Plus,Mensal,Cartão,Busca orgânica,41,75.9,5,6.1,40.7,7,6,1,0,1,0
CLI07021,Premium,Anual,Pix,Indicação,24,101.92,15,15.4,41.0,7,7,0,0,0,0
CLI07022,Premium,Mensal,Débito automático,Mídia paga,49,101.92,15,2.9,67.6,6,8,1,0,0,0
CLI07023,Essencial,Anual,Débito automático,Mídia paga,6,49.9,0,4.6,34.8,15,8,1,1,0,0
CLI07024,Plus,Mensal,Débito automático,Mídia paga,29,67.92,15,1.7,7.8,5,10,1,0,0,0
CLI07025,Essencial,Anual,Cartão,Indicação,4,47.4,5,2.0,50.6,9,6,0,0,1,0
CLI07026,Plus,Mensal,Boleto,Parceiro,11,71.91,10,3.8,38.4,4,8,1,0,0,0
CLI07027,Plus,Mensal,Débito automático,Busca orgânica,5,71.91,10,5.5,6.7,3,6,2,0,0,0
CLI07028,Essencial,Mensal,Cartão,Mídia paga,66,47.4,5,4.7,38.4,13,6,0,1,0,0
CLI07029,Plus,Mensal,Cartão,Indicação,48,75.9,5,2.4,53.2,10,6,0,2,0,0
CLI07030,Premium,Anual,Pix,Indicação,4,107.91,10,19.0,19.6,5,10,2,0,1,0
CLI07031,Essencial,Anual,Débito automático,Indicação,30,42.42,15,0.9,33.1,6,6,1,1,0,0
CLI07032,Essencial,Anual,Débito automático,Busca orgânica,4,47.4,5,5.3,84.8,17,4,0,1,0,0
CLI07033,Essencial,Anual,Boleto,Parceiro,38,49.9,0,1.7,72.6,11,3,1,0,1,0
CLI07034,Essencial,Anual,Boleto,Mídia paga,44,44.91,10,7.7,12.5,2,7,1,0,0,0
CLI07035,Essencial,Anual,Débito automático,Parceiro,39,44.91,10,1.7,28.0,6,8,0,0,1,0
CLI07036,Plus,Anual,Cartão,Mídia paga,30,71.91,10,1.0,38.8,6,8,0,0,0,0
CLI07037,Essencial,Mensal,Cartão,Indicação,21,47.4,5,5.7,29.7,11,4,1,0,0,0
CLI07038,Plus,Mensal,Cartão,Mídia paga,29,79.9,0,4.2,1.7,4,6,2,0,0,0
CLI07039,Premium,Mensal,Cartão,Mídia paga,11,113.9,5,15.0,21.9,9,6,3,0,0,0
CLI07040,Premium,Anual,Cartão,Parceiro,30,119.9,0,7.1,49.8,10,5,1,1,0,0
CLI07041,Plus,Mensal,Cartão,Busca orgânica,19,79.9,0,3.8,10.9,1,8,0,1,1,0
CLI07042,Essencial,Mensal,Débito automático,Busca orgânica,5,44.91,10,7.7,26.3,9,6,1,1,0,0
CLI07043,Essencial,Anual,Cartão,Mídia paga,10,49.9,0,3.7,7.5,5,9,1,0,1,0
CLI07044,Essencial,Mensal,Débito automático,Mídia paga,44,44.91,10,2.7,18.4,3,8,0,1,0,1
CLI07045,Premium,Mensal,Boleto,Busca orgânica,6,113.9,5,5.2,43.2,9,5,2,2,0,1
CLI07046,Premium,Anual,Cartão,Indicação,27,119.9,0,10.3,9.8,6,9,1,0,0,0
CLI07047,Essencial,Mensal,Cartão,Busca orgânica,18,47.4,5,1.9,24.0,4,5,1,1,0,0
CLI07048,Essencial,Mensal,Pix,Mídia paga,10,49.9,0,8.5,43.8,11,7,0,0,1,0
CLI07049,Plus,Mensal,Débito automático,Busca orgânica,50,79.9,0,3.3,5.2,7,9,0,0,0,0
CLI07050,Essencial,Mensal,Débito automático,Mídia paga,55,49.9,0,1.3,38.4,5,6,0,0,1,0
CLI07051,Premium,Mensal,Cartão,Busca orgânica,6,119.9,0,2.1,15.4,3,7,3,0,0,1
CLI07052,Essencial,Mensal,Débito automático,Busca orgânica,27,44.91,10,5.0,28.5,7,7,1,1,0,0
CLI07053,Essencial,Mensal,Débito automático,Busca orgânica,20,44.91,10,6.8,16.5,7,7,0,0,0,0
CLI07054,Essencial,Anual,Cartão,Indicação,27,47.4,5,4.6,28.1,11,8,0,1,1,0
CLI07055,Essencial,Mensal,Débito automático,Busca orgânica,96,49.9,0,5.1,19.5,8,8,0,0,0,0
CLI07056,Essencial,Mensal,Pix,Mídia paga,18,44.91,10,4.7,23.5,8,5,1,1,0,1
CLI07057,Premium,Mensal,Cartão,Busca orgânica,13,107.91,10,6.7,5.9,6,6,1,2,0,0
CLI07058,Essencial,Mensal,Boleto,Busca orgânica,23,47.4,5,3.3,37.6,10,3,3,0,0,0
CLI07059,Plus,Mensal,Cartão,Mídia paga,31,71.91,10,2.3,43.6,9,7,3,0,0,0
CLI07060,Essencial,Mensal,Débito automático,Busca orgânica,17,47.4,5,6.3,61.6,11,4,1,2,0,0
CLI07061,Essencial,Mensal,Débito automático,Busca orgânica,96,44.91,10,8.7,53.7,8,8,1,0,0,0
CLI07062,Essencial,Anual,Cartão,Mídia paga,12,47.4,5,2.1,42.8,5,6,0,0,1,0
CLI07063,Essencial,Mensal,Débito automático,Busca orgânica,39,49.9,0,1.1,12.1,11,6,1,1,1,0
CLI07064,Essencial,Anual,Cartão,Busca orgânica,63,49.9,0,3.4,18.4,3,8,0,1,0,0
CLI07065,Essencial,Mensal,Cartão,Indicação,2,49.9,0,4.5,40.4,6,7,1,1,0,0
CLI07066,Plus,Anual,Cartão,Busca orgânica,33,75.9,5,8.9,29.8,11,5,2,1,0,0
CLI07067,Plus,Mensal,Débito automático,Indicação,13,79.9,0,13.7,18.1,8,10,0,0,0,0
CLI07068,Premium,Anual,Boleto,Parceiro,10,95.92,20,8.5,19.5,2,4,0,2,1,0
CLI07069,Essencial,Anual,Cartão,Indicação,21,49.9,0,3.5,3.0,5,10,0,1,0,0
CLI07070,Plus,Mensal,Pix,Mídia paga,60,79.9,0,5.8,21.7,8,9,2,0,0,0
CLI07071,Plus,Mensal,Boleto,Mídia paga,46,63.92,20,0.8,52.3,4,6,0,1,0,0
CLI07072,Essencial,Anual,Débito automático,Busca orgânica,5,42.42,15,1.5,18.5,7,7,2,0,1,0
CLI07073,Essencial,Anual,Cartão,Busca orgânica,45,49.9,0,3.9,13.2,7,6,0,0,0,0
CLI07074,Plus,Anual,Cartão,Indicação,12,71.91,10,7.0,50.8,11,6,1,1,1,0
CLI07075,Plus,Mensal,Cartão,Busca orgânica,53,71.91,10,4.4,14.4,5,6,1,0,0,0
CLI07076,Plus,Mensal,Cartão,Parceiro,3,75.9,5,8.2,52.1,10,6,0,1,1,1
CLI07077,Essencial,Mensal,Pix,Indicação,35,44.91,10,4.0,6.1,4,8,2,0,0,0
CLI07078,Premium,Anual,Débito automático,Busca orgânica,11,101.92,15,8.3,33.3,15,9,1,0,0,0
CLI07079,Essencial,Mensal,Débito automático,Busca orgânica,45,47.4,5,3.9,46.0,7,8,0,0,0,0
CLI07080,Premium,Mensal,Cartão,Mídia paga,70,113.9,5,11.9,42.4,8,10,1,0,0,0
CLI07081,Plus,Mensal,Débito automático,Busca orgânica,22,71.91,10,5.1,20.7,6,8,0,0,0,1
CLI07082,Premium,Mensal,Pix,Busca orgânica,15,95.92,20,6.4,3.7,3,8,0,0,1,0
CLI07083,Plus,Anual,Débito automático,Indicação,19,67.92,15,4.8,16.0,11,7,0,0,0,0
CLI07084,Essencial,Mensal,Cartão,Parceiro,23,44.91,10,3.1,65.6,4,9,0,0,0,1
CLI07085,Plus,Anual,Cartão,Busca orgânica,34,75.9,5,7.2,59.7,8,8,1,0,0,0
CLI07086,Plus,Mensal,Cartão,Indicação,6,71.91,10,4.7,4.8,2,10,0,0,0,0
CLI07087,Plus,Mensal,Cartão,Mídia paga,9,79.9,0,5.3,6.2,4,8,1,1,1,0
CLI07088,Essencial,Mensal,Débito automático,Mídia paga,26,42.42,15,3.0,13.5,5,8,0,0,1,0
CLI07089,Essencial,Mensal,Pix,Busca orgânica,23,49.9,0,3.0,18.9,7,6,2,1,0,0
CLI07090,Essencial,Mensal,Cartão,Parceiro,8,49.9,0,1.3,73.9,15,6,1,1,0,0
CLI07091,Plus,Anual,Pix,Indicação,52,79.9,0,1.1,24.5,5,7,1,0,0,0
CLI07092,Plus,Mensal,Débito automático,Mídia paga,14,71.91,10,2.9,13.3,5,9,0,0,0,0
CLI07093,Premium,Mensal,Débito automático,Mídia paga,80,119.9,0,9.7,57.9,7,6,2,1,0,0
CLI07094,Plus,Anual,Débito automático,Busca orgânica,34,75.9,5,9.9,0.9,3,7,1,0,0,0
CLI07095,Plus,Mensal,Débito automático,Busca orgânica,43,79.9,0,2.3,15.4,4,7,0,0,1,1
CLI07096,Essencial,Mensal,Débito automático,Indicação,29,42.42,15,1.8,26.3,11,6,1,0,0,0
CLI07097,Plus,Mensal,Cartão,Indicação,15,63.92,20,7.5,76.3,14,5,1,0,0,1
CLI07098,Essencial,Mensal,Débito automático,Busca orgânica,28,47.4,5,1.3,6.0,7,9,0,0,0,0
CLI07099,Essencial,Mensal,Cartão,Parceiro,21,42.42,15,3.1,2.4,4,6,1,0,0,0
CLI07100,Essencial,Mensal,Débito automático,Indicação,7,49.9,0,1.2,2.9,4,9,0,0,0,0
CLI07101,Essencial,Mensal,Boleto,Busca orgânica,7,44.91,10,6.8,29.0,12,6,1,0,0,0
CLI07102,Essencial,Mensal,Cartão,Indicação,18,49.9,0,4.9,22.4,5,5,1,0,0,1
CLI07103,Plus,Mensal,Cartão,Busca orgânica,35,67.92,15,3.8,52.7,12,7,2,2,0,0
CLI07104,Essencial,Anual,Cartão,Busca orgânica,18,47.4,5,2.6,15.4,5,8,0,0,0,0
CLI07105,Essencial,Mensal,Boleto,Parceiro,19,44.91,10,4.8,11.5,3,6,2,2,1,0
CLI07106,Essencial,Mensal,Cartão,Indicação,36,44.91,10,5.0,28.0,5,6,0,0,1,0
CLI07107,Plus,Anual,Débito automático,Indicação,18,71.91,10,2.2,54.8,13,7,1,0,0,0
CLI07108,Plus,Mensal,Cartão,Indicação,96,79.9,0,3.3,62.7,8,6,0,0,0,0
CLI07109,Essencial,Anual,Cartão,Busca orgânica,14,44.91,10,0.5,45.0,9,3,3,0,0,0
CLI07110,Essencial,Mensal,Cartão,Busca orgânica,45,44.91,10,6.3,40.5,12,8,0,1,1,0
CLI07111,Premium,Mensal,Débito automático,Indicação,26,119.9,0,12.1,23.1,7,6,2,0,0,0
CLI07112,Plus,Mensal,Cartão,Busca orgânica,96,79.9,0,4.8,30.7,10,7,1,0,0,0
CLI07113,Plus,Mensal,Boleto,Busca orgânica,17,71.91,10,6.0,49.2,9,7,0,1,0,0
CLI07114,Plus,Mensal,Débito automático,Indicação,40,79.9,0,3.3,44.6,8,8,0,1,0,1
CLI07115,Plus,Mensal,Boleto,Mídia paga,23,71.91,10,2.5,13.3,2,8,1,1,0,0
CLI07116,Premium,Mensal,Cartão,Mídia paga,3,95.92,20,3.0,8.1,5,7,1,0,0,1
CLI07117,Essencial,Anual,Pix,Busca orgânica,25,49.9,0,0.8,3.6,0,7,2,1,0,0
CLI07118,Plus,Mensal,Cartão,Mídia paga,17,67.92,15,3.0,22.4,7,7,2,0,1,1
CLI07119,Essencial,Anual,Cartão,Busca orgânica,30,47.4,5,1.8,7.9,4,7,1,0,0,0
CLI07120,Plus,Mensal,Pix,Indicação,13,71.91,10,5.9,13.5,6,7,1,0,0,0
CLI07121,Essencial,Mensal,Cartão,Mídia paga,2,49.9,0,8.6,30.0,9,7,1,2,1,0
CLI07122,Essencial,Mensal,Boleto,Mídia paga,67,42.42,15,2.6,56.6,17,4,1,2,0,0
CLI07123,Premium,Anual,Cartão,Busca orgânica,15,107.91,10,1.8,15.2,3,8,0,1,0,0
CLI07124,Premium,Mensal,Cartão,Busca orgânica,43,107.91,10,2.9,4.9,6,8,1,0,0,0
CLI07125,Essencial,Mensal,Pix,Busca orgânica,22,42.42,15,1.6,42.2,5,6,3,1,0,0
CLI07126,Premium,Anual,Pix,Busca orgânica,29,119.9,0,9.5,7.0,4,7,2,0,0,0
CLI07127,Essencial,Mensal,Cartão,Busca orgânica,27,49.9,0,5.4,4.8,5,8,0,0,0,0
CLI07128,Essencial,Mensal,Boleto,Mídia paga,18,49.9,0,4.0,32.0,6,7,1,1,1,0
CLI07129,Premium,Mensal,Cartão,Indicação,25,101.92,15,2.4,48.8,8,10,0,1,1,0
CLI07130,Essencial,Anual,Pix,Mídia paga,42,42.42,15,5.5,10.7,5,8,0,0,0,0
CLI07131,Essencial,Mensal,Cartão,Parceiro,26,47.4,5,0.9,42.5,8,6,1,2,1,1
CLI07132,Plus,Anual,Cartão,Indicação,48,71.91,10,5.2,45.5,7,8,1,2,0,0
CLI07133,Essencial,Anual,Pix,Busca orgânica,17,42.42,15,4.7,27.3,5,7,0,0,0,0
CLI07134,Essencial,Mensal,Débito automático,Busca orgânica,23,49.9,0,3.1,65.0,6,5,0,1,1,0
CLI07135,Essencial,Mensal,Pix,Mídia paga,9,49.9,0,3.0,74.5,12,5,2,0,0,1
CLI07136,Plus,Anual,Cartão,Parceiro,31,63.92,20,2.8,36.1,10,6,1,1,0,0
CLI07137,Essencial,Anual,Cartão,Parceiro,22,49.9,0,1.3,1.5,3,6,1,1,1,0
CLI07138,Essencial,Anual,Boleto,Busca orgânica,27,47.4,5,6.9,35.8,8,7,2,1,0,1
CLI07139,Plus,Mensal,Cartão,Mídia paga,64,71.91,10,4.4,75.6,12,6,1,0,0,0
CLI07140,Essencial,Anual,Pix,Busca orgânica,22,49.9,0,2.7,58.4,7,5,1,0,1,0
CLI07141,Essencial,Anual,Cartão,Mídia paga,59,47.4,5,6.7,48.5,9,8,0,0,1,0
CLI07142,Plus,Anual,Cartão,Parceiro,12,71.91,10,1.1,15.2,4,8,2,0,0,0
CLI07143,Plus,Mensal,Cartão,Mídia paga,13,71.91,10,0.8,54.6,17,5,1,0,1,0
CLI07144,Essencial,Anual,Cartão,Indicação,12,44.91,10,8.4,12.5,6,8,0,0,0,0
CLI07145,Premium,Anual,Pix,Busca orgânica,8,119.9,0,5.7,15.8,5,8,0,1,1,0
CLI07146,Plus,Anual,Cartão,Mídia paga,26,79.9,0,4.7,29.6,10,6,1,0,0,0
CLI07147,Essencial,Anual,Débito automático,Indicação,35,49.9,0,1.9,27.8,7,9,0,0,0,0
CLI07148,Plus,Anual,Cartão,Busca orgânica,83,75.9,5,3.9,31.7,12,8,1,1,0,0
CLI07149,Plus,Mensal,Cartão,Mídia paga,21,79.9,0,1.5,41.9,6,4,2,2,0,0
CLI07150,Plus,Mensal,Cartão,Mídia paga,63,63.92,20,5.2,2.1,4,10,0,0,0,0
CLI07151,Plus,Mensal,Cartão,Mídia paga,9,67.92,15,9.2,38.8,9,4,1,0,1,1
CLI07152,Plus,Anual,Cartão,Indicação,14,63.92,20,3.9,48.5,8,5,0,0,0,0
CLI07153,Premium,Mensal,Cartão,Mídia paga,21,119.9,0,7.0,21.2,9,9,0,0,0,0
CLI07154,Plus,Mensal,Cartão,Mídia paga,10,71.91,10,4.5,17.8,4,7,1,0,0,1
CLI07155,Plus,Anual,Cartão,Indicação,28,67.92,15,8.1,3.4,4,9,0,0,0,0
CLI07156,Plus,Anual,Cartão,Busca orgânica,8,75.9,5,3.0,27.7,5,8,0,0,0,0
CLI07157,Premium,Anual,Cartão,Mídia paga,24,113.9,5,10.8,4.8,3,6,1,0,0,0
CLI07158,Premium,Anual,Cartão,Busca orgânica,23,119.9,0,4.1,7.9,8,10,1,0,1,0
CLI07159,Essencial,Mensal,Cartão,Busca orgânica,31,39.92,20,3.6,32.3,5,5,0,0,1,0
CLI07160,Essencial,Mensal,Cartão,Indicação,59,44.91,10,3.5,6.6,6,8,0,1,0,0
CLI07161,Plus,Mensal,Pix,Mídia paga,14,63.92,20,9.0,7.2,1,8,1,1,1,0
CLI07162,Essencial,Anual,Cartão,Indicação,74,49.9,0,7.4,27.8,7,8,0,0,0,0
CLI07163,Plus,Mensal,Boleto,Busca orgânica,48,71.91,10,2.9,49.6,5,3,0,0,0,0
CLI07164,Plus,Mensal,Cartão,Busca orgânica,31,79.9,0,4.0,65.7,13,5,1,3,0,1
CLI07165,Premium,Anual,Cartão,Indicação,8,119.9,0,13.7,38.1,4,8,1,0,0,0
CLI07166,Essencial,Mensal,Débito automático,Busca orgânica,28,42.42,15,2.5,38.9,12,5,2,0,1,0
CLI07167,Plus,Anual,Cartão,Indicação,9,79.9,0,1.7,7.9,4,8,0,1,1,0
CLI07168,Essencial,Mensal,Cartão,Indicação,37,44.91,10,8.2,5.5,2,8,1,0,0,0
CLI07169,Plus,Anual,Débito automático,Busca orgânica,17,75.9,5,7.5,9.5,4,6,2,1,0,0
CLI07170,Essencial,Mensal,Pix,Busca orgânica,55,39.92,20,3.0,2.9,3,7,1,1,1,0
CLI07171,Plus,Anual,Pix,Busca orgânica,56,75.9,5,2.8,22.0,6,9,0,0,1,0
CLI07172,Plus,Anual,Cartão,Indicação,39,71.91,10,2.4,10.0,5,7,1,0,0,0
CLI07173,Plus,Mensal,Cartão,Busca orgânica,10,71.91,10,2.4,73.5,14,6,3,1,0,1
CLI07174,Plus,Mensal,Cartão,Indicação,19,79.9,0,7.0,33.6,13,4,1,0,0,0
CLI07175,Essencial,Anual,Débito automático,Busca orgânica,56,39.92,20,6.3,7.6,4,9,1,0,0,0
CLI07176,Essencial,Mensal,Cartão,Indicação,96,49.9,0,1.2,43.2,7,6,0,0,0,0
CLI07177,Essencial,Anual,Pix,Indicação,16,49.9,0,2.2,26.4,5,5,1,1,1,0
CLI07178,Premium,Mensal,Boleto,Busca orgânica,28,107.91,10,1.9,29.5,9,7,1,2,0,1
CLI07179,Premium,Anual,Boleto,Parceiro,16,113.9,5,5.0,21.0,11,8,1,1,0,0
CLI07180,Essencial,Mensal,Cartão,Indicação,11,49.9,0,2.5,55.4,6,8,0,0,1,0
CLI07181,Essencial,Mensal,Pix,Mídia paga,13,44.91,10,3.5,41.6,10,5,0,1,0,0
CLI07182,Essencial,Mensal,Débito automático,Indicação,24,44.91,10,0.5,44.2,9,7,2,0,0,0
CLI07183,Plus,Mensal,Débito automático,Busca orgânica,5,67.92,15,4.0,53.3,9,5,1,0,0,0
CLI07184,Essencial,Mensal,Boleto,Busca orgânica,49,49.9,0,4.0,22.3,16,5,1,2,1,1
CLI07185,Essencial,Anual,Débito automático,Indicação,20,42.42,15,3.5,5.9,9,8,1,1,0,0
CLI07186,Essencial,Anual,Débito automático,Mídia paga,29,44.91,10,4.6,51.9,9,7,1,0,0,0
CLI07187,Essencial,Anual,Cartão,Indicação,29,42.42,15,3.8,14.0,8,4,1,1,1,0
CLI07188,Essencial,Anual,Pix,Mídia paga,21,44.91,10,0.7,30.1,4,6,1,0,0,0
CLI07189,Essencial,Anual,Pix,Mídia paga,16,42.42,15,6.6,1.9,2,8,2,0,1,0
CLI07190,Plus,Mensal,Débito automático,Mídia paga,14,71.91,10,8.7,54.9,6,3,2,0,0,1
CLI07191,Plus,Anual,Pix,Indicação,47,63.92,20,2.7,19.7,7,6,0,0,1,0
CLI07192,Essencial,Mensal,Cartão,Busca orgânica,8,44.91,10,2.7,28.9,8,9,1,0,0,0
CLI07193,Plus,Mensal,Pix,Mídia paga,39,75.9,5,2.2,26.5,7,7,2,0,0,0
CLI07194,Plus,Anual,Boleto,Busca orgânica,41,75.9,5,6.0,48.7,12,5,0,0,0,0
CLI07195,Plus,Anual,Cartão,Mídia paga,14,75.9,5,6.2,11.0,6,9,1,2,1,0
CLI07196,Premium,Mensal,Débito automático,Busca orgânica,18,107.91,10,11.2,3.8,5,8,1,0,0,0
CLI07197,Essencial,Mensal,Pix,Mídia paga,31,49.9,0,2.8,14.9,6,7,1,0,0,0
CLI07198,Premium,Mensal,Cartão,Mídia paga,29,119.9,0,7.1,21.7,7,6,2,0,1,0
CLI07199,Plus,Anual,Cartão,Busca orgânica,47,79.9,0,2.2,13.7,6,8,0,0,0,0
CLI07200,Plus,Mensal,Pix,Parceiro,41,71.91,10,7.1,50.8,13,7,0,0,0,0
CLI07201,Essencial,Anual,Débito automático,Mídia paga,13,42.42,15,6.5,8.4,4,5,1,0,0,0
CLI07202,Essencial,Mensal,Cartão,Indicação,55,49.9,0,5.4,6.3,4,9,0,0,0,0
CLI07203,Essencial,Mensal,Boleto,Indicação,17,49.9,0,7.4,8.2,1,9,0,2,0,0
CLI07204,Premium,Mensal,Débito automático,Mídia paga,7,113.9,5,5.4,16.1,3,7,1,1,0,0
CLI07205,Plus,Mensal,Cartão,Mídia paga,6,71.91,10,1.7,6.4,1,6,0,0,1,0
CLI07206,Essencial,Anual,Cartão,Parceiro,38,44.91,10,0.3,23.1,8,3,1,1,1,0
CLI07207,Plus,Mensal,Cartão,Mídia paga,89,63.92,20,3.5,17.2,4,8,0,2,0,0
CLI07208,Essencial,Anual,Cartão,Indicação,12,44.91,10,2.8,26.9,5,8,0,0,0,0
CLI07209,Essencial,Mensal,Cartão,Indicação,5,47.4,5,4.8,23.2,7,10,1,0,0,0
CLI07210,Plus,Anual,Cartão,Busca orgânica,36,67.92,15,3.7,29.3,9,6,1,1,0,0
CLI07211,Plus,Anual,Boleto,Busca orgânica,10,79.9,0,2.1,20.8,12,7,2,0,0,1
CLI07212,Plus,Mensal,Débito automático,Parceiro,44,79.9,0,6.4,24.9,7,6,1,1,0,0
CLI07213,Plus,Anual,Débito automático,Mídia paga,21,79.9,0,5.5,49.0,8,6,0,1,0,0
CLI07214,Plus,Mensal,Pix,Parceiro,13,79.9,0,8.0,23.9,6,6,2,1,0,0
CLI07215,Plus,Mensal,Pix,Mídia paga,21,75.9,5,9.4,39.3,3,5,0,0,0,0
CLI07216,Essencial,Anual,Débito automático,Mídia paga,63,49.9,0,6.1,23.9,6,5,1,0,1,0
CLI07217,Plus,Anual,Cartão,Mídia paga,5,67.92,15,5.6,3.4,4,8,1,1,0,0
CLI07218,Plus,Anual,Débito automático,Mídia paga,45,63.92,20,4.4,18.4,4,5,0,1,1,0
CLI07219,Essencial,Anual,Boleto,Busca orgânica,48,39.92,20,0.7,28.6,8,9,0,0,0,0
CLI07220,Essencial,Mensal,Boleto,Mídia paga,17,44.91,10,4.6,33.0,4,10,0,0,1,0
CLI07221,Essencial,Mensal,Cartão,Indicação,37,44.91,10,5.3,11.1,11,7,2,0,1,0
CLI07222,Essencial,Mensal,Débito automático,Parceiro,30,49.9,0,1.5,71.0,11,4,1,1,0,1
CLI07223,Plus,Mensal,Pix,Mídia paga,48,75.9,5,1.0,4.1,2,6,0,0,0,0
CLI07224,Essencial,Mensal,Cartão,Busca orgânica,22,44.91,10,2.4,44.7,11,5,0,1,0,0
CLI07225,Plus,Mensal,Cartão,Indicação,7,67.92,15,9.5,44.8,6,7,0,1,0,1
CLI07226,Essencial,Mensal,Cartão,Busca orgânica,57,49.9,0,2.8,31.3,9,3,0,1,1,0
CLI07227,Essencial,Mensal,Cartão,Mídia paga,14,47.4,5,1.0,0.9,1,9,0,0,1,0
CLI07228,Essencial,Mensal,Cartão,Indicação,17,47.4,5,3.9,34.8,10,6,3,1,0,0
CLI07229,Essencial,Anual,Cartão,Indicação,20,49.9,0,1.7,16.3,0,5,0,0,1,0
CLI07230,Premium,Mensal,Débito automático,Busca orgânica,52,95.92,20,13.4,7.2,3,8,0,1,0,0
CLI07231,Essencial,Anual,Débito automático,Busca orgânica,80,42.42,15,1.5,32.4,4,9,0,0,0,0
CLI07232,Essencial,Anual,Débito automático,Parceiro,18,49.9,0,3.1,38.0,12,6,0,0,0,0
CLI07233,Essencial,Mensal,Pix,Mídia paga,19,49.9,0,1.4,25.6,3,9,0,0,0,0
CLI07234,Essencial,Anual,Boleto,Busca orgânica,30,47.4,5,4.1,15.9,5,7,1,0,1,0
CLI07235,Plus,Anual,Pix,Parceiro,11,79.9,0,4.6,18.5,6,10,0,0,1,0
CLI07236,Plus,Mensal,Cartão,Busca orgânica,36,71.91,10,9.1,29.3,6,7,1,1,1,0
CLI07237,Essencial,Anual,Pix,Parceiro,36,44.91,10,5.4,9.8,6,9,0,0,0,0
CLI07238,Plus,Mensal,Cartão,Parceiro,30,75.9,5,4.0,12.2,8,8,0,0,0,0
CLI07239,Plus,Mensal,Pix,Mídia paga,8,63.92,20,4.0,5.7,2,7,1,0,0,0
CLI07240,Premium,Mensal,Cartão,Busca orgânica,78,119.9,0,6.1,8.7,4,9,1,1,0,1
CLI07241,Plus,Anual,Boleto,Mídia paga,38,79.9,0,5.7,21.3,7,8,1,0,0,1
CLI07242,Essencial,Anual,Cartão,Busca orgânica,71,44.91,10,12.5,8.4,3,7,1,0,0,0
CLI07243,Plus,Anual,Cartão,Busca orgânica,9,75.9,5,7.2,11.7,4,9,1,0,0,0
CLI07244,Premium,Anual,Cartão,Indicação,12,107.91,10,5.6,8.7,4,10,0,0,0,0
CLI07245,Plus,Mensal,Cartão,Busca orgânica,14,75.9,5,1.3,13.8,6,6,1,0,0,0
CLI07246,Premium,Mensal,Boleto,Indicação,81,101.92,15,1.5,18.1,4,7,1,0,0,0
CLI07247,Premium,Mensal,Pix,Mídia paga,29,119.9,0,1.4,43.9,9,6,0,0,0,0
CLI07248,Essencial,Mensal,Cartão,Indicação,24,49.9,0,6.4,7.3,4,8,0,1,1,0
CLI07249,Plus,Anual,Pix,Busca orgânica,3,71.91,10,3.2,29.3,9,7,0,0,0,0
CLI07250,Plus,Mensal,Cartão,Busca orgânica,19,75.9,5,9.9,42.8,7,6,2,0,0,1
CLI07251,Plus,Mensal,Cartão,Busca orgânica,22,71.91,10,3.7,63.1,17,4,1,0,0,0
CLI07252,Plus,Mensal,Cartão,Mídia paga,31,79.9,0,3.0,24.9,6,7,0,0,0,0
CLI07253,Premium,Mensal,Cartão,Mídia paga,82,107.91,10,9.8,28.2,8,7,0,0,0,1
CLI07254,Plus,Mensal,Pix,Mídia paga,62,79.9,0,0.9,53.5,15,7,1,0,1,0
CLI07255,Plus,Mensal,Débito automático,Mídia paga,21,79.9,0,12.3,11.4,2,9,0,1,0,0
CLI07256,Essencial,Mensal,Cartão,Mídia paga,12,49.9,0,1.5,7.1,3,5,1,1,0,1
CLI07257,Essencial,Mensal,Pix,Busca orgânica,20,44.91,10,3.1,23.4,6,8,0,0,1,0
CLI07258,Premium,Mensal,Débito automático,Busca orgânica,27,107.91,10,4.7,50.4,5,8,1,0,1,0
CLI07259,Plus,Anual,Cartão,Busca orgânica,37,75.9,5,7.4,73.5,8,3,1,1,0,0
CLI07260,Essencial,Mensal,Pix,Indicação,1,49.9,0,2.3,32.3,6,4,2,0,0,0
CLI07261,Premium,Mensal,Cartão,Parceiro,21,119.9,0,13.3,11.7,6,10,0,0,1,0
CLI07262,Premium,Mensal,Cartão,Mídia paga,22,119.9,0,11.9,15.7,8,6,2,0,0,0
CLI07263,Plus,Anual,Cartão,Busca orgânica,20,79.9,0,6.8,33.9,8,6,0,1,1,0
CLI07264,Essencial,Mensal,Cartão,Indicação,81,47.4,5,1.3,13.1,5,10,1,0,0,0
CLI07265,Plus,Mensal,Pix,Mídia paga,23,71.91,10,1.0,63.7,11,3,0,1,0,1
CLI07266,Essencial,Anual,Débito automático,Parceiro,25,39.92,20,3.9,19.0,5,9,0,0,1,0
CLI07267,Essencial,Anual,Cartão,Parceiro,75,44.91,10,4.6,23.3,5,9,0,0,0,0
CLI07268,Plus,Mensal,Boleto,Mídia paga,62,79.9,0,4.7,26.6,4,5,1,1,1,0
CLI07269,Premium,Mensal,Cartão,Mídia paga,56,119.9,0,6.2,60.4,12,7,0,0,0,0
CLI07270,Essencial,Mensal,Cartão,Indicação,30,39.92,20,7.9,11.4,5,8,0,1,1,0
CLI07271,Premium,Mensal,Pix,Indicação,18,107.91,10,2.6,62.4,9,6,1,1,0,0
CLI07272,Premium,Mensal,Pix,Busca orgânica,11,119.9,0,6.9,19.5,5,8,0,0,0,0
CLI07273,Essencial,Anual,Boleto,Mídia paga,48,39.92,20,5.2,32.4,7,5,1,0,1,0
CLI07274,Essencial,Mensal,Cartão,Parceiro,71,49.9,0,8.5,61.6,15,7,0,1,0,1
CLI07275,Plus,Mensal,Cartão,Mídia paga,37,79.9,0,2.8,30.2,4,8,0,1,0,0
CLI07276,Plus,Mensal,Pix,Busca orgânica,10,75.9,5,5.1,43.1,9,7,0,0,1,0
CLI07277,Essencial,Mensal,Pix,Busca orgânica,29,49.9,0,2.8,10.6,9,7,2,0,0,0
CLI07278,Plus,Mensal,Débito automático,Busca orgânica,55,79.9,0,5.9,20.1,2,6,2,0,0,1
CLI07279,Plus,Mensal,Débito automático,Busca orgânica,12,79.9,0,7.9,73.4,11,6,0,0,0,0
CLI07280,Plus,Mensal,Cartão,Mídia paga,13,71.91,10,5.9,36.1,9,6,0,1,0,1
CLI07281,Plus,Mensal,Débito automático,Mídia paga,35,63.92,20,2.9,36.0,9,7,0,0,1,0
CLI07282,Essencial,Mensal,Débito automático,Parceiro,38,39.92,20,3.5,59.2,6,4,1,0,0,0
CLI07283,Essencial,Anual,Pix,Busca orgânica,34,47.4,5,3.4,14.1,4,8,0,1,0,0
CLI07284,Essencial,Mensal,Cartão,Mídia paga,59,44.91,10,1.2,47.7,9,10,0,1,1,0
CLI07285,Premium,Mensal,Boleto,Parceiro,25,119.9,0,28.0,29.7,6,5,0,1,1,0
CLI07286,Premium,Anual,Débito automático,Mídia paga,17,107.91,10,4.5,13.7,5,8,1,0,0,0
CLI07287,Plus,Anual,Cartão,Indicação,46,75.9,5,7.6,16.5,5,6,1,0,0,0
CLI07288,Essencial,Mensal,Cartão,Busca orgânica,92,44.91,10,0.5,55.6,6,6,2,0,1,0
CLI07289,Plus,Mensal,Débito automático,Indicação,18,79.9,0,3.7,23.7,10,8,0,2,0,0
CLI07290,Essencial,Mensal,Boleto,Indicação,41,44.91,10,1.5,44.6,12,8,0,1,0,0
CLI07291,Essencial,Mensal,Pix,Busca orgânica,64,47.4,5,2.2,36.0,7,7,0,0,0,0
CLI07292,Essencial,Anual,Débito automático,Mídia paga,32,47.4,5,1.3,12.6,5,6,1,0,0,0
CLI07293,Premium,Mensal,Cartão,Indicação,10,119.9,0,9.0,49.0,9,8,0,0,0,0
CLI07294,Essencial,Mensal,Cartão,Busca orgânica,32,49.9,0,1.7,22.5,4,8,0,1,0,0
CLI07295,Plus,Mensal,Débito automático,Busca orgânica,36,79.9,0,6.5,23.1,5,7,0,0,0,0
CLI07296,Premium,Mensal,Cartão,Mídia paga,21,119.9,0,3.8,14.8,4,6,2,0,0,0
CLI07297,Plus,Mensal,Cartão,Indicação,21,79.9,0,3.0,41.2,14,4,2,1,0,0
CLI07298,Essencial,Mensal,Débito automático,Indicação,8,44.91,10,4.4,12.3,3,7,0,0,0,0
CLI07299,Premium,Mensal,Cartão,Mídia paga,15,119.9,0,2.7,14.0,8,8,1,1,1,0
CLI07300,Plus,Anual,Cartão,Busca orgânica,16,79.9,0,5.0,45.0,6,10,0,0,0,0
CLI07301,Essencial,Anual,Cartão,Indicação,13,44.91,10,1.9,28.2,3,6,0,0,0,0
CLI07302,Plus,Anual,Cartão,Mídia paga,24,71.91,10,5.3,12.1,5,7,1,0,0,0
CLI07303,Premium,Anual,Cartão,Busca orgânica,50,107.91,10,11.7,41.1,7,10,0,0,0,0
CLI07304,Plus,Anual,Cartão,Busca orgânica,16,79.9,0,8.1,10.5,2,8,0,0,0,1
CLI07305,Plus,Anual,Boleto,Mídia paga,68,71.91,10,1.9,55.5,12,5,1,0,0,0
CLI07306,Essencial,Mensal,Pix,Indicação,35,44.91,10,0.5,34.1,5,7,0,1,1,0
CLI07307,Essencial,Mensal,Débito automático,Indicação,96,47.4,5,6.0,6.9,6,7,0,0,0,0
CLI07308,Plus,Mensal,Cartão,Busca orgânica,42,63.92,20,8.7,34.2,9,6,1,0,1,0
CLI07309,Essencial,Mensal,Cartão,Indicação,7,49.9,0,3.9,33.8,5,5,0,1,1,0
CLI07310,Essencial,Anual,Boleto,Indicação,60,47.4,5,3.6,7.4,3,10,0,0,1,0
CLI07311,Essencial,Mensal,Pix,Busca orgânica,4,49.9,0,0.4,29.0,9,8,1,1,0,0
CLI07312,Essencial,Anual,Débito automático,Busca orgânica,5,49.9,0,2.5,66.5,10,7,1,0,0,0
CLI07313,Essencial,Anual,Cartão,Mídia paga,50,49.9,0,5.1,7.1,4,7,1,0,0,0
CLI07314,Plus,Mensal,Pix,Mídia paga,85,71.91,10,1.5,21.3,12,9,2,0,0,0
CLI07315,Essencial,Mensal,Pix,Parceiro,86,44.91,10,2.3,64.6,16,6,0,1,0,0
CLI07316,Essencial,Mensal,Cartão,Busca orgânica,32,42.42,15,2.6,26.6,9,9,4,1,1,0
CLI07317,Premium,Mensal,Débito automático,Busca orgânica,20,119.9,0,11.3,23.5,7,7,0,1,0,0
CLI07318,Premium,Mensal,Cartão,Busca orgânica,24,107.91,10,4.6,14.5,5,8,0,0,0,0
CLI07319,Essencial,Mensal,Cartão,Indicação,25,47.4,5,5.3,63.0,11,6,1,2,0,0
CLI07320,Essencial,Mensal,Cartão,Indicação,28,47.4,5,5.7,3.5,1,9,0,1,0,0
CLI07321,Essencial,Mensal,Pix,Indicação,14,49.9,0,3.1,8.2,6,9,2,1,0,0
CLI07322,Essencial,Mensal,Débito automático,Mídia paga,27,44.91,10,7.6,31.3,9,5,2,0,0,0
CLI07323,Essencial,Mensal,Cartão,Busca orgânica,18,44.91,10,2.7,23.1,7,6,1,1,0,0
CLI07324,Premium,Mensal,Boleto,Indicação,13,101.92,15,9.5,23.6,4,7,0,1,0,0
CLI07325,Plus,Anual,Cartão,Mídia paga,69,71.91,10,6.4,22.5,2,9,1,0,0,0
CLI07326,Essencial,Mensal,Débito automático,Busca orgânica,37,44.91,10,2.6,44.8,4,7,0,1,1,1
CLI07327,Premium,Anual,Débito automático,Parceiro,37,119.9,0,10.9,32.4,9,7,1,0,0,0
CLI07328,Essencial,Mensal,Boleto,Mídia paga,28,49.9,0,7.9,2.4,5,9,2,1,0,0
CLI07329,Essencial,Mensal,Débito automático,Busca orgânica,14,39.92,20,2.2,13.7,8,6,1,0,1,0
CLI07330,Essencial,Anual,Pix,Indicação,27,44.91,10,9.0,13.3,3,7,0,0,0,0
CLI07331,Essencial,Anual,Cartão,Parceiro,83,47.4,5,2.2,22.1,8,6,2,0,0,0
CLI07332,Premium,Anual,Débito automático,Mídia paga,37,95.92,20,8.6,16.6,4,10,1,0,0,0
CLI07333,Essencial,Anual,Débito automático,Parceiro,24,49.9,0,3.4,17.5,10,6,3,0,0,0
CLI07334,Plus,Mensal,Pix,Indicação,34,71.91,10,1.7,24.7,7,9,0,0,1,0
CLI07335,Essencial,Anual,Débito automático,Mídia paga,20,49.9,0,3.5,34.0,10,7,2,0,0,1
CLI07336,Premium,Mensal,Cartão,Busca orgânica,19,113.9,5,7.1,39.8,6,5,2,1,0,1
CLI07337,Plus,Anual,Cartão,Busca orgânica,52,79.9,0,8.4,9.0,2,8,2,3,1,0
CLI07338,Plus,Anual,Cartão,Indicação,29,71.91,10,4.2,52.3,14,8,1,0,0,0
CLI07339,Essencial,Anual,Débito automático,Mídia paga,39,47.4,5,4.5,7.0,4,9,0,0,1,0
CLI07340,Premium,Anual,Débito automático,Busca orgânica,27,119.9,0,4.1,14.5,6,7,0,1,0,0
CLI07341,Plus,Anual,Débito automático,Mídia paga,44,79.9,0,2.8,10.8,5,8,0,1,0,0
CLI07342,Essencial,Mensal,Pix,Indicação,19,42.42,15,3.1,40.9,4,8,0,0,0,0
CLI07343,Premium,Mensal,Cartão,Parceiro,22,119.9,0,5.1,38.0,14,6,1,0,1,1
CLI07344,Essencial,Anual,Cartão,Busca orgânica,79,47.4,5,2.6,8.7,2,4,1,2,0,0
CLI07345,Essencial,Anual,Cartão,Parceiro,5,47.4,5,3.0,16.7,7,7,1,0,0,0
CLI07346,Plus,Mensal,Cartão,Mídia paga,43,75.9,5,2.4,11.6,9,7,1,1,0,0
CLI07347,Essencial,Anual,Pix,Indicação,31,44.91,10,5.9,11.2,3,8,1,0,0,0
CLI07348,Plus,Mensal,Débito automático,Mídia paga,23,67.92,15,11.7,5.7,3,10,0,0,0,0
CLI07349,Essencial,Anual,Boleto,Mídia paga,15,49.9,0,4.0,58.7,9,4,5,0,0,1
CLI07350,Essencial,Anual,Cartão,Indicação,58,44.91,10,0.4,49.8,6,6,0,0,0,0
CLI07351,Essencial,Mensal,Débito automático,Indicação,85,49.9,0,6.5,58.7,4,4,1,1,0,1
CLI07352,Essencial,Mensal,Pix,Parceiro,22,49.9,0,1.0,23.2,5,6,0,0,0,0
CLI07353,Premium,Anual,Cartão,Parceiro,41,119.9,0,2.8,18.1,5,10,0,0,0,0
CLI07354,Plus,Mensal,Débito automático,Mídia paga,40,67.92,15,6.9,38.8,14,7,2,0,1,0
CLI07355,Plus,Anual,Boleto,Indicação,42,67.92,15,5.5,5.1,6,5,1,1,0,0
CLI07356,Essencial,Mensal,Cartão,Busca orgânica,10,49.9,0,6.9,64.1,2,7,0,0,1,0
CLI07357,Plus,Mensal,Pix,Indicação,54,71.91,10,2.2,40.7,15,6,2,0,1,0
CLI07358,Essencial,Mensal,Cartão,Mídia paga,7,49.9,0,7.3,65.7,11,8,1,0,1,0
CLI07359,Essencial,Anual,Cartão,Busca orgânica,39,44.91,10,1.3,9.9,5,7,4,0,0,0
CLI07360,Plus,Mensal,Cartão,Busca orgânica,62,63.92,20,3.4,34.6,6,7,0,0,0,0
CLI07361,Plus,Anual,Cartão,Mídia paga,18,63.92,20,4.9,50.3,12,4,1,0,0,0
CLI07362,Plus,Anual,Débito automático,Parceiro,30,71.91,10,6.1,19.4,8,10,0,0,0,0
CLI07363,Premium,Mensal,Cartão,Indicação,45,113.9,5,12.2,4.1,4,9,1,1,0,0
CLI07364,Premium,Mensal,Débito automático,Busca orgânica,22,119.9,0,9.4,20.9,6,7,0,1,1,1
CLI07365,Essencial,Mensal,Débito automático,Busca orgânica,13,49.9,0,1.7,24.4,8,9,1,1,0,0
CLI07366,Essencial,Anual,Débito automático,Busca orgânica,41,49.9,0,5.5,20.9,3,10,0,0,0,0
CLI07367,Essencial,Mensal,Cartão,Busca orgânica,11,49.9,0,2.6,17.2,7,9,0,3,0,0
CLI07368,Plus,Anual,Cartão,Indicação,4,75.9,5,0.8,27.4,6,7,0,1,0,0
CLI07369,Premium,Anual,Cartão,Indicação,29,119.9,0,7.0,19.5,6,8,0,0,0,0
CLI07370,Premium,Mensal,Cartão,Mídia paga,22,107.91,10,8.5,40.4,8,6,0,2,1,0
CLI07371,Essencial,Mensal,Cartão,Busca orgânica,42,44.91,10,4.2,51.7,6,6,0,0,0,0
CLI07372,Premium,Anual,Pix,Mídia paga,31,113.9,5,8.3,24.0,6,6,2,0,0,0
CLI07373,Plus,Anual,Pix,Indicação,94,67.92,15,4.8,19.2,5,7,0,0,0,0
CLI07374,Premium,Anual,Cartão,Mídia paga,59,101.92,15,3.1,18.1,2,8,0,0,1,0
CLI07375,Plus,Mensal,Cartão,Mídia paga,33,79.9,0,8.8,4.7,6,6,2,0,0,0
CLI07376,Essencial,Mensal,Débito automático,Mídia paga,55,44.91,10,3.6,16.4,8,7,1,0,1,0
CLI07377,Essencial,Mensal,Boleto,Indicação,65,42.42,15,3.2,62.0,10,7,0,0,1,0
CLI07378,Premium,Anual,Pix,Mídia paga,65,119.9,0,8.1,24.7,10,6,0,0,1,0
CLI07379,Essencial,Mensal,Pix,Parceiro,12,47.4,5,2.9,39.8,6,8,1,0,1,0
CLI07380,Essencial,Anual,Débito automático,Indicação,15,49.9,0,5.3,17.2,8,5,5,1,0,0
CLI07381,Essencial,Mensal,Cartão,Indicação,73,49.9,0,7.3,20.0,11,7,2,1,1,0
CLI07382,Essencial,Anual,Boleto,Busca orgânica,30,39.92,20,1.1,23.8,4,10,0,0,0,0
CLI07383,Premium,Mensal,Cartão,Parceiro,31,95.92,20,1.6,23.6,4,6,0,3,0,0
CLI07384,Essencial,Anual,Débito automático,Indicação,38,44.91,10,2.0,33.6,5,5,3,1,0,0
CLI07385,Essencial,Mensal,Cartão,Indicação,25,49.9,0,1.4,63.3,6,5,0,0,0,1
CLI07386,Plus,Anual,Débito automático,Parceiro,77,79.9,0,5.4,33.8,6,8,2,0,0,0
CLI07387,Plus,Anual,Débito automático,Busca orgânica,35,71.91,10,12.4,16.3,10,10,0,0,0,0
CLI07388,Essencial,Mensal,Débito automático,Indicação,51,49.9,0,8.7,3.5,4,8,0,0,0,0
CLI07389,Essencial,Mensal,Cartão,Mídia paga,21,44.91,10,2.3,37.0,7,5,1,2,1,0
CLI07390,Essencial,Mensal,Pix,Indicação,23,49.9,0,1.6,10.3,5,7,2,1,0,0
CLI07391,Essencial,Mensal,Pix,Busca orgânica,14,39.92,20,2.3,24.5,5,8,0,0,1,0
CLI07392,Essencial,Mensal,Débito automático,Indicação,47,49.9,0,4.7,22.0,7,9,1,1,0,0
CLI07393,Essencial,Mensal,Pix,Mídia paga,26,49.9,0,1.6,12.7,2,8,1,0,0,0
CLI07394,Plus,Mensal,Pix,Mídia paga,47,79.9,0,1.4,58.3,12,5,0,0,0,0
CLI07395,Premium,Mensal,Débito automático,Indicação,44,119.9,0,4.5,8.3,2,7,3,0,0,0
CLI07396,Premium,Anual,Cartão,Busca orgânica,13,119.9,0,6.2,37.3,7,9,1,1,0,0
CLI07397,Essencial,Mensal,Débito automático,Parceiro,24,44.91,10,3.2,23.0,5,7,0,0,0,0
CLI07398,Essencial,Mensal,Cartão,Busca orgânica,12,42.42,15,1.8,27.3,10,8,0,2,0,0
CLI07399,Premium,Anual,Débito automático,Parceiro,13,101.92,15,2.1,44.4,12,4,1,1,1,1
CLI07400,Plus,Mensal,Cartão,Parceiro,11,71.91,10,5.3,49.9,10,5,0,1,0,1
CLI07401,Plus,Anual,Débito automático,Busca orgânica,15,63.92,20,5.1,10.3,5,8,0,1,1,0
CLI07402,Essencial,Anual,Cartão,Mídia paga,17,49.9,0,1.7,1.5,5,8,2,0,1,0
CLI07403,Essencial,Anual,Cartão,Mídia paga,96,44.91,10,3.9,46.2,10,8,1,0,0,0
CLI07404,Plus,Mensal,Cartão,Mídia paga,22,79.9,0,4.9,3.2,3,8,1,1,0,0
CLI07405,Plus,Mensal,Débito automático,Mídia paga,49,71.91,10,5.4,57.2,6,5,1,0,0,0
CLI07406,Essencial,Anual,Cartão,Busca orgânica,40,42.42,15,3.3,30.4,12,5,1,1,0,0
CLI07407,Premium,Anual,Pix,Parceiro,35,107.91,10,3.4,16.8,9,7,0,0,0,0
CLI07408,Plus,Mensal,Cartão,Indicação,53,79.9,0,10.7,13.3,7,8,2,0,1,0
CLI07409,Plus,Mensal,Débito automático,Mídia paga,33,79.9,0,6.0,23.4,6,8,0,0,0,0
CLI07410,Essencial,Anual,Cartão,Parceiro,14,42.42,15,1.5,9.0,9,7,1,1,1,0
CLI07411,Plus,Anual,Pix,Busca orgânica,37,67.92,15,7.0,6.0,4,8,0,0,0,0
CLI07412,Plus,Mensal,Cartão,Mídia paga,44,71.91,10,8.5,19.2,6,8,0,0,0,0
CLI07413,Essencial,Mensal,Cartão,Mídia paga,12,49.9,0,5.3,22.5,12,7,0,1,1,0
CLI07414,Plus,Mensal,Cartão,Parceiro,33,79.9,0,4.8,11.1,4,5,4,0,0,0
CLI07415,Plus,Mensal,Pix,Busca orgânica,51,79.9,0,4.1,23.9,9,8,0,0,0,0
CLI07416,Premium,Anual,Cartão,Mídia paga,28,113.9,5,5.2,16.0,6,5,1,0,1,0
CLI07417,Essencial,Mensal,Boleto,Indicação,87,47.4,5,4.1,22.9,6,7,1,0,0,0
CLI07418,Premium,Mensal,Cartão,Indicação,18,119.9,0,12.6,18.6,3,10,0,0,0,0
CLI07419,Plus,Mensal,Pix,Indicação,23,71.91,10,9.6,21.5,15,10,0,0,0,0
CLI07420,Essencial,Anual,Cartão,Busca orgânica,39,49.9,0,1.1,11.6,6,7,0,0,0,0
CLI07421,Essencial,Anual,Cartão,Busca orgânica,19,49.9,0,2.0,23.4,5,8,1,0,0,0
CLI07422,Essencial,Anual,Débito automático,Indicação,19,47.4,5,0.9,55.7,7,6,0,0,0,0
CLI07423,Essencial,Anual,Débito automático,Indicação,62,44.91,10,4.0,9.8,3,9,0,0,0,0
CLI07424,Plus,Anual,Pix,Busca orgânica,23,79.9,0,10.7,40.9,8,9,0,0,0,0
CLI07425,Plus,Mensal,Débito automático,Parceiro,52,71.91,10,3.7,28.6,10,7,1,1,0,0
CLI07426,Essencial,Mensal,Cartão,Indicação,13,49.9,0,5.1,21.2,7,5,3,1,0,0
CLI07427,Premium,Anual,Boleto,Busca orgânica,23,119.9,0,1.2,25.8,10,6,3,0,1,0
CLI07428,Essencial,Mensal,Cartão,Mídia paga,22,42.42,15,3.7,44.4,6,8,0,0,0,1
CLI07429,Plus,Mensal,Débito automático,Mídia paga,23,79.9,0,4.6,28.7,7,7,0,0,0,0
CLI07430,Premium,Anual,Débito automático,Mídia paga,13,107.91,10,10.4,81.3,15,7,0,0,0,0
CLI07431,Premium,Mensal,Cartão,Busca orgânica,21,119.9,0,2.0,0.6,5,7,1,0,0,0
CLI07432,Plus,Anual,Pix,Indicação,28,75.9,5,4.9,43.9,7,5,3,0,0,0
CLI07433,Plus,Mensal,Boleto,Indicação,6,79.9,0,12.5,15.5,3,8,0,0,0,0
CLI07434,Essencial,Mensal,Cartão,Mídia paga,18,49.9,0,1.6,41.9,8,6,1,0,1,0
CLI07435,Essencial,Anual,Cartão,Busca orgânica,38,47.4,5,1.4,21.8,5,6,1,1,0,0
CLI07436,Essencial,Anual,Pix,Busca orgânica,16,39.92,20,5.7,54.9,7,7,1,0,0,0
CLI07437,Essencial,Anual,Cartão,Indicação,32,49.9,0,6.1,6.2,5,6,0,0,0,0
CLI07438,Essencial,Mensal,Cartão,Busca orgânica,15,47.4,5,4.6,3.9,4,9,1,0,0,0
CLI07439,Essencial,Mensal,Débito automático,Busca orgânica,26,49.9,0,11.6,37.8,12,7,1,0,0,0
CLI07440,Premium,Mensal,Boleto,Busca orgânica,4,107.91,10,6.3,45.6,2,6,0,1,0,0
CLI07441,Premium,Mensal,Pix,Indicação,38,101.92,15,9.1,55.4,7,6,0,0,0,0
CLI07442,Plus,Mensal,Boleto,Busca orgânica,19,75.9,5,6.5,9.7,6,6,1,0,1,0
CLI07443,Plus,Mensal,Cartão,Indicação,48,67.92,15,3.6,21.7,8,8,0,0,0,0
CLI07444,Essencial,Mensal,Cartão,Busca orgânica,24,42.42,15,2.0,19.6,12,7,0,1,1,0
CLI07445,Essencial,Mensal,Cartão,Mídia paga,20,42.42,15,3.0,13.1,9,6,2,0,0,0
CLI07446,Plus,Mensal,Cartão,Busca orgânica,17,79.9,0,3.1,13.9,9,8,1,1,1,0
CLI07447,Plus,Mensal,Pix,Indicação,19,71.91,10,4.8,10.9,5,7,0,0,1,0
CLI07448,Essencial,Mensal,Cartão,Mídia paga,18,49.9,0,5.2,22.5,9,5,1,0,0,0
CLI07449,Plus,Anual,Cartão,Busca orgânica,15,79.9,0,1.7,29.4,10,4,1,1,1,1
CLI07450,Plus,Anual,Débito automático,Busca orgânica,16,75.9,5,2.0,21.2,7,9,0,0,1,0
CLI07451,Essencial,Anual,Pix,Indicação,83,47.4,5,2.6,47.3,2,7,1,0,0,0
CLI07452,Essencial,Mensal,Pix,Parceiro,25,44.91,10,2.9,46.2,11,5,0,0,1,1
CLI07453,Essencial,Anual,Pix,Busca orgânica,6,49.9,0,1.7,17.4,3,4,0,0,0,0
CLI07454,Plus,Mensal,Boleto,Busca orgânica,6,79.9,0,6.7,28.2,8,9,0,0,0,0
CLI07455,Premium,Mensal,Débito automático,Indicação,84,119.9,0,2.9,36.5,7,9,1,0,0,0
CLI07456,Plus,Anual,Boleto,Mídia paga,24,67.92,15,1.3,31.3,4,6,2,0,1,0
CLI07457,Plus,Mensal,Boleto,Busca orgânica,11,67.92,15,5.5,15.9,8,8,0,0,0,0
CLI07458,Plus,Anual,Débito automático,Mídia paga,51,79.9,0,6.2,43.9,8,5,3,0,1,1
CLI07459,Essencial,Anual,Cartão,Indicação,16,49.9,0,3.8,12.5,5,6,2,0,0,0
CLI07460,Plus,Mensal,Pix,Busca orgânica,27,79.9,0,1.8,38.8,10,4,0,0,0,0
CLI07461,Plus,Mensal,Cartão,Mídia paga,30,75.9,5,1.1,24.2,7,7,3,1,0,1
CLI07462,Plus,Anual,Cartão,Busca orgânica,12,79.9,0,13.1,31.0,14,8,0,0,0,0
CLI07463,Essencial,Mensal,Pix,Indicação,17,44.91,10,4.0,8.3,5,9,1,0,0,0
CLI07464,Premium,Mensal,Cartão,Mídia paga,42,101.92,15,15.5,16.0,5,8,2,1,0,0
CLI07465,Premium,Mensal,Pix,Parceiro,62,113.9,5,3.7,3.7,5,9,2,0,1,0
CLI07466,Essencial,Anual,Débito automático,Busca orgânica,44,47.4,5,7.1,53.4,8,5,0,0,0,0
CLI07467,Essencial,Mensal,Cartão,Mídia paga,33,47.4,5,7.2,5.0,2,6,0,0,0,0
CLI07468,Essencial,Anual,Boleto,Busca orgânica,20,49.9,0,5.1,38.5,5,8,2,1,0,0
CLI07469,Plus,Anual,Débito automático,Mídia paga,36,71.91,10,4.0,7.5,7,5,1,0,1,0
CLI07470,Plus,Mensal,Débito automático,Mídia paga,41,71.91,10,2.4,0.1,4,6,2,0,1,0
CLI07471,Essencial,Mensal,Cartão,Mídia paga,61,49.9,0,4.3,30.5,4,9,2,0,0,0
CLI07472,Plus,Anual,Boleto,Busca orgânica,26,79.9,0,2.0,15.7,6,7,0,0,0,0
CLI07473,Essencial,Mensal,Cartão,Indicação,96,47.4,5,2.2,6.2,9,10,0,0,0,0
CLI07474,Plus,Mensal,Débito automático,Busca orgânica,49,67.92,15,5.5,21.0,8,8,0,2,1,0
CLI07475,Essencial,Mensal,Cartão,Mídia paga,24,49.9,0,7.5,10.9,6,9,1,0,0,0
CLI07476,Plus,Anual,Cartão,Mídia paga,55,79.9,0,10.9,44.3,9,5,2,1,1,0
CLI07477,Plus,Anual,Cartão,Indicação,21,79.9,0,10.4,24.1,5,5,0,1,0,0
CLI07478,Essencial,Mensal,Débito automático,Busca orgânica,16,49.9,0,7.7,51.7,8,5,1,1,0,0
CLI07479,Essencial,Mensal,Boleto,Mídia paga,6,44.91,10,2.5,34.0,6,7,2,0,1,0
CLI07480,Premium,Mensal,Débito automático,Indicação,82,119.9,0,4.0,9.5,2,10,1,0,0,0
CLI07481,Plus,Anual,Débito automático,Parceiro,20,79.9,0,1.1,31.1,13,7,1,0,0,0
CLI07482,Premium,Mensal,Cartão,Busca orgânica,40,101.92,15,9.2,32.7,9,7,1,0,0,0
CLI07483,Plus,Anual,Boleto,Mídia paga,49,79.9,0,3.4,27.9,6,8,1,0,0,0
CLI07484,Plus,Anual,Cartão,Busca orgânica,21,79.9,0,3.7,14.4,6,7,1,0,1,0
CLI07485,Essencial,Mensal,Boleto,Busca orgânica,22,49.9,0,2.5,55.1,11,6,1,1,1,0
CLI07486,Plus,Anual,Débito automático,Parceiro,6,71.91,10,4.4,31.7,6,8,0,0,0,0
CLI07487,Essencial,Anual,Cartão,Mídia paga,12,42.42,15,3.5,3.2,4,10,1,1,0,0
CLI07488,Essencial,Anual,Cartão,Indicação,8,44.91,10,3.8,24.9,4,2,2,0,1,0
CLI07489,Essencial,Mensal,Débito automático,Parceiro,95,47.4,5,2.2,54.0,7,6,1,0,0,0
CLI07490,Essencial,Anual,Boleto,Busca orgânica,23,47.4,5,0.8,5.6,5,7,0,0,0,1
CLI07491,Premium,Mensal,Débito automático,Mídia paga,16,113.9,5,6.3,4.4,8,7,3,0,0,0
CLI07492,Premium,Anual,Débito automático,Indicação,19,95.92,20,14.3,5.3,4,9,1,0,0,0
CLI07493,Plus,Mensal,Boleto,Mídia paga,27,63.92,20,5.2,32.0,5,8,0,2,0,0
CLI07494,Essencial,Mensal,Cartão,Parceiro,14,44.91,10,4.9,12.8,7,6,0,0,1,0
CLI07495,Premium,Anual,Pix,Busca orgânica,40,101.92,15,4.4,17.6,4,8,0,0,1,0
CLI07496,Plus,Mensal,Pix,Indicação,49,75.9,5,10.0,18.4,11,6,3,0,0,0
CLI07497,Essencial,Mensal,Cartão,Mídia paga,24,47.4,5,2.4,26.0,6,8,1,0,0,0
CLI07498,Plus,Anual,Débito automático,Indicação,17,71.91,10,3.4,50.3,13,9,1,0,0,0
CLI07499,Plus,Mensal,Cartão,Busca orgânica,20,79.9,0,6.0,18.2,5,9,1,0,0,0
CLI07500,Essencial,Anual,Débito automático,Mídia paga,12,44.91,10,5.3,55.4,5,3,4,0,1,1
CLI07501,Plus,Anual,Pix,Indicação,22,75.9,5,3.7,10.3,2,7,1,0,1,0
CLI07502,Plus,Mensal,Débito automático,Parceiro,42,67.92,15,5.8,31.3,7,5,1,0,0,0
CLI07503,Essencial,Mensal,Pix,Mídia paga,71,49.9,0,12.2,15.0,5,5,2,0,1,0
CLI07504,Essencial,Anual,Pix,Busca orgânica,33,44.91,10,3.4,25.1,5,9,1,0,0,0
CLI07505,Plus,Anual,Cartão,Busca orgânica,42,79.9,0,2.1,13.3,5,7,0,1,0,0
CLI07506,Plus,Mensal,Débito automático,Mídia paga,24,71.91,10,2.0,56.5,12,4,3,0,0,1
CLI07507,Premium,Anual,Cartão,Busca orgânica,53,107.91,10,11.3,6.7,5,8,1,1,0,0
CLI07508,Premium,Mensal,Pix,Parceiro,15,101.92,15,3.0,18.5,6,9,2,0,0,0
CLI07509,Plus,Mensal,Débito automático,Indicação,10,67.92,15,4.3,46.9,18,8,0,0,1,1
CLI07510,Plus,Anual,Pix,Busca orgânica,23,75.9,5,2.5,68.5,10,7,1,0,0,0
CLI07511,Plus,Mensal,Cartão,Busca orgânica,36,71.91,10,2.1,11.9,3,5,1,0,1,0
CLI07512,Plus,Mensal,Cartão,Indicação,9,79.9,0,9.3,43.4,6,6,1,2,0,0
CLI07513,Essencial,Mensal,Pix,Busca orgânica,79,39.92,20,0.6,9.6,4,10,1,0,0,0
CLI07514,Plus,Anual,Cartão,Busca orgânica,13,71.91,10,9.7,9.1,4,7,0,0,1,0
CLI07515,Plus,Mensal,Cartão,Busca orgânica,19,79.9,0,1.2,7.9,4,6,3,0,1,0
CLI07516,Plus,Mensal,Cartão,Indicação,36,67.92,15,4.1,9.4,2,7,0,1,0,0
CLI07517,Premium,Mensal,Cartão,Busca orgânica,32,107.91,10,6.6,24.7,4,9,1,1,0,0
CLI07518,Plus,Mensal,Cartão,Indicação,54,71.91,10,6.3,8.2,4,9,0,1,0,0
CLI07519,Essencial,Anual,Pix,Indicação,43,49.9,0,2.3,29.0,11,4,1,0,1,0
CLI07520,Essencial,Mensal,Pix,Indicação,13,49.9,0,2.8,21.6,8,9,0,0,0,0
CLI07521,Essencial,Mensal,Pix,Parceiro,19,44.91,10,4.1,46.4,2,7,0,1,0,0
CLI07522,Essencial,Anual,Cartão,Indicação,38,49.9,0,8.8,38.4,12,7,1,0,0,0
CLI07523,Plus,Mensal,Boleto,Indicação,24,71.91,10,5.7,28.3,8,5,2,2,0,0
CLI07524,Essencial,Mensal,Pix,Parceiro,13,44.91,10,7.6,37.3,7,8,1,0,0,0
CLI07525,Essencial,Anual,Débito automático,Mídia paga,4,49.9,0,4.4,41.3,8,5,2,0,0,1
CLI07526,Essencial,Anual,Pix,Busca orgânica,62,47.4,5,7.5,32.4,5,3,0,0,1,0
CLI07527,Plus,Mensal,Cartão,Mídia paga,19,67.92,15,1.5,33.9,8,4,1,0,0,0
CLI07528,Plus,Anual,Débito automático,Mídia paga,38,71.91,10,2.5,14.7,5,9,2,0,0,0
CLI07529,Essencial,Mensal,Cartão,Mídia paga,14,49.9,0,2.9,1.9,1,7,1,0,0,0
CLI07530,Essencial,Anual,Boleto,Mídia paga,33,47.4,5,2.6,38.6,10,3,2,1,1,0
CLI07531,Essencial,Mensal,Pix,Mídia paga,5,47.4,5,3.9,20.5,6,7,0,0,0,0
CLI07532,Essencial,Anual,Cartão,Parceiro,13,49.9,0,2.2,15.4,7,6,0,0,0,0
CLI07533,Essencial,Mensal,Cartão,Busca orgânica,21,49.9,0,3.3,10.6,1,8,0,0,0,0
CLI07534,Essencial,Anual,Débito automático,Mídia paga,15,49.9,0,2.6,9.1,5,9,2,0,0,0
CLI07535,Essencial,Anual,Cartão,Indicação,17,49.9,0,3.5,9.9,4,7,0,0,0,0
CLI07536,Premium,Anual,Cartão,Mídia paga,44,119.9,0,4.0,40.5,5,6,1,1,1,1
CLI07537,Plus,Anual,Boleto,Parceiro,19,63.92,20,4.9,32.5,11,7,3,0,1,0
CLI07538,Premium,Mensal,Cartão,Indicação,11,107.91,10,6.6,17.4,6,9,0,1,0,0
CLI07539,Essencial,Mensal,Cartão,Busca orgânica,19,49.9,0,1.7,59.4,7,5,3,1,0,0
CLI07540,Essencial,Mensal,Cartão,Mídia paga,4,49.9,0,0.8,22.0,6,5,1,2,0,1
CLI07541,Premium,Mensal,Pix,Mídia paga,22,119.9,0,9.9,28.5,8,5,1,0,0,0
CLI07542,Essencial,Anual,Pix,Mídia paga,20,49.9,0,7.8,26.1,8,5,2,0,0,1
CLI07543,Plus,Anual,Pix,Parceiro,21,67.92,15,3.5,29.1,9,5,0,0,0,0
CLI07544,Premium,Mensal,Boleto,Indicação,8,113.9,5,10.6,62.4,12,6,1,1,0,0
CLI07545,Plus,Mensal,Cartão,Mídia paga,30,63.92,20,4.6,8.0,4,8,0,0,1,0
CLI07546,Essencial,Anual,Cartão,Mídia paga,23,49.9,0,4.6,70.6,12,5,2,1,0,0
CLI07547,Plus,Mensal,Cartão,Indicação,61,79.9,0,7.7,63.4,12,4,0,0,0,0
CLI07548,Essencial,Mensal,Cartão,Indicação,47,42.42,15,6.1,61.3,10,9,0,0,0,0
CLI07549,Essencial,Mensal,Cartão,Mídia paga,14,44.91,10,3.3,16.9,6,8,0,1,0,0
CLI07550,Essencial,Mensal,Cartão,Mídia paga,13,44.91,10,1.3,40.8,7,10,0,2,1,0
CLI07551,Premium,Anual,Débito automático,Mídia paga,47,119.9,0,5.2,7.5,5,6,0,0,1,0
CLI07552,Plus,Mensal,Cartão,Busca orgânica,12,79.9,0,7.8,0.2,5,8,1,3,0,0
CLI07553,Essencial,Mensal,Boleto,Mídia paga,13,49.9,0,3.3,14.1,6,7,2,0,0,0
CLI07554,Essencial,Mensal,Boleto,Busca orgânica,32,49.9,0,0.7,52.5,6,7,0,2,0,1
CLI07555,Plus,Mensal,Pix,Indicação,17,71.91,10,9.5,46.2,15,5,3,1,0,1
CLI07556,Premium,Mensal,Débito automático,Mídia paga,32,107.91,10,0.9,30.5,5,10,0,0,0,0
CLI07557,Essencial,Mensal,Débito automático,Mídia paga,6,39.92,20,2.2,75.0,17,4,2,0,0,1
CLI07558,Essencial,Anual,Cartão,Mídia paga,19,49.9,0,1.5,27.0,9,5,1,4,0,1
CLI07559,Premium,Anual,Pix,Busca orgânica,51,119.9,0,1.8,22.3,11,5,1,0,1,0
CLI07560,Premium,Mensal,Cartão,Mídia paga,13,101.92,15,16.4,20.2,6,9,1,0,0,0
CLI07561,Premium,Mensal,Pix,Parceiro,17,119.9,0,6.5,17.0,8,7,0,0,0,0
CLI07562,Essencial,Anual,Débito automático,Busca orgânica,21,47.4,5,2.9,7.2,6,8,2,0,0,0
CLI07563,Essencial,Mensal,Pix,Busca orgânica,18,49.9,0,3.6,38.2,5,8,1,2,0,0
CLI07564,Essencial,Mensal,Cartão,Parceiro,6,49.9,0,2.2,11.4,2,7,1,0,0,0
CLI07565,Essencial,Mensal,Débito automático,Busca orgânica,48,49.9,0,0.5,8.1,4,8,0,0,1,0
CLI07566,Premium,Mensal,Boleto,Mídia paga,22,119.9,0,13.3,68.6,8,6,0,0,1,1
CLI07567,Essencial,Anual,Cartão,Mídia paga,34,44.91,10,1.5,20.4,3,8,0,0,0,1
CLI07568,Plus,Mensal,Cartão,Busca orgânica,53,71.91,10,7.4,15.6,2,8,1,0,1,0
CLI07569,Premium,Anual,Cartão,Mídia paga,17,119.9,0,2.5,0.3,4,8,0,2,0,0
CLI07570,Premium,Anual,Boleto,Indicação,31,119.9,0,9.9,29.4,0,7,3,0,0,0
CLI07571,Plus,Anual,Pix,Indicação,1,75.9,5,0.5,62.4,10,7,0,1,0,0
CLI07572,Premium,Anual,Cartão,Indicação,3,113.9,5,6.9,19.9,3,10,1,0,0,0
CLI07573,Essencial,Anual,Pix,Mídia paga,25,44.91,10,7.7,52.2,8,7,0,0,0,0
CLI07574,Essencial,Mensal,Pix,Busca orgânica,7,49.9,0,3.9,31.8,9,8,0,0,0,0
CLI07575,Essencial,Anual,Cartão,Mídia paga,34,47.4,5,1.1,20.8,9,7,0,0,1,0
CLI07576,Premium,Mensal,Débito automático,Indicação,39,107.91,10,6.2,17.4,6,8,0,1,1,0
CLI07577,Premium,Anual,Débito automático,Busca orgânica,15,119.9,0,0.8,12.6,4,9,1,0,0,0
CLI07578,Essencial,Mensal,Cartão,Busca orgânica,37,39.92,20,2.0,10.0,7,5,0,1,1,0
CLI07579,Essencial,Mensal,Boleto,Busca orgânica,20,39.92,20,7.3,22.3,1,6,1,1,0,0
CLI07580,Essencial,Mensal,Cartão,Busca orgânica,59,49.9,0,3.8,11.8,3,7,0,0,0,0
CLI07581,Essencial,Mensal,Cartão,Busca orgânica,9,44.91,10,3.6,13.6,3,8,0,0,0,0
CLI07582,Premium,Mensal,Cartão,Indicação,22,119.9,0,13.3,1.9,6,9,0,0,1,0
CLI07583,Essencial,Mensal,Cartão,Busca orgânica,29,42.42,15,2.2,4.0,5,5,1,1,0,0
CLI07584,Plus,Mensal,Pix,Mídia paga,42,79.9,0,3.8,20.1,6,9,1,0,0,0
CLI07585,Plus,Mensal,Cartão,Indicação,40,79.9,0,3.1,3.0,2,6,2,2,1,0
CLI07586,Essencial,Mensal,Cartão,Busca orgânica,18,44.91,10,1.7,3.8,1,7,0,0,0,0
CLI07587,Essencial,Mensal,Boleto,Busca orgânica,20,49.9,0,2.0,19.3,4,6,1,0,0,0
CLI07588,Premium,Mensal,Cartão,Parceiro,13,95.92,20,8.7,27.5,9,9,1,0,0,0
CLI07589,Plus,Mensal,Cartão,Mídia paga,54,67.92,15,7.0,10.2,4,8,0,1,1,0
CLI07590,Essencial,Mensal,Cartão,Parceiro,70,42.42,15,0.9,28.2,5,7,1,0,1,0
CLI07591,Essencial,Mensal,Débito automático,Busca orgânica,5,49.9,0,7.2,6.6,4,8,0,0,0,0
CLI07592,Premium,Anual,Cartão,Mídia paga,47,119.9,0,12.0,37.9,10,3,1,0,1,1
CLI07593,Premium,Mensal,Cartão,Indicação,39,101.92,15,5.7,14.2,3,7,1,1,0,0
CLI07594,Plus,Mensal,Débito automático,Mídia paga,2,75.9,5,3.3,72.6,14,4,1,0,1,1
CLI07595,Plus,Mensal,Cartão,Busca orgânica,44,71.91,10,2.9,31.4,12,6,0,0,0,0
CLI07596,Premium,Anual,Débito automático,Mídia paga,60,107.91,10,5.6,32.7,8,5,2,0,1,0
CLI07597,Essencial,Mensal,Pix,Mídia paga,42,42.42,15,3.2,26.6,8,8,0,1,0,0
CLI07598,Plus,Mensal,Débito automático,Mídia paga,12,71.91,10,2.7,38.6,10,7,2,0,0,1
CLI07599,Essencial,Mensal,Cartão,Indicação,78,44.91,10,1.9,29.3,7,5,0,0,0,0
CLI07600,Plus,Mensal,Boleto,Mídia paga,49,71.91,10,2.2,31.1,3,4,0,2,1,0
CLI07601,Premium,Mensal,Cartão,Mídia paga,13,107.91,10,25.3,77.2,9,7,0,0,1,1
CLI07602,Premium,Anual,Cartão,Indicação,35,113.9,5,4.9,9.3,5,7,1,0,0,0
CLI07603,Plus,Anual,Débito automático,Indicação,33,75.9,5,14.2,22.9,3,7,2,0,0,0
CLI07604,Plus,Mensal,Cartão,Mídia paga,9,63.92,20,3.4,38.3,5,9,0,1,0,0
CLI07605,Premium,Mensal,Cartão,Busca orgânica,27,107.91,10,4.4,18.8,5,8,1,0,0,0
CLI07606,Premium,Mensal,Pix,Indicação,32,101.92,15,4.7,15.2,4,9,0,0,0,0
CLI07607,Plus,Anual,Cartão,Parceiro,17,71.91,10,5.9,55.6,8,8,1,0,1,0
CLI07608,Essencial,Anual,Cartão,Parceiro,65,49.9,0,4.8,36.8,12,5,2,0,1,0
CLI07609,Essencial,Mensal,Pix,Busca orgânica,21,42.42,15,6.8,26.0,7,7,0,0,0,0
CLI07610,Premium,Mensal,Cartão,Parceiro,37,119.9,0,4.8,37.4,8,5,2,1,0,1
CLI07611,Plus,Mensal,Pix,Mídia paga,26,79.9,0,7.4,51.3,13,9,1,0,0,1
CLI07612,Plus,Anual,Débito automático,Mídia paga,14,79.9,0,2.4,4.0,3,9,0,0,0,0
CLI07613,Plus,Mensal,Cartão,Mídia paga,31,71.91,10,10.9,13.6,10,9,1,0,0,0
CLI07614,Essencial,Mensal,Cartão,Parceiro,24,44.91,10,1.3,34.4,6,4,1,2,0,1
CLI07615,Essencial,Mensal,Cartão,Mídia paga,77,47.4,5,1.4,30.7,11,9,0,1,0,0
CLI07616,Plus,Mensal,Cartão,Busca orgânica,47,71.91,10,4.5,7.3,5,8,1,1,1,0
CLI07617,Essencial,Anual,Cartão,Indicação,7,42.42,15,3.8,13.9,8,7,2,0,0,0
CLI07618,Plus,Mensal,Pix,Busca orgânica,14,79.9,0,3.5,31.9,8,8,1,1,0,0
CLI07619,Plus,Mensal,Cartão,Indicação,12,71.91,10,5.0,23.9,6,10,0,1,0,0
CLI07620,Premium,Anual,Débito automático,Indicação,2,113.9,5,6.4,43.0,6,6,2,0,0,0
CLI07621,Essencial,Mensal,Cartão,Busca orgânica,39,42.42,15,2.0,84.6,13,5,3,1,0,1
CLI07622,Plus,Anual,Cartão,Busca orgânica,34,79.9,0,6.3,21.3,4,8,2,0,1,0
CLI07623,Essencial,Anual,Cartão,Indicação,10,49.9,0,4.0,3.7,5,8,0,0,0,0
CLI07624,Essencial,Mensal,Cartão,Mídia paga,11,49.9,0,4.7,5.6,5,8,2,0,0,0
CLI07625,Essencial,Mensal,Débito automático,Indicação,4,49.9,0,7.5,51.3,7,5,1,0,0,0
CLI07626,Essencial,Mensal,Débito automático,Mídia paga,13,44.91,10,8.9,42.5,10,8,0,1,0,0
CLI07627,Premium,Anual,Boleto,Mídia paga,33,107.91,10,8.7,26.8,7,9,1,0,0,0
CLI07628,Premium,Anual,Cartão,Parceiro,83,113.9,5,6.6,29.8,4,8,0,0,0,0
CLI07629,Essencial,Mensal,Cartão,Busca orgânica,7,42.42,15,4.8,20.3,3,8,0,1,0,0
CLI07630,Premium,Anual,Débito automático,Indicação,31,107.91,10,8.2,39.5,9,9,1,1,0,0
CLI07631,Plus,Anual,Débito automático,Mídia paga,90,71.91,10,1.5,6.7,3,9,0,0,1,0
CLI07632,Plus,Anual,Cartão,Mídia paga,22,79.9,0,1.4,54.7,9,5,0,0,1,0
CLI07633,Premium,Mensal,Cartão,Mídia paga,22,95.92,20,9.9,9.2,5,8,1,0,0,0
CLI07634,Plus,Mensal,Pix,Indicação,26,75.9,5,8.1,7.4,5,7,0,0,0,0
CLI07635,Essencial,Anual,Cartão,Busca orgânica,23,39.92,20,0.9,26.9,9,6,0,1,0,0
CLI07636,Essencial,Anual,Pix,Indicação,41,47.4,5,1.7,26.0,6,6,0,0,0,0
CLI07637,Plus,Anual,Cartão,Mídia paga,96,75.9,5,8.4,7.8,5,7,0,0,0,0
CLI07638,Premium,Anual,Boleto,Busca orgânica,14,107.91,10,6.0,8.0,2,7,2,1,0,0
CLI07639,Plus,Mensal,Pix,Indicação,8,71.91,10,5.3,45.2,9,7,1,0,0,0
CLI07640,Essencial,Anual,Débito automático,Mídia paga,11,49.9,0,0.8,0.3,9,7,0,0,0,0
CLI07641,Essencial,Mensal,Cartão,Busca orgânica,43,39.92,20,5.0,7.2,5,8,0,0,0,0
CLI07642,Premium,Mensal,Pix,Indicação,29,119.9,0,1.7,31.4,6,8,1,0,0,0
CLI07643,Essencial,Mensal,Débito automático,Indicação,48,49.9,0,5.0,55.8,13,7,2,1,0,0
CLI07644,Plus,Mensal,Cartão,Mídia paga,5,79.9,0,12.2,21.0,6,6,3,2,0,0
CLI07645,Plus,Mensal,Pix,Mídia paga,21,75.9,5,13.3,25.3,7,8,2,0,0,0
CLI07646,Essencial,Anual,Cartão,Busca orgânica,40,44.91,10,5.2,10.5,3,8,2,0,1,0
CLI07647,Essencial,Anual,Pix,Busca orgânica,5,42.42,15,0.9,49.2,5,6,1,0,0,1
CLI07648,Essencial,Mensal,Débito automático,Parceiro,31,47.4,5,4.8,7.2,1,7,1,0,0,0
CLI07649,Essencial,Mensal,Débito automático,Indicação,22,44.91,10,2.6,43.5,5,6,1,0,0,0
CLI07650,Plus,Mensal,Débito automático,Indicação,70,71.91,10,1.3,17.4,6,7,0,1,0,0
CLI07651,Plus,Mensal,Cartão,Mídia paga,7,75.9,5,5.4,22.5,2,8,1,0,0,0
CLI07652,Essencial,Mensal,Débito automático,Busca orgânica,50,47.4,5,6.7,66.5,11,7,0,0,0,0
CLI07653,Plus,Mensal,Pix,Parceiro,18,79.9,0,0.6,12.9,2,8,2,0,0,0
CLI07654,Essencial,Anual,Cartão,Mídia paga,5,44.91,10,1.9,55.2,11,5,0,0,0,0
CLI07655,Essencial,Mensal,Débito automático,Mídia paga,15,47.4,5,7.9,12.7,6,6,1,0,1,0
CLI07656,Plus,Anual,Cartão,Mídia paga,46,67.92,15,3.6,65.4,16,5,5,0,1,0
CLI07657,Plus,Anual,Cartão,Indicação,44,79.9,0,3.7,24.0,7,8,2,0,0,0
CLI07658,Plus,Mensal,Débito automático,Parceiro,37,79.9,0,2.8,27.1,5,8,1,0,1,0
CLI07659,Essencial,Mensal,Cartão,Busca orgânica,11,47.4,5,0.5,35.9,7,4,1,3,0,1
CLI07660,Plus,Mensal,Cartão,Indicação,71,75.9,5,1.3,6.9,2,7,2,0,1,0
CLI07661,Essencial,Mensal,Cartão,Indicação,25,49.9,0,6.1,28.4,3,5,2,0,0,0
CLI07662,Premium,Anual,Débito automático,Busca orgânica,21,107.91,10,3.6,13.3,5,8,1,1,1,0
CLI07663,Plus,Mensal,Cartão,Busca orgânica,25,79.9,0,3.8,8.8,3,7,0,0,1,0
CLI07664,Premium,Mensal,Cartão,Indicação,8,107.91,10,3.6,26.1,5,7,0,0,1,0
CLI07665,Essencial,Mensal,Cartão,Busca orgânica,5,47.4,5,2.2,76.5,16,4,2,1,0,1
CLI07666,Essencial,Mensal,Cartão,Parceiro,22,49.9,0,4.8,46.6,10,7,2,1,0,1
CLI07667,Plus,Anual,Cartão,Mídia paga,4,71.91,10,13.9,53.9,12,7,0,0,0,0
CLI07668,Essencial,Mensal,Débito automático,Busca orgânica,45,47.4,5,8.1,34.6,6,6,0,0,0,0
CLI07669,Plus,Anual,Débito automático,Indicação,63,71.91,10,5.1,18.4,5,9,0,1,0,0
CLI07670,Plus,Mensal,Débito automático,Mídia paga,96,71.91,10,8.5,23.8,7,9,0,0,0,0
CLI07671,Premium,Mensal,Débito automático,Mídia paga,14,107.91,10,13.5,13.3,4,10,0,0,0,0
CLI07672,Essencial,Mensal,Cartão,Indicação,44,49.9,0,6.2,39.2,9,6,0,0,0,0
CLI07673,Premium,Anual,Cartão,Parceiro,2,107.91,10,2.4,41.6,12,9,0,0,0,0
CLI07674,Essencial,Mensal,Pix,Busca orgânica,42,44.91,10,3.6,22.4,0,8,1,0,1,1
CLI07675,Plus,Anual,Cartão,Busca orgânica,23,67.92,15,7.1,15.6,5,6,0,0,1,0
CLI07676,Plus,Mensal,Pix,Busca orgânica,35,71.91,10,2.4,9.6,5,7,0,1,0,0
CLI07677,Essencial,Mensal,Cartão,Parceiro,57,49.9,0,1.4,14.7,6,6,0,0,0,0
CLI07678,Premium,Mensal,Débito automático,Mídia paga,19,113.9,5,7.9,63.9,9,6,1,0,0,1
CLI07679,Premium,Mensal,Cartão,Mídia paga,38,107.91,10,7.3,38.3,7,8,0,0,0,0
CLI07680,Premium,Mensal,Cartão,Busca orgânica,35,101.92,15,13.3,8.6,6,9,0,0,0,0
CLI07681,Premium,Mensal,Boleto,Busca orgânica,30,119.9,0,1.4,70.9,9,8,0,1,0,1
CLI07682,Plus,Anual,Cartão,Busca orgânica,13,79.9,0,11.1,2.2,4,6,0,0,0,0
CLI07683,Essencial,Mensal,Cartão,Busca orgânica,10,42.42,15,2.3,13.2,9,6,0,0,1,0
CLI07684,Premium,Mensal,Cartão,Mídia paga,19,107.91,10,2.1,1.7,7,8,0,0,1,0
CLI07685,Essencial,Mensal,Cartão,Mídia paga,45,47.4,5,4.7,60.7,7,6,0,1,0,1
CLI07686,Premium,Mensal,Pix,Busca orgânica,30,107.91,10,5.3,40.6,9,8,0,0,0,0
CLI07687,Plus,Mensal,Boleto,Parceiro,37,79.9,0,8.6,2.9,8,7,1,1,1,0
CLI07688,Plus,Mensal,Débito automático,Indicação,35,79.9,0,4.6,4.8,4,5,1,1,1,0
CLI07689,Essencial,Mensal,Débito automático,Indicação,96,47.4,5,1.3,21.3,10,7,0,0,0,0
CLI07690,Essencial,Mensal,Débito automático,Busca orgânica,42,49.9,0,1.1,40.3,10,7,0,2,0,0
CLI07691,Essencial,Mensal,Cartão,Parceiro,13,39.92,20,0.6,38.9,7,5,1,0,0,0
CLI07692,Essencial,Anual,Boleto,Indicação,23,39.92,20,4.1,22.1,4,6,3,0,1,0
CLI07693,Essencial,Anual,Pix,Indicação,48,44.91,10,0.9,50.8,13,8,0,0,1,0
CLI07694,Essencial,Mensal,Cartão,Busca orgânica,4,49.9,0,2.7,16.6,5,10,0,0,0,0
CLI07695,Essencial,Anual,Boleto,Parceiro,25,44.91,10,2.9,8.3,3,7,1,1,0,0
CLI07696,Plus,Mensal,Pix,Busca orgânica,18,67.92,15,5.8,41.7,7,8,0,1,0,0
CLI07697,Essencial,Anual,Cartão,Mídia paga,11,42.42,15,2.3,8.1,3,10,0,1,1,0
CLI07698,Premium,Mensal,Débito automático,Mídia paga,11,119.9,0,2.5,18.4,6,7,2,0,0,1
CLI07699,Essencial,Mensal,Cartão,Mídia paga,41,44.91,10,2.3,5.7,6,8,1,1,0,0
CLI07700,Plus,Mensal,Cartão,Indicação,45,79.9,0,4.6,13.0,5,10,0,0,0,0
CLI07701,Essencial,Mensal,Cartão,Indicação,19,44.91,10,6.5,7.3,7,7,2,0,0,0
CLI07702,Plus,Anual,Pix,Busca orgânica,20,79.9,0,11.2,5.2,5,8,2,0,0,0
CLI07703,Plus,Mensal,Cartão,Mídia paga,23,67.92,15,9.1,17.7,8,10,0,0,0,0
CLI07704,Plus,Mensal,Cartão,Mídia paga,2,71.91,10,5.5,4.7,7,8,1,1,1,0
CLI07705,Essencial,Mensal,Cartão,Indicação,78,49.9,0,2.3,8.7,2,7,0,0,0,0
CLI07706,Plus,Mensal,Cartão,Busca orgânica,39,75.9,5,5.0,72.2,9,3,3,1,1,1
CLI07707,Essencial,Anual,Pix,Indicação,48,47.4,5,5.0,28.7,8,5,2,0,0,0
CLI07708,Plus,Anual,Cartão,Busca orgânica,19,63.92,20,4.5,3.8,5,10,1,1,0,0
CLI07709,Essencial,Mensal,Cartão,Busca orgânica,39,47.4,5,4.2,7.2,7,7,1,1,0,0
CLI07710,Plus,Anual,Cartão,Parceiro,9,79.9,0,4.8,11.9,7,7,2,0,0,0
CLI07711,Essencial,Mensal,Cartão,Busca orgânica,38,44.91,10,2.2,60.7,7,6,1,0,0,0
CLI07712,Plus,Mensal,Pix,Indicação,26,67.92,15,4.4,23.4,6,9,0,0,0,0
CLI07713,Essencial,Mensal,Débito automático,Busca orgânica,9,47.4,5,1.3,86.0,10,6,0,0,1,1
CLI07714,Essencial,Mensal,Cartão,Parceiro,69,42.42,15,2.8,10.0,5,8,0,2,0,0
CLI07715,Essencial,Mensal,Cartão,Busca orgânica,40,49.9,0,4.5,54.9,8,8,0,0,0,0
CLI07716,Essencial,Mensal,Cartão,Mídia paga,96,49.9,0,4.7,25.5,5,7,1,1,0,0
CLI07717,Plus,Anual,Pix,Busca orgânica,12,67.92,15,13.3,61.9,8,3,2,0,0,0
CLI07718,Premium,Anual,Cartão,Mídia paga,22,113.9,5,5.2,8.9,12,7,0,0,0,0
CLI07719,Plus,Anual,Débito automático,Busca orgânica,41,63.92,20,3.7,5.9,4,9,2,0,0,0
CLI07720,Essencial,Mensal,Débito automático,Mídia paga,3,39.92,20,3.3,64.5,13,7,0,0,1,0
CLI07721,Essencial,Mensal,Cartão,Mídia paga,31,47.4,5,5.5,19.0,7,5,1,0,0,0
CLI07722,Premium,Anual,Cartão,Busca orgânica,41,107.91,10,15.3,29.9,12,9,0,1,0,0
CLI07723,Essencial,Mensal,Boleto,Mídia paga,11,44.91,10,7.5,58.2,20,4,0,0,0,1
CLI07724,Essencial,Mensal,Cartão,Indicação,26,49.9,0,1.6,26.9,4,6,3,1,1,0
CLI07725,Premium,Mensal,Pix,Busca orgânica,15,113.9,5,7.9,12.0,5,8,0,1,0,0
CLI07726,Essencial,Mensal,Pix,Busca orgânica,33,42.42,15,5.3,44.9,10,5,1,0,0,0
CLI07727,Essencial,Anual,Cartão,Mídia paga,38,47.4,5,11.9,11.4,2,9,0,1,1,0
CLI07728,Essencial,Mensal,Débito automático,Mídia paga,26,49.9,0,6.6,69.0,10,5,1,0,1,1
CLI07729,Plus,Mensal,Cartão,Mídia paga,45,79.9,0,2.7,14.4,2,8,1,0,1,0
CLI07730,Essencial,Anual,Cartão,Busca orgânica,9,47.4,5,8.8,34.0,7,8,0,0,0,0
CLI07731,Plus,Mensal,Pix,Indicação,46,75.9,5,4.2,8.1,4,7,1,0,1,0
CLI07732,Essencial,Mensal,Boleto,Parceiro,78,47.4,5,6.9,29.9,5,7,0,0,0,0
CLI07733,Essencial,Mensal,Cartão,Busca orgânica,10,44.91,10,7.6,51.4,10,5,0,1,1,0
CLI07734,Essencial,Anual,Pix,Indicação,9,39.92,20,4.6,2.1,3,6,2,0,0,0
CLI07735,Premium,Mensal,Cartão,Mídia paga,63,119.9,0,3.6,29.9,8,6,0,2,0,0
CLI07736,Essencial,Mensal,Pix,Parceiro,30,44.91,10,3.6,42.6,6,3,1,1,0,0
CLI07737,Plus,Mensal,Cartão,Busca orgânica,42,71.91,10,7.1,14.4,3,9,1,0,0,0
CLI07738,Essencial,Anual,Cartão,Busca orgânica,15,42.42,15,8.1,23.2,6,7,0,1,0,0
CLI07739,Essencial,Mensal,Boleto,Mídia paga,18,47.4,5,4.6,70.1,9,5,0,0,0,1
CLI07740,Essencial,Mensal,Débito automático,Indicação,55,47.4,5,5.7,39.1,9,9,1,1,0,0
CLI07741,Plus,Mensal,Cartão,Parceiro,20,79.9,0,5.5,39.9,14,7,0,2,0,1
CLI07742,Essencial,Anual,Boleto,Busca orgânica,17,44.91,10,6.1,27.8,6,9,1,0,1,0
CLI07743,Plus,Mensal,Cartão,Busca orgânica,5,79.9,0,2.8,19.1,2,10,1,3,0,0
CLI07744,Premium,Mensal,Débito automático,Indicação,18,113.9,5,11.7,7.6,3,9,0,0,0,0
CLI07745,Plus,Mensal,Débito automático,Indicação,10,75.9,5,2.1,27.1,12,6,0,0,0,0
CLI07746,Plus,Mensal,Débito automático,Indicação,11,67.92,15,3.5,23.2,5,3,1,0,1,0
CLI07747,Plus,Anual,Cartão,Busca orgânica,14,71.91,10,5.4,30.0,9,6,1,0,1,0
CLI07748,Plus,Mensal,Débito automático,Parceiro,48,75.9,5,7.0,31.1,4,7,0,2,0,1
CLI07749,Essencial,Mensal,Pix,Busca orgânica,4,49.9,0,6.3,3.9,1,6,1,0,1,0
CLI07750,Plus,Anual,Cartão,Busca orgânica,28,79.9,0,3.8,8.0,0,10,0,1,0,0
CLI07751,Premium,Mensal,Boleto,Busca orgânica,19,119.9,0,8.4,45.7,6,7,1,0,0,1
CLI07752,Essencial,Anual,Cartão,Busca orgânica,32,49.9,0,2.6,44.2,8,6,0,0,0,0
CLI07753,Premium,Mensal,Cartão,Mídia paga,35,119.9,0,5.0,62.0,11,9,0,1,0,0
CLI07754,Premium,Anual,Pix,Busca orgânica,14,95.92,20,5.6,35.9,4,7,3,0,0,0
CLI07755,Essencial,Mensal,Cartão,Busca orgânica,49,49.9,0,6.7,15.1,10,7,0,1,1,0
CLI07756,Premium,Anual,Débito automático,Mídia paga,80,107.91,10,10.4,13.3,5,7,0,0,0,0
CLI07757,Essencial,Mensal,Cartão,Busca orgânica,9,44.91,10,3.4,32.6,8,3,3,3,0,1
CLI07758,Essencial,Mensal,Cartão,Mídia paga,40,49.9,0,0.8,50.2,4,9,0,1,0,0
CLI07759,Essencial,Anual,Débito automático,Mídia paga,23,49.9,0,6.6,20.0,10,4,2,0,0,0
CLI07760,Plus,Mensal,Débito automático,Indicação,26,79.9,0,5.2,27.8,7,10,0,0,0,0
CLI07761,Essencial,Anual,Débito automático,Indicação,50,49.9,0,6.8,17.4,3,7,0,0,1,0
CLI07762,Premium,Mensal,Cartão,Busca orgânica,40,101.92,15,10.6,42.7,5,6,1,0,0,0
CLI07763,Essencial,Mensal,Cartão,Parceiro,20,39.92,20,1.8,8.4,6,9,2,1,0,0
CLI07764,Essencial,Anual,Débito automático,Mídia paga,54,42.42,15,4.1,14.7,9,8,0,0,1,0
CLI07765,Plus,Mensal,Boleto,Parceiro,24,79.9,0,1.7,32.3,8,4,1,1,1,0
CLI07766,Essencial,Anual,Pix,Mídia paga,14,49.9,0,7.8,6.2,4,8,1,0,0,0
CLI07767,Plus,Mensal,Pix,Parceiro,29,71.91,10,4.2,5.7,4,8,0,0,0,0
CLI07768,Essencial,Mensal,Cartão,Busca orgânica,59,49.9,0,4.0,5.1,3,9,0,1,0,0
CLI07769,Premium,Anual,Pix,Mídia paga,7,119.9,0,3.6,31.3,5,6,1,0,0,0
CLI07770,Plus,Mensal,Cartão,Busca orgânica,37,75.9,5,16.8,58.1,7,6,0,0,0,0
CLI07771,Essencial,Mensal,Cartão,Mídia paga,4,49.9,0,7.6,30.6,7,5,2,0,1,1
CLI07772,Essencial,Mensal,Cartão,Parceiro,42,49.9,0,4.3,23.5,10,7,0,1,1,0
CLI07773,Essencial,Mensal,Pix,Mídia paga,33,47.4,5,0.9,19.9,5,6,1,0,0,0
CLI07774,Premium,Mensal,Pix,Mídia paga,67,107.91,10,4.5,37.5,6,6,1,0,0,0
CLI07775,Plus,Mensal,Cartão,Parceiro,8,71.91,10,2.9,11.0,4,9,0,0,1,0
CLI07776,Essencial,Mensal,Boleto,Indicação,31,49.9,0,4.8,31.2,4,6,0,1,0,0
CLI07777,Essencial,Mensal,Cartão,Busca orgânica,13,49.9,0,3.1,38.4,5,6,1,2,1,1
CLI07778,Premium,Mensal,Débito automático,Mídia paga,19,119.9,0,11.0,12.9,7,8,0,1,0,0
CLI07779,Essencial,Mensal,Débito automático,Mídia paga,75,49.9,0,5.3,51.8,8,8,1,0,0,0
CLI07780,Plus,Mensal,Débito automático,Busca orgânica,32,71.91,10,3.4,7.7,5,9,1,0,0,0
CLI07781,Plus,Anual,Débito automático,Busca orgânica,37,79.9,0,4.1,29.1,7,4,0,1,0,0
CLI07782,Essencial,Anual,Débito automático,Indicação,19,49.9,0,4.5,26.2,6,7,2,1,1,1
CLI07783,Plus,Mensal,Cartão,Parceiro,25,71.91,10,5.9,11.0,3,4,0,0,0,0
CLI07784,Essencial,Mensal,Pix,Mídia paga,51,49.9,0,2.7,4.5,1,9,1,1,0,0
CLI07785,Essencial,Mensal,Débito automático,Mídia paga,67,47.4,5,8.8,12.3,6,7,1,0,1,0
CLI07786,Premium,Mensal,Cartão,Indicação,25,119.9,0,1.1,11.8,6,9,0,0,1,0
CLI07787,Plus,Mensal,Débito automático,Indicação,59,79.9,0,1.1,13.6,8,7,1,0,0,0
CLI07788,Premium,Anual,Cartão,Busca orgânica,25,119.9,0,8.2,20.1,5,7,1,0,0,0
CLI07789,Plus,Anual,Pix,Indicação,14,63.92,20,9.5,4.4,4,6,1,0,0,0
CLI07790,Essencial,Mensal,Cartão,Indicação,30,47.4,5,2.5,19.6,5,6,1,0,1,0
CLI07791,Plus,Mensal,Débito automático,Indicação,13,79.9,0,1.7,6.7,9,9,0,1,0,0
CLI07792,Plus,Anual,Cartão,Busca orgânica,31,71.91,10,1.3,18.7,6,5,0,1,0,0
CLI07793,Essencial,Anual,Cartão,Indicação,9,42.42,15,1.2,21.3,6,8,0,0,0,0
CLI07794,Essencial,Mensal,Cartão,Mídia paga,41,49.9,0,1.7,3.5,5,9,0,1,0,0
CLI07795,Plus,Anual,Débito automático,Mídia paga,10,75.9,5,1.7,8.1,4,8,1,0,1,0
CLI07796,Plus,Mensal,Boleto,Busca orgânica,14,75.9,5,14.4,45.3,15,6,1,1,1,0
CLI07797,Essencial,Anual,Cartão,Parceiro,16,44.91,10,0.5,26.6,7,8,0,0,0,0
CLI07798,Premium,Mensal,Cartão,Busca orgânica,10,119.9,0,6.3,18.7,5,7,0,1,0,1
CLI07799,Essencial,Mensal,Débito automático,Mídia paga,24,49.9,0,2.4,8.4,5,8,3,0,1,0
CLI07800,Essencial,Mensal,Pix,Indicação,2,47.4,5,3.7,57.5,16,7,2,1,0,1
CLI07801,Essencial,Mensal,Cartão,Busca orgânica,22,47.4,5,1.7,59.6,12,6,0,0,1,0
CLI07802,Plus,Mensal,Débito automático,Busca orgânica,1,71.91,10,4.8,15.7,5,7,0,0,0,0
CLI07803,Essencial,Mensal,Débito automático,Parceiro,32,44.91,10,1.0,26.7,7,6,1,0,0,0
CLI07804,Plus,Anual,Cartão,Parceiro,9,67.92,15,4.3,26.1,9,9,0,0,0,0
CLI07805,Essencial,Mensal,Pix,Busca orgânica,34,44.91,10,5.5,73.2,10,4,1,1,1,0
CLI07806,Plus,Anual,Cartão,Mídia paga,57,63.92,20,9.0,22.8,8,4,1,0,1,0
CLI07807,Plus,Mensal,Boleto,Indicação,17,71.91,10,8.9,26.7,3,7,0,0,0,0
CLI07808,Essencial,Anual,Débito automático,Mídia paga,27,44.91,10,6.5,1.1,6,6,1,1,0,0
CLI07809,Premium,Mensal,Pix,Indicação,7,101.92,15,1.8,3.5,2,8,2,0,0,0
CLI07810,Essencial,Mensal,Boleto,Mídia paga,34,47.4,5,1.7,17.2,7,9,0,1,1,0
CLI07811,Essencial,Mensal,Cartão,Indicação,39,49.9,0,2.9,46.6,6,5,1,1,1,1
CLI07812,Plus,Anual,Débito automático,Mídia paga,6,67.92,15,12.1,10.4,4,7,0,0,1,0
CLI07813,Plus,Mensal,Débito automático,Busca orgânica,40,79.9,0,7.7,22.1,7,9,0,0,0,0
CLI07814,Essencial,Mensal,Débito automático,Mídia paga,89,49.9,0,0.5,29.8,2,9,0,0,0,0
CLI07815,Plus,Anual,Débito automático,Indicação,20,71.91,10,9.9,6.7,2,9,2,0,1,0
CLI07816,Essencial,Mensal,Cartão,Busca orgânica,17,49.9,0,4.6,22.0,6,7,1,0,1,0
CLI07817,Plus,Mensal,Cartão,Busca orgânica,49,79.9,0,7.2,49.2,9,7,0,2,0,0
CLI07818,Plus,Mensal,Cartão,Indicação,16,67.92,15,7.0,11.5,4,7,1,2,0,0
CLI07819,Premium,Anual,Débito automático,Busca orgânica,8,119.9,0,5.0,6.1,2,7,2,0,0,0
CLI07820,Essencial,Anual,Cartão,Indicação,23,47.4,5,0.8,8.5,2,5,3,1,0,0
CLI07821,Plus,Anual,Pix,Busca orgânica,43,79.9,0,9.3,27.3,3,8,0,0,0,0
CLI07822,Plus,Mensal,Cartão,Busca orgânica,24,79.9,0,2.0,16.6,7,6,2,1,0,1
CLI07823,Essencial,Mensal,Pix,Busca orgânica,20,44.91,10,2.5,12.0,8,7,0,0,0,0
CLI07824,Essencial,Anual,Cartão,Busca orgânica,36,42.42,15,4.0,9.3,8,10,0,0,0,0
CLI07825,Premium,Mensal,Pix,Indicação,12,113.9,5,3.5,11.5,2,9,0,0,0,0
CLI07826,Essencial,Mensal,Cartão,Busca orgânica,27,47.4,5,1.7,33.0,7,7,0,0,0,0
CLI07827,Plus,Anual,Cartão,Mídia paga,4,71.91,10,2.6,22.6,5,8,1,2,1,0
CLI07828,Essencial,Mensal,Cartão,Mídia paga,34,49.9,0,5.0,11.6,2,8,1,0,0,0
CLI07829,Plus,Mensal,Boleto,Indicação,52,71.91,10,3.0,50.9,9,6,1,0,0,0
CLI07830,Essencial,Anual,Pix,Indicação,65,39.92,20,1.4,7.3,6,7,1,0,1,1
CLI07831,Premium,Anual,Pix,Mídia paga,46,119.9,0,5.6,29.9,5,7,2,0,0,0
CLI07832,Plus,Anual,Boleto,Busca orgânica,39,79.9,0,6.5,31.5,7,8,0,0,0,0
CLI07833,Essencial,Mensal,Pix,Busca orgânica,23,49.9,0,4.3,31.8,7,6,0,0,0,0
CLI07834,Plus,Mensal,Pix,Indicação,41,79.9,0,1.1,44.4,13,5,1,1,0,0
CLI07835,Plus,Anual,Pix,Parceiro,26,71.91,10,7.9,36.9,8,6,0,0,0,0
CLI07836,Essencial,Anual,Cartão,Busca orgânica,9,49.9,0,1.2,33.0,7,8,1,0,0,1
CLI07837,Essencial,Anual,Cartão,Indicação,53,49.9,0,2.3,8.4,6,7,1,1,1,0
CLI07838,Plus,Mensal,Débito automático,Busca orgânica,4,75.9,5,5.8,53.4,12,7,1,0,0,0
CLI07839,Plus,Mensal,Cartão,Busca orgânica,17,71.91,10,3.1,30.6,9,4,2,0,1,1
CLI07840,Essencial,Mensal,Cartão,Indicação,14,49.9,0,10.2,28.3,8,5,0,1,0,0
CLI07841,Premium,Mensal,Débito automático,Parceiro,26,113.9,5,3.5,22.7,6,8,1,0,0,0
CLI07842,Essencial,Anual,Cartão,Busca orgânica,45,44.91,10,2.7,39.8,7,7,1,2,0,0
CLI07843,Essencial,Anual,Pix,Mídia paga,38,49.9,0,6.6,16.6,7,9,1,0,1,0
CLI07844,Plus,Mensal,Débito automático,Parceiro,5,79.9,0,4.3,18.3,6,9,0,1,0,0
CLI07845,Essencial,Anual,Cartão,Indicação,9,47.4,5,8.7,16.0,8,8,1,0,0,0
CLI07846,Essencial,Mensal,Cartão,Indicação,39,49.9,0,3.5,19.6,8,10,0,0,0,0
CLI07847,Plus,Anual,Cartão,Busca orgânica,96,63.92,20,2.1,29.6,5,4,1,1,0,0
CLI07848,Essencial,Mensal,Débito automático,Mídia paga,16,49.9,0,8.8,39.3,6,6,1,1,0,0
CLI07849,Essencial,Anual,Débito automático,Busca orgânica,8,49.9,0,4.2,10.1,9,9,0,0,1,0
CLI07850,Plus,Anual,Débito automático,Busca orgânica,19,79.9,0,5.9,3.8,4,8,1,0,0,0
CLI07851,Plus,Mensal,Cartão,Indicação,7,79.9,0,6.3,25.8,7,8,1,1,0,0
CLI07852,Premium,Anual,Cartão,Indicação,22,119.9,0,28.0,6.2,5,10,0,1,0,0
CLI07853,Plus,Mensal,Pix,Busca orgânica,27,75.9,5,3.4,19.5,7,7,1,0,0,0
CLI07854,Plus,Anual,Débito automático,Indicação,51,79.9,0,7.4,0.3,2,8,0,0,1,0
CLI07855,Essencial,Mensal,Cartão,Mídia paga,36,47.4,5,2.0,41.4,12,4,1,2,1,1
CLI07856,Plus,Mensal,Cartão,Parceiro,43,79.9,0,4.5,36.7,10,7,1,1,0,0
CLI07857,Essencial,Anual,Cartão,Parceiro,22,49.9,0,3.1,21.4,11,6,0,1,1,0
CLI07858,Essencial,Anual,Cartão,Busca orgânica,76,44.91,10,4.8,15.2,2,7,1,0,1,0
CLI07859,Premium,Anual,Débito automático,Busca orgânica,7,119.9,0,3.0,10.8,3,10,1,1,0,0
CLI07860,Plus,Mensal,Boleto,Busca orgânica,22,75.9,5,7.9,33.0,8,5,1,3,0,0
CLI07861,Plus,Mensal,Cartão,Indicação,22,71.91,10,1.3,16.0,4,7,2,1,0,0
CLI07862,Essencial,Mensal,Pix,Parceiro,14,42.42,15,5.7,13.8,5,9,0,0,0,0
CLI07863,Essencial,Anual,Cartão,Mídia paga,58,42.42,15,0.8,32.3,6,7,0,0,0,0
CLI07864,Plus,Anual,Cartão,Busca orgânica,2,79.9,0,3.3,54.7,9,6,1,0,0,1
CLI07865,Plus,Anual,Cartão,Mídia paga,10,79.9,0,6.3,31.1,7,7,1,0,1,0
CLI07866,Plus,Mensal,Cartão,Busca orgânica,27,75.9,5,6.9,72.1,16,3,0,1,0,0
CLI07867,Essencial,Anual,Cartão,Mídia paga,20,42.42,15,4.0,25.6,5,9,0,0,0,0
CLI07868,Essencial,Mensal,Débito automático,Busca orgânica,23,44.91,10,5.8,30.2,10,9,0,0,1,0
CLI07869,Plus,Anual,Pix,Mídia paga,11,75.9,5,4.6,35.5,7,8,1,0,0,0
CLI07870,Plus,Mensal,Pix,Parceiro,16,71.91,10,3.5,7.3,5,5,1,0,0,0
CLI07871,Essencial,Mensal,Pix,Busca orgânica,50,49.9,0,3.4,16.0,5,8,0,2,0,0
CLI07872,Essencial,Mensal,Cartão,Mídia paga,38,49.9,0,1.8,19.7,3,8,2,0,1,0
CLI07873,Essencial,Anual,Cartão,Indicação,24,42.42,15,4.7,46.0,11,7,2,1,1,0
CLI07874,Essencial,Mensal,Cartão,Mídia paga,42,39.92,20,3.8,49.3,7,5,2,1,1,1
CLI07875,Plus,Mensal,Cartão,Busca orgânica,48,71.91,10,8.2,12.6,4,8,1,0,0,0
CLI07876,Essencial,Anual,Cartão,Parceiro,85,49.9,0,1.9,27.0,10,8,1,1,0,0
CLI07877,Plus,Anual,Boleto,Parceiro,40,79.9,0,4.8,38.5,4,3,2,0,1,0
CLI07878,Plus,Mensal,Boleto,Busca orgânica,47,79.9,0,3.8,74.2,7,5,0,2,0,0
CLI07879,Premium,Mensal,Débito automático,Indicação,13,119.9,0,1.9,5.7,4,7,2,0,0,0
CLI07880,Premium,Anual,Pix,Mídia paga,34,119.9,0,3.7,5.3,7,7,2,0,0,0
CLI07881,Essencial,Mensal,Débito automático,Busca orgânica,26,49.9,0,3.4,7.4,4,6,2,0,0,0
CLI07882,Essencial,Mensal,Pix,Busca orgânica,48,49.9,0,1.7,9.1,6,9,0,0,1,0
CLI07883,Essencial,Mensal,Pix,Busca orgânica,46,42.42,15,0.2,16.8,3,7,0,1,1,0
CLI07884,Plus,Mensal,Cartão,Busca orgânica,45,79.9,0,2.8,56.1,10,7,0,1,0,1
CLI07885,Essencial,Mensal,Boleto,Busca orgânica,56,49.9,0,3.9,32.7,6,8,1,2,0,0
CLI07886,Essencial,Mensal,Débito automático,Busca orgânica,36,47.4,5,3.4,21.3,4,7,1,0,0,0
CLI07887,Essencial,Mensal,Cartão,Indicação,14,44.91,10,13.7,35.1,4,7,0,0,0,0
CLI07888,Essencial,Anual,Pix,Indicação,38,47.4,5,3.6,3.5,4,5,0,0,1,0
CLI07889,Plus,Mensal,Débito automático,Mídia paga,47,71.91,10,2.6,38.4,9,5,2,0,0,0
CLI07890,Plus,Mensal,Boleto,Busca orgânica,48,71.91,10,7.5,65.1,10,6,1,0,0,0
CLI07891,Plus,Mensal,Cartão,Busca orgânica,18,79.9,0,7.2,10.6,4,9,0,2,0,0
CLI07892,Premium,Anual,Pix,Parceiro,4,107.91,10,6.5,0.1,2,7,1,1,0,0
CLI07893,Essencial,Anual,Cartão,Parceiro,63,49.9,0,0.7,29.2,9,4,5,0,0,0
CLI07894,Essencial,Mensal,Cartão,Indicação,17,44.91,10,3.4,7.4,4,7,2,1,1,0
CLI07895,Essencial,Anual,Cartão,Mídia paga,22,42.42,15,4.7,12.2,3,8,1,0,0,0
CLI07896,Plus,Anual,Cartão,Busca orgânica,19,79.9,0,8.3,36.9,9,7,2,0,0,0
CLI07897,Plus,Anual,Cartão,Mídia paga,29,79.9,0,4.2,20.2,3,6,1,2,0,0
CLI07898,Essencial,Mensal,Pix,Indicação,20,39.92,20,3.6,50.4,11,8,2,1,0,0
CLI07899,Premium,Mensal,Débito automático,Indicação,27,95.92,20,1.9,24.5,4,8,3,0,0,0
CLI07900,Essencial,Mensal,Pix,Parceiro,13,47.4,5,6.2,12.4,4,7,0,0,0,0
CLI07901,Essencial,Mensal,Cartão,Mídia paga,58,49.9,0,2.9,8.0,5,9,0,0,0,0
CLI07902,Plus,Mensal,Cartão,Busca orgânica,37,71.91,10,4.6,28.9,14,9,0,0,0,0
CLI07903,Premium,Anual,Débito automático,Parceiro,27,113.9,5,13.3,45.0,6,5,2,0,1,0
CLI07904,Plus,Mensal,Pix,Busca orgânica,3,79.9,0,4.2,20.0,5,6,1,0,0,0
CLI07905,Premium,Mensal,Pix,Indicação,11,107.91,10,7.2,59.3,12,6,0,1,0,0
CLI07906,Essencial,Anual,Cartão,Busca orgânica,42,49.9,0,2.1,37.0,8,5,0,0,1,0
CLI07907,Plus,Mensal,Cartão,Mídia paga,13,71.91,10,8.6,70.8,9,4,0,0,1,0
CLI07908,Premium,Mensal,Boleto,Mídia paga,35,107.91,10,12.9,13.7,6,8,0,1,1,0
CLI07909,Plus,Anual,Cartão,Busca orgânica,20,79.9,0,1.5,55.3,17,6,2,1,0,0
CLI07910,Essencial,Mensal,Cartão,Busca orgânica,27,47.4,5,4.6,24.0,5,7,0,0,0,0
CLI07911,Premium,Mensal,Cartão,Busca orgânica,21,113.9,5,3.0,18.2,7,9,2,0,0,0
CLI07912,Essencial,Mensal,Pix,Busca orgânica,22,47.4,5,6.3,37.8,12,6,2,2,1,1
CLI07913,Essencial,Mensal,Débito automático,Indicação,41,47.4,5,3.6,14.3,4,9,0,0,0,0
CLI07914,Premium,Anual,Débito automático,Indicação,42,107.91,10,8.1,12.7,0,8,1,1,0,0
CLI07915,Premium,Mensal,Débito automático,Mídia paga,29,113.9,5,11.6,20.9,3,8,1,0,0,0
CLI07916,Premium,Anual,Cartão,Mídia paga,43,119.9,0,2.9,12.7,4,7,1,0,0,0
CLI07917,Premium,Mensal,Cartão,Busca orgânica,8,107.91,10,6.1,19.6,2,8,0,0,1,1
CLI07918,Essencial,Anual,Boleto,Busca orgânica,25,49.9,0,1.3,7.6,0,10,0,0,0,0
CLI07919,Premium,Mensal,Cartão,Mídia paga,18,119.9,0,10.6,80.5,8,6,1,0,0,0
CLI07920,Essencial,Anual,Débito automático,Indicação,18,39.92,20,1.2,39.4,10,7,2,0,0,0
CLI07921,Plus,Mensal,Pix,Mídia paga,16,71.91,10,3.7,18.3,8,7,1,0,0,0
CLI07922,Essencial,Anual,Cartão,Busca orgânica,53,49.9,0,2.2,15.4,2,8,0,1,1,0
CLI07923,Plus,Anual,Boleto,Busca orgânica,11,79.9,0,10.1,53.3,9,6,0,3,1,1
CLI07924,Plus,Mensal,Cartão,Indicação,16,75.9,5,11.4,82.9,10,3,0,1,1,1
CLI07925,Premium,Mensal,Pix,Parceiro,29,107.91,10,9.3,47.3,8,6,0,1,0,0
CLI07926,Essencial,Mensal,Cartão,Indicação,17,44.91,10,3.9,52.3,11,8,1,1,0,0
CLI07927,Essencial,Mensal,Pix,Indicação,17,47.4,5,1.2,15.1,7,8,1,1,1,1
CLI07928,Essencial,Mensal,Pix,Busca orgânica,19,42.42,15,2.9,17.4,12,7,1,1,0,0
CLI07929,Essencial,Mensal,Cartão,Mídia paga,37,47.4,5,5.3,34.6,9,5,2,0,0,0
CLI07930,Plus,Anual,Boleto,Mídia paga,55,71.91,10,4.2,41.0,11,9,0,0,0,0
CLI07931,Essencial,Anual,Cartão,Busca orgânica,42,44.91,10,4.0,34.7,8,5,1,0,0,0
CLI07932,Plus,Mensal,Cartão,Busca orgânica,81,75.9,5,0.5,5.3,7,9,0,2,0,0
CLI07933,Essencial,Mensal,Cartão,Busca orgânica,71,49.9,0,1.7,36.1,8,6,1,0,1,0
CLI07934,Essencial,Mensal,Débito automático,Indicação,5,44.91,10,4.9,19.9,5,9,1,0,0,0
CLI07935,Plus,Anual,Cartão,Busca orgânica,54,67.92,15,1.7,26.1,3,9,0,0,0,0
CLI07936,Essencial,Anual,Pix,Busca orgânica,69,47.4,5,1.8,64.5,7,6,0,0,0,0
CLI07937,Essencial,Mensal,Débito automático,Mídia paga,36,44.91,10,0.6,26.4,8,4,2,0,1,0
CLI07938,Essencial,Mensal,Débito automático,Mídia paga,22,47.4,5,3.2,21.4,1,9,0,0,0,0
CLI07939,Essencial,Mensal,Boleto,Parceiro,13,49.9,0,1.7,50.6,13,8,1,1,1,0
CLI07940,Plus,Mensal,Débito automático,Busca orgânica,40,71.91,10,10.8,17.1,6,9,0,0,0,0
CLI07941,Essencial,Anual,Cartão,Mídia paga,9,47.4,5,4.3,9.3,5,9,0,0,1,0
CLI07942,Essencial,Anual,Débito automático,Parceiro,28,39.92,20,4.3,7.0,5,9,0,0,0,0
CLI07943,Plus,Mensal,Cartão,Busca orgânica,96,79.9,0,2.1,35.6,4,7,0,1,0,0
CLI07944,Plus,Mensal,Cartão,Busca orgânica,7,67.92,15,5.1,42.1,6,9,1,1,0,1
CLI07945,Plus,Mensal,Cartão,Mídia paga,28,79.9,0,1.5,41.3,10,7,2,0,0,0
CLI07946,Essencial,Anual,Cartão,Mídia paga,48,49.9,0,1.8,21.6,5,7,1,0,0,0
CLI07947,Premium,Anual,Pix,Parceiro,31,113.9,5,17.0,45.4,5,9,1,0,0,0
CLI07948,Essencial,Mensal,Pix,Mídia paga,40,49.9,0,1.4,12.8,4,7,0,0,1,0
CLI07949,Essencial,Mensal,Pix,Parceiro,7,44.91,10,2.7,27.4,4,6,1,0,0,0
CLI07950,Premium,Anual,Boleto,Indicação,79,107.91,10,4.5,3.6,5,6,3,0,1,0
CLI07951,Plus,Anual,Cartão,Mídia paga,30,67.92,15,9.2,19.2,8,7,1,1,0,0
CLI07952,Plus,Mensal,Cartão,Indicação,9,67.92,15,1.8,45.2,8,7,0,1,0,1
CLI07953,Premium,Mensal,Cartão,Indicação,47,119.9,0,7.0,22.8,5,7,0,1,1,0
CLI07954,Essencial,Anual,Cartão,Indicação,78,44.91,10,0.5,56.7,15,7,1,0,0,0
CLI07955,Premium,Anual,Boleto,Mídia paga,21,95.92,20,7.7,23.6,6,7,0,1,1,0
CLI07956,Plus,Anual,Cartão,Busca orgânica,24,79.9,0,8.7,10.2,5,5,1,0,0,0
CLI07957,Essencial,Mensal,Cartão,Indicação,54,49.9,0,2.9,18.7,7,9,0,1,0,0
CLI07958,Essencial,Mensal,Cartão,Mídia paga,45,49.9,0,3.4,33.2,9,4,2,1,0,0
CLI07959,Essencial,Mensal,Cartão,Busca orgânica,14,39.92,20,3.7,51.2,6,7,0,4,0,1
CLI07960,Premium,Anual,Pix,Busca orgânica,4,95.92,20,3.1,33.0,1,7,2,0,0,0
CLI07961,Essencial,Anual,Boleto,Busca orgânica,79,44.91,10,2.6,22.4,8,7,0,2,0,1
CLI07962,Essencial,Mensal,Débito automático,Mídia paga,19,49.9,0,1.5,66.3,11,6,1,0,0,0
CLI07963,Plus,Anual,Cartão,Mídia paga,10,75.9,5,10.6,14.5,6,6,0,1,1,0
CLI07964,Plus,Anual,Débito automático,Busca orgânica,15,67.92,15,5.7,2.1,6,7,1,0,0,0
CLI07965,Essencial,Mensal,Débito automático,Mídia paga,62,49.9,0,1.5,25.7,4,6,0,0,0,0
CLI07966,Plus,Anual,Cartão,Mídia paga,1,75.9,5,3.7,12.1,2,5,2,0,0,0
CLI07967,Plus,Anual,Débito automático,Busca orgânica,53,79.9,0,1.9,6.9,4,5,0,0,0,0
CLI07968,Premium,Mensal,Pix,Indicação,37,101.92,15,4.6,31.1,5,7,1,0,0,0
CLI07969,Essencial,Anual,Débito automático,Indicação,22,44.91,10,1.4,26.2,7,7,2,0,1,0
CLI07970,Essencial,Mensal,Cartão,Mídia paga,29,44.91,10,1.1,6.5,2,7,0,1,0,0
CLI07971,Plus,Anual,Débito automático,Parceiro,43,79.9,0,5.1,22.7,7,10,0,0,0,0
CLI07972,Essencial,Anual,Débito automático,Indicação,20,47.4,5,4.8,19.1,1,10,0,1,0,0
CLI07973,Plus,Anual,Débito automático,Busca orgânica,15,71.91,10,10.1,38.9,7,7,0,0,0,0
CLI07974,Essencial,Anual,Cartão,Indicação,42,49.9,0,1.6,33.9,9,5,1,1,1,0
CLI07975,Plus,Mensal,Cartão,Busca orgânica,31,71.91,10,3.4,32.2,9,7,1,1,0,0
CLI07976,Premium,Mensal,Débito automático,Mídia paga,65,113.9,5,8.8,27.4,7,6,0,0,1,0
CLI07977,Premium,Anual,Pix,Mídia paga,62,113.9,5,5.6,2.8,5,5,1,0,0,0
CLI07978,Premium,Mensal,Boleto,Parceiro,22,107.91,10,10.2,22.1,4,6,1,0,0,0
CLI07979,Premium,Anual,Cartão,Busca orgânica,26,119.9,0,6.8,9.7,3,8,0,0,0,0
CLI07980,Essencial,Mensal,Cartão,Mídia paga,59,47.4,5,1.9,63.4,13,5,0,1,0,0
CLI07981,Essencial,Mensal,Débito automático,Parceiro,49,47.4,5,2.3,39.4,5,6,1,0,0,0
CLI07982,Premium,Mensal,Débito automático,Mídia paga,37,119.9,0,5.7,48.2,8,8,1,1,0,0
CLI07983,Premium,Anual,Pix,Parceiro,55,119.9,0,3.6,23.5,3,10,0,1,0,0
CLI07984,Premium,Mensal,Débito automático,Busca orgânica,8,119.9,0,3.3,32.7,3,8,0,0,0,0
CLI07985,Plus,Anual,Cartão,Indicação,37,67.92,15,6.5,2.7,8,8,2,0,0,0
CLI07986,Essencial,Mensal,Cartão,Indicação,13,44.91,10,3.8,77.7,12,6,1,0,0,0
CLI07987,Premium,Anual,Cartão,Mídia paga,46,113.9,5,0.6,22.8,6,7,0,1,0,0
CLI07988,Premium,Anual,Cartão,Indicação,37,95.92,20,14.1,49.6,13,5,2,1,0,0
CLI07989,Plus,Mensal,Débito automático,Mídia paga,53,75.9,5,2.4,32.6,6,7,0,0,0,0
CLI07990,Premium,Mensal,Cartão,Busca orgânica,62,119.9,0,9.2,5.0,0,7,1,0,0,0
CLI07991,Plus,Mensal,Débito automático,Mídia paga,10,67.92,15,4.3,10.0,2,5,1,0,0,0
CLI07992,Premium,Mensal,Cartão,Mídia paga,38,95.92,20,8.2,9.1,4,7,1,0,0,0
CLI07993,Essencial,Anual,Débito automático,Busca orgânica,18,39.92,20,3.7,38.4,8,8,0,1,0,0
CLI07994,Premium,Mensal,Pix,Indicação,43,119.9,0,3.7,31.5,6,8,2,0,0,0
CLI07995,Essencial,Anual,Cartão,Mídia paga,17,47.4,5,1.7,13.7,2,8,1,2,0,0
CLI07996,Essencial,Anual,Pix,Parceiro,18,47.4,5,1.1,24.7,8,10,1,0,0,0
CLI07997,Essencial,Mensal,Boleto,Indicação,30,47.4,5,3.9,44.5,8,6,0,0,0,0
CLI07998,Plus,Anual,Boleto,Indicação,9,79.9,0,7.5,4.3,4,8,1,1,0,0
CLI07999,Essencial,Anual,Cartão,Mídia paga,13,49.9,0,1.9,17.8,0,6,0,0,0,0
CLI08000,Premium,Mensal,Pix,Indicação,40,119.9,0,7.2,29.2,4,9,0,0,0,0
CLI08001,Plus,Anual,Cartão,Indicação,72,79.9,0,1.6,26.6,3,7,2,0,0,0
CLI08002,Premium,Anual,Cartão,Mídia paga,5,113.9,5,7.8,8.1,2,9,1,0,1,0
CLI08003,Essencial,Mensal,Cartão,Mídia paga,16,49.9,0,1.1,25.1,4,8,1,0,0,0
CLI08004,Essencial,Mensal,Boleto,Busca orgânica,35,47.4,5,6.3,49.6,13,8,0,0,0,0
CLI08005,Plus,Mensal,Pix,Parceiro,7,79.9,0,5.8,27.5,10,7,0,0,0,0
CLI08006,Plus,Mensal,Cartão,Mídia paga,22,71.91,10,4.0,5.8,12,6,1,1,0,0
CLI08007,Plus,Mensal,Boleto,Indicação,32,67.92,15,4.9,69.0,9,4,3,0,0,1
CLI08008,Plus,Mensal,Débito automático,Busca orgânica,27,71.91,10,5.6,69.2,13,4,0,0,0,0
CLI08009,Premium,Anual,Cartão,Mídia paga,19,119.9,0,1.3,5.9,3,9,0,2,0,0
CLI08010,Plus,Mensal,Débito automático,Mídia paga,8,79.9,0,5.5,10.7,3,9,0,0,1,0
CLI08011,Premium,Mensal,Pix,Mídia paga,96,101.92,15,3.4,6.3,3,9,0,0,1,0
CLI08012,Plus,Anual,Cartão,Busca orgânica,16,75.9,5,5.5,17.0,2,7,0,0,0,0
CLI08013,Plus,Mensal,Cartão,Busca orgânica,45,71.91,10,7.8,37.0,6,9,1,0,0,0
CLI08014,Essencial,Mensal,Cartão,Mídia paga,40,44.91,10,2.3,22.3,8,7,1,0,1,0
CLI08015,Essencial,Mensal,Cartão,Indicação,22,49.9,0,4.8,10.9,3,7,0,3,0,1
CLI08016,Essencial,Mensal,Débito automático,Mídia paga,19,49.9,0,6.1,6.1,7,8,0,1,0,0
CLI08017,Plus,Mensal,Cartão,Indicação,9,71.91,10,5.3,43.6,5,7,0,1,0,1
CLI08018,Plus,Mensal,Cartão,Indicação,50,79.9,0,4.3,2.2,4,7,1,2,0,0
CLI08019,Essencial,Anual,Boleto,Indicação,53,47.4,5,3.2,9.7,2,5,1,0,0,0
CLI08020,Plus,Mensal,Boleto,Mídia paga,23,79.9,0,2.5,31.7,7,6,1,1,0,0
CLI08021,Essencial,Anual,Débito automático,Busca orgânica,17,47.4,5,6.8,29.9,5,5,1,0,0,0
CLI08022,Essencial,Anual,Débito automático,Busca orgânica,12,47.4,5,3.9,20.7,2,6,1,0,0,0
CLI08023,Premium,Mensal,Boleto,Busca orgânica,25,113.9,5,7.8,23.0,3,7,0,1,0,0
CLI08024,Essencial,Mensal,Débito automático,Mídia paga,14,49.9,0,6.4,19.8,11,4,3,2,0,0
CLI08025,Essencial,Anual,Cartão,Parceiro,30,49.9,0,2.3,0.6,5,6,1,2,1,0
CLI08026,Plus,Mensal,Cartão,Busca orgânica,33,75.9,5,1.7,53.8,9,7,1,0,0,0
CLI08027,Essencial,Mensal,Cartão,Indicação,33,47.4,5,2.8,40.4,10,5,0,0,1,0
CLI08028,Plus,Mensal,Cartão,Mídia paga,13,75.9,5,11.9,3.8,4,10,1,0,0,0
CLI08029,Premium,Anual,Cartão,Busca orgânica,14,113.9,5,13.0,46.5,9,7,2,0,0,0
CLI08030,Plus,Mensal,Cartão,Mídia paga,23,75.9,5,1.5,24.9,9,5,0,0,0,0
CLI08031,Plus,Mensal,Cartão,Indicação,49,79.9,0,2.7,12.3,2,6,2,1,0,0
CLI08032,Essencial,Mensal,Pix,Mídia paga,33,49.9,0,5.7,23.0,3,10,0,0,0,0
CLI08033,Plus,Anual,Cartão,Parceiro,12,71.91,10,5.5,46.7,14,7,0,0,0,0
CLI08034,Essencial,Mensal,Cartão,Busca orgânica,34,47.4,5,3.4,38.4,11,8,2,1,0,0
CLI08035,Essencial,Anual,Pix,Indicação,1,49.9,0,2.6,9.7,1,8,0,0,0,0
CLI08036,Premium,Mensal,Cartão,Indicação,42,119.9,0,3.8,16.3,3,8,3,0,0,0
CLI08037,Essencial,Mensal,Pix,Busca orgânica,55,47.4,5,2.3,12.0,8,9,0,0,1,0
CLI08038,Plus,Mensal,Cartão,Busca orgânica,18,79.9,0,1.5,18.0,11,9,0,0,0,0
CLI08039,Essencial,Mensal,Débito automático,Busca orgânica,28,49.9,0,4.3,42.6,7,7,1,0,0,0
CLI08040,Premium,Mensal,Débito automático,Mídia paga,13,119.9,0,4.1,4.3,2,6,2,0,0,0
CLI08041,Essencial,Anual,Cartão,Busca orgânica,11,42.42,15,4.2,66.9,17,5,2,0,1,1
CLI08042,Essencial,Mensal,Débito automático,Indicação,48,49.9,0,0.9,10.6,7,7,2,0,0,0
CLI08043,Premium,Anual,Débito automático,Parceiro,14,101.92,15,5.9,12.5,9,10,0,0,1,0
CLI08044,Essencial,Mensal,Boleto,Busca orgânica,27,49.9,0,5.4,26.2,7,7,0,0,1,0
CLI08045,Premium,Mensal,Débito automático,Parceiro,38,107.91,10,7.5,41.1,11,7,1,0,0,1
CLI08046,Essencial,Mensal,Pix,Mídia paga,30,47.4,5,2.4,22.4,6,6,2,0,1,1
CLI08047,Plus,Anual,Cartão,Indicação,8,79.9,0,1.9,10.0,5,7,2,0,0,0
CLI08048,Premium,Mensal,Cartão,Mídia paga,23,101.92,15,6.8,42.9,11,7,0,0,0,0
CLI08049,Plus,Mensal,Cartão,Parceiro,42,67.92,15,8.4,27.4,8,6,4,1,0,1
CLI08050,Plus,Mensal,Cartão,Mídia paga,24,71.91,10,10.7,2.2,3,6,1,0,1,0
CLI08051,Essencial,Mensal,Boleto,Busca orgânica,24,44.91,10,4.2,53.6,10,5,0,2,0,1
CLI08052,Plus,Anual,Cartão,Indicação,46,75.9,5,3.0,4.7,10,10,0,1,0,0
CLI08053,Premium,Anual,Pix,Busca orgânica,39,119.9,0,5.1,29.9,4,5,0,0,0,0
CLI08054,Plus,Mensal,Boleto,Indicação,19,75.9,5,5.5,51.6,11,3,4,0,1,1
CLI08055,Premium,Anual,Cartão,Busca orgânica,63,107.91,10,6.7,27.4,8,9,1,0,0,0
CLI08056,Plus,Mensal,Cartão,Parceiro,14,75.9,5,1.2,38.4,7,7,1,1,0,0
CLI08057,Plus,Anual,Cartão,Mídia paga,18,63.92,20,12.1,78.5,11,5,0,0,1,0
CLI08058,Essencial,Anual,Cartão,Mídia paga,27,44.91,10,3.0,10.5,6,6,2,2,0,0
CLI08059,Plus,Anual,Pix,Busca orgânica,38,79.9,0,4.4,46.6,11,9,0,0,0,0
CLI08060,Premium,Anual,Cartão,Indicação,57,119.9,0,2.1,65.4,9,8,0,0,1,0
CLI08061,Plus,Anual,Pix,Indicação,18,79.9,0,3.4,20.0,2,4,1,0,0,0
CLI08062,Essencial,Mensal,Cartão,Mídia paga,28,47.4,5,4.8,40.8,7,6,1,0,0,0
CLI08063,Plus,Mensal,Débito automático,Busca orgânica,63,63.92,20,7.6,0.9,3,6,1,1,0,0
CLI08064,Plus,Mensal,Cartão,Busca orgânica,48,63.92,20,6.1,25.2,3,7,0,1,0,0
CLI08065,Premium,Mensal,Cartão,Indicação,34,107.91,10,3.2,15.4,7,9,0,0,0,0
CLI08066,Essencial,Mensal,Cartão,Busca orgânica,30,49.9,0,5.9,14.5,4,5,1,0,0,0
CLI08067,Essencial,Mensal,Débito automático,Indicação,7,39.92,20,1.8,6.3,5,10,0,0,0,0
CLI08068,Essencial,Anual,Pix,Indicação,38,39.92,20,1.7,46.0,7,8,0,0,0,0
CLI08069,Essencial,Mensal,Cartão,Parceiro,19,44.91,10,2.1,24.6,5,8,0,0,0,0
CLI08070,Premium,Mensal,Pix,Mídia paga,52,119.9,0,12.2,25.2,5,9,1,0,0,0
CLI08071,Essencial,Mensal,Cartão,Mídia paga,29,49.9,0,2.2,3.7,5,9,0,1,0,0
CLI08072,Plus,Anual,Débito automático,Mídia paga,9,75.9,5,5.6,36.0,11,8,0,0,1,0
CLI08073,Essencial,Mensal,Boleto,Mídia paga,12,49.9,0,2.5,25.5,9,7,0,0,0,0
CLI08074,Essencial,Mensal,Cartão,Busca orgânica,87,44.91,10,7.4,28.1,7,7,0,1,0,0
CLI08075,Premium,Mensal,Pix,Busca orgânica,39,113.9,5,6.8,10.3,5,9,0,0,1,0
CLI08076,Plus,Anual,Cartão,Indicação,18,63.92,20,3.1,32.2,9,6,0,0,0,0
CLI08077,Essencial,Mensal,Débito automático,Mídia paga,30,47.4,5,0.9,42.2,6,6,2,0,0,0
CLI08078,Essencial,Anual,Cartão,Mídia paga,23,49.9,0,4.1,25.3,7,5,2,0,0,0
CLI08079,Premium,Mensal,Pix,Busca orgânica,52,119.9,0,5.9,43.8,10,6,1,0,0,0
CLI08080,Premium,Mensal,Débito automático,Busca orgânica,42,119.9,0,4.5,56.8,7,7,0,0,1,0
CLI08081,Essencial,Anual,Cartão,Indicação,96,49.9,0,1.3,72.8,11,5,1,1,0,0
CLI08082,Plus,Mensal,Débito automático,Indicação,33,71.91,10,11.6,44.3,13,7,0,1,0,0
CLI08083,Essencial,Anual,Cartão,Busca orgânica,11,44.91,10,4.6,39.8,5,6,1,0,0,0
CLI08084,Plus,Mensal,Boleto,Parceiro,5,67.92,15,8.0,20.2,3,8,2,2,0,0
CLI08085,Essencial,Anual,Débito automático,Indicação,3,49.9,0,2.6,45.2,9,6,0,0,0,0
CLI08086,Plus,Mensal,Cartão,Parceiro,49,71.91,10,3.9,70.8,13,5,2,1,0,0
CLI08087,Premium,Anual,Cartão,Busca orgânica,29,113.9,5,16.8,17.5,6,8,3,0,0,0
CLI08088,Essencial,Mensal,Pix,Busca orgânica,23,49.9,0,1.5,52.3,12,4,1,1,0,0
CLI08089,Plus,Mensal,Débito automático,Indicação,13,71.91,10,10.7,7.7,6,9,0,0,0,0
CLI08090,Essencial,Mensal,Cartão,Indicação,25,49.9,0,6.9,42.6,10,8,1,1,0,1
CLI08091,Essencial,Anual,Boleto,Busca orgânica,42,49.9,0,1.1,32.4,5,8,0,2,0,0
CLI08092,Essencial,Anual,Débito automático,Mídia paga,23,47.4,5,1.3,69.9,8,5,2,1,1,1
CLI08093,Essencial,Mensal,Boleto,Busca orgânica,54,44.91,10,9.4,14.1,4,5,2,1,1,0
CLI08094,Premium,Mensal,Cartão,Busca orgânica,74,113.9,5,5.8,17.3,6,9,2,0,0,0
CLI08095,Essencial,Mensal,Cartão,Indicação,30,44.91,10,3.0,30.8,8,8,0,1,0,0
CLI08096,Premium,Mensal,Cartão,Busca orgânica,22,119.9,0,7.1,68.4,16,6,2,0,0,0
CLI08097,Essencial,Anual,Cartão,Mídia paga,20,49.9,0,2.2,11.0,6,7,0,3,0,0
CLI08098,Plus,Mensal,Cartão,Mídia paga,29,71.91,10,8.4,4.4,9,9,0,0,0,0
CLI08099,Essencial,Mensal,Cartão,Indicação,30,49.9,0,1.1,18.7,11,7,2,0,0,0
CLI08100,Premium,Mensal,Débito automático,Mídia paga,33,107.91,10,10.8,8.4,5,8,1,0,1,0
CLI08101,Essencial,Mensal,Cartão,Indicação,7,49.9,0,2.1,73.2,9,5,1,2,0,1
CLI08102,Essencial,Anual,Cartão,Mídia paga,32,44.91,10,1.8,13.3,10,6,2,0,0,0
CLI08103,Plus,Mensal,Pix,Busca orgânica,32,67.92,15,3.4,15.6,10,7,1,0,0,0
CLI08104,Plus,Anual,Débito automático,Mídia paga,41,71.91,10,7.3,12.8,6,7,2,0,0,0
CLI08105,Plus,Anual,Débito automático,Indicação,45,75.9,5,3.5,16.6,7,6,1,0,1,0
CLI08106,Essencial,Mensal,Pix,Mídia paga,56,49.9,0,0.5,21.9,7,6,0,2,0,0
CLI08107,Essencial,Mensal,Cartão,Mídia paga,34,49.9,0,1.5,64.5,4,4,0,0,0,0
CLI08108,Premium,Anual,Pix,Indicação,45,101.92,15,8.4,65.5,10,6,2,0,0,0
CLI08109,Plus,Anual,Pix,Indicação,34,63.92,20,2.3,0.6,4,8,0,0,1,0
CLI08110,Plus,Mensal,Cartão,Mídia paga,56,79.9,0,2.4,55.1,7,6,2,2,0,1
CLI08111,Essencial,Anual,Cartão,Busca orgânica,26,49.9,0,1.8,72.1,4,5,1,0,1,0
CLI08112,Essencial,Mensal,Boleto,Mídia paga,18,49.9,0,5.2,13.7,3,6,3,3,0,1
CLI08113,Premium,Mensal,Cartão,Indicação,28,119.9,0,7.1,6.2,6,9,1,0,0,0
CLI08114,Plus,Mensal,Cartão,Indicação,64,71.91,10,9.1,37.0,3,6,0,1,0,1
CLI08115,Essencial,Anual,Cartão,Mídia paga,19,39.92,20,2.5,28.8,9,8,0,1,1,0
CLI08116,Premium,Mensal,Boleto,Indicação,63,113.9,5,12.7,16.0,8,7,0,1,0,1
CLI08117,Plus,Mensal,Pix,Indicação,35,67.92,15,0.7,3.0,5,6,2,0,1,0
CLI08118,Essencial,Mensal,Boleto,Indicação,48,42.42,15,3.3,11.4,5,6,1,3,1,0
CLI08119,Essencial,Mensal,Débito automático,Mídia paga,37,44.91,10,2.7,28.3,8,7,0,0,0,0
CLI08120,Plus,Mensal,Débito automático,Busca orgânica,30,71.91,10,3.5,40.1,11,7,1,0,0,0
CLI08121,Essencial,Anual,Cartão,Busca orgânica,18,49.9,0,6.7,49.8,10,5,1,1,1,1
CLI08122,Plus,Mensal,Cartão,Mídia paga,96,71.91,10,3.8,18.8,4,7,1,1,0,0
CLI08123,Plus,Anual,Débito automático,Busca orgânica,8,79.9,0,6.6,17.3,7,7,2,0,0,0
CLI08124,Essencial,Anual,Boleto,Indicação,53,44.91,10,7.0,0.7,1,5,1,1,1,1
CLI08125,Premium,Anual,Débito automático,Busca orgânica,6,95.92,20,6.8,1.0,4,8,0,0,0,0
CLI08126,Essencial,Anual,Boleto,Indicação,70,49.9,0,2.1,51.3,12,5,0,1,0,0
CLI08127,Essencial,Mensal,Pix,Parceiro,42,47.4,5,0.9,49.1,6,8,1,0,1,0
CLI08128,Plus,Mensal,Pix,Mídia paga,14,75.9,5,3.9,24.4,12,7,0,1,0,0
CLI08129,Plus,Mensal,Pix,Mídia paga,15,79.9,0,5.9,15.0,9,7,0,0,0,0
CLI08130,Essencial,Mensal,Cartão,Mídia paga,28,49.9,0,5.4,24.1,6,7,2,0,0,0
CLI08131,Plus,Mensal,Cartão,Indicação,6,71.91,10,6.6,17.8,5,7,0,1,0,0
CLI08132,Premium,Anual,Cartão,Mídia paga,55,101.92,15,3.4,29.1,12,8,1,0,0,0
CLI08133,Plus,Anual,Cartão,Busca orgânica,17,79.9,0,5.4,6.8,10,6,2,2,0,1
CLI08134,Premium,Mensal,Cartão,Mídia paga,9,107.91,10,4.5,21.9,4,9,0,0,0,0
CLI08135,Essencial,Anual,Cartão,Parceiro,49,44.91,10,1.2,9.7,5,7,3,0,0,0
CLI08136,Essencial,Mensal,Débito automático,Busca orgânica,5,49.9,0,5.4,27.8,4,8,2,2,0,0
CLI08137,Plus,Mensal,Pix,Mídia paga,26,79.9,0,1.7,29.1,4,9,1,0,0,0
CLI08138,Essencial,Mensal,Pix,Busca orgânica,12,42.42,15,3.6,6.9,10,9,2,0,0,0
CLI08139,Plus,Mensal,Débito automático,Parceiro,37,75.9,5,1.9,36.7,10,7,0,0,0,0
CLI08140,Essencial,Mensal,Cartão,Busca orgânica,56,39.92,20,3.8,35.2,8,9,0,0,1,0
CLI08141,Essencial,Mensal,Cartão,Busca orgânica,5,42.42,15,3.3,66.7,12,4,3,0,0,1
CLI08142,Essencial,Mensal,Pix,Parceiro,56,42.42,15,1.9,23.4,7,6,0,2,0,0
CLI08143,Essencial,Mensal,Cartão,Indicação,24,49.9,0,3.0,15.9,11,6,2,0,0,0
CLI08144,Essencial,Anual,Pix,Busca orgânica,11,47.4,5,1.0,40.4,12,10,0,0,1,0
CLI08145,Plus,Mensal,Débito automático,Mídia paga,10,79.9,0,13.9,14.2,6,8,1,0,0,0
CLI08146,Plus,Anual,Cartão,Mídia paga,24,79.9,0,2.2,5.1,3,4,1,1,0,1
CLI08147,Essencial,Mensal,Débito automático,Indicação,5,39.92,20,4.8,16.5,5,7,0,0,1,0
CLI08148,Essencial,Mensal,Cartão,Indicação,23,44.91,10,8.4,7.5,9,7,3,1,0,0
CLI08149,Premium,Mensal,Pix,Busca orgânica,25,119.9,0,6.4,23.1,8,9,1,0,1,0
CLI08150,Essencial,Anual,Débito automático,Busca orgânica,38,49.9,0,5.2,54.1,6,5,0,1,0,0
CLI08151,Plus,Mensal,Débito automático,Parceiro,53,79.9,0,11.7,12.4,3,8,1,0,0,0
CLI08152,Plus,Mensal,Pix,Mídia paga,41,79.9,0,5.8,75.1,12,4,1,0,0,0
CLI08153,Plus,Anual,Pix,Mídia paga,64,79.9,0,3.5,50.7,10,7,0,0,0,0
CLI08154,Premium,Anual,Cartão,Indicação,12,119.9,0,11.0,9.6,7,6,1,0,0,0
CLI08155,Plus,Anual,Débito automático,Parceiro,35,75.9,5,4.6,12.8,2,7,1,1,1,0
CLI08156,Premium,Anual,Pix,Indicação,37,119.9,0,1.3,39.3,14,9,1,0,0,0
CLI08157,Premium,Mensal,Cartão,Parceiro,63,119.9,0,3.3,81.6,8,4,2,0,0,0
CLI08158,Essencial,Anual,Cartão,Parceiro,37,49.9,0,2.8,10.9,5,5,0,1,0,0
CLI08159,Essencial,Mensal,Boleto,Parceiro,15,47.4,5,6.3,4.0,1,7,0,2,0,1
CLI08160,Essencial,Anual,Cartão,Busca orgânica,27,49.9,0,3.8,14.3,5,8,1,0,0,0
CLI08161,Essencial,Mensal,Boleto,Indicação,35,49.9,0,2.2,8.1,7,7,0,0,0,0
CLI08162,Plus,Mensal,Cartão,Mídia paga,8,71.91,10,5.8,20.8,7,6,0,0,1,0
CLI08163,Essencial,Mensal,Cartão,Busca orgânica,69,49.9,0,0.5,27.3,12,10,1,0,0,0
CLI08164,Essencial,Anual,Pix,Busca orgânica,27,49.9,0,1.3,30.7,8,6,1,0,0,0
CLI08165,Essencial,Mensal,Pix,Mídia paga,88,49.9,0,8.3,48.1,7,5,0,0,0,0
CLI08166,Plus,Anual,Pix,Mídia paga,9,79.9,0,1.1,71.4,13,4,3,0,1,0
CLI08167,Plus,Mensal,Cartão,Busca orgânica,13,67.92,15,12.2,12.2,4,8,1,0,0,0
CLI08168,Premium,Mensal,Pix,Busca orgânica,38,101.92,15,19.2,2.5,5,9,1,0,1,0
CLI08169,Essencial,Mensal,Débito automático,Mídia paga,21,47.4,5,3.2,7.1,5,8,0,0,1,0
CLI08170,Essencial,Mensal,Cartão,Indicação,51,49.9,0,5.2,30.7,6,7,1,0,1,0
CLI08171,Premium,Anual,Pix,Mídia paga,28,107.91,10,3.3,17.8,7,7,0,1,0,1
CLI08172,Plus,Anual,Cartão,Mídia paga,27,79.9,0,3.4,8.8,4,7,1,1,0,0
CLI08173,Plus,Anual,Cartão,Mídia paga,27,71.91,10,13.0,13.3,5,8,1,1,0,0
CLI08174,Plus,Mensal,Cartão,Mídia paga,10,71.91,10,10.4,22.1,8,7,0,0,1,0
CLI08175,Essencial,Mensal,Cartão,Busca orgânica,29,44.91,10,6.8,80.6,11,7,0,0,0,0
CLI08176,Premium,Anual,Débito automático,Mídia paga,12,119.9,0,10.4,45.2,6,8,0,0,1,0
CLI08177,Plus,Anual,Boleto,Busca orgânica,90,79.9,0,1.5,65.3,12,6,0,0,0,0
CLI08178,Plus,Anual,Cartão,Mídia paga,4,79.9,0,3.4,46.7,10,5,0,0,1,0
CLI08179,Plus,Mensal,Cartão,Indicação,32,71.91,10,3.6,48.4,13,6,1,1,0,1
CLI08180,Essencial,Anual,Boleto,Mídia paga,34,39.92,20,6.5,14.0,5,8,3,0,0,0
CLI08181,Essencial,Mensal,Cartão,Indicação,38,47.4,5,3.1,43.0,9,7,0,0,0,0
CLI08182,Plus,Anual,Cartão,Indicação,45,79.9,0,7.2,16.9,3,6,0,0,1,0
CLI08183,Plus,Anual,Débito automático,Busca orgânica,6,71.91,10,2.3,47.2,9,7,0,0,1,0
CLI08184,Essencial,Anual,Cartão,Indicação,35,49.9,0,1.4,43.2,5,4,0,0,1,0
CLI08185,Essencial,Mensal,Pix,Busca orgânica,26,49.9,0,3.0,5.8,2,9,0,0,0,0
CLI08186,Premium,Anual,Boleto,Mídia paga,23,113.9,5,3.9,21.7,14,10,1,0,0,0
CLI08187,Essencial,Mensal,Pix,Mídia paga,49,44.91,10,5.0,8.6,3,10,0,0,0,1
CLI08188,Essencial,Mensal,Débito automático,Mídia paga,59,47.4,5,5.3,17.9,6,8,0,1,0,0
CLI08189,Plus,Anual,Cartão,Mídia paga,8,71.91,10,2.9,10.9,2,8,0,0,0,0
CLI08190,Plus,Mensal,Cartão,Busca orgânica,27,71.91,10,2.9,26.5,5,9,0,1,0,0
CLI08191,Plus,Mensal,Boleto,Parceiro,44,75.9,5,4.5,36.5,12,8,0,2,0,0
CLI08192,Premium,Anual,Boleto,Indicação,29,95.92,20,14.5,18.0,6,10,0,1,0,0
CLI08193,Essencial,Anual,Débito automático,Indicação,56,44.91,10,4.4,68.8,12,3,3,0,1,0
CLI08194,Premium,Mensal,Cartão,Busca orgânica,15,119.9,0,6.8,7.7,3,6,0,0,0,0
CLI08195,Premium,Mensal,Débito automático,Mídia paga,53,119.9,0,4.4,16.4,5,9,0,1,0,0
CLI08196,Plus,Anual,Cartão,Indicação,21,79.9,0,4.1,25.4,7,4,3,0,1,0
CLI08197,Plus,Mensal,Pix,Busca orgânica,12,71.91,10,7.4,13.9,6,10,0,0,1,0
CLI08198,Essencial,Mensal,Débito automático,Mídia paga,29,44.91,10,5.5,11.6,3,9,2,0,1,0
CLI08199,Essencial,Mensal,Cartão,Mídia paga,24,49.9,0,1.0,5.3,5,8,0,1,0,0
CLI08200,Essencial,Anual,Pix,Mídia paga,8,44.91,10,1.3,11.6,0,8,1,0,0,0
CLI08201,Essencial,Mensal,Débito automático,Indicação,27,44.91,10,5.0,1.4,7,7,1,0,1,0
CLI08202,Premium,Mensal,Boleto,Busca orgânica,48,119.9,0,14.5,31.3,13,7,3,1,1,0
CLI08203,Essencial,Anual,Cartão,Mídia paga,62,49.9,0,2.7,33.6,6,5,2,1,0,0
CLI08204,Plus,Anual,Cartão,Mídia paga,44,63.92,20,5.8,15.8,6,7,0,0,0,0
CLI08205,Essencial,Mensal,Pix,Indicação,14,49.9,0,0.5,74.6,9,5,1,0,0,0
CLI08206,Essencial,Anual,Cartão,Mídia paga,34,42.42,15,6.3,5.1,4,8,0,0,0,0
CLI08207,Essencial,Anual,Cartão,Indicação,7,42.42,15,3.4,45.8,7,4,2,0,0,0
CLI08208,Essencial,Mensal,Cartão,Indicação,40,44.91,10,5.7,35.8,9,6,2,0,0,0
CLI08209,Plus,Mensal,Cartão,Busca orgânica,38,75.9,5,4.0,27.3,8,8,0,0,0,0
CLI08210,Premium,Mensal,Pix,Mídia paga,14,119.9,0,13.1,5.6,5,9,1,0,0,0
CLI08211,Essencial,Anual,Boleto,Mídia paga,20,49.9,0,8.0,5.3,7,8,0,1,0,0
CLI08212,Premium,Anual,Débito automático,Busca orgânica,32,119.9,0,5.3,25.1,4,9,0,0,0,0
CLI08213,Plus,Mensal,Pix,Mídia paga,37,75.9,5,8.6,29.3,6,7,2,0,0,0
CLI08214,Plus,Anual,Cartão,Busca orgânica,49,67.92,15,10.2,7.6,4,8,0,0,0,0
CLI08215,Essencial,Anual,Débito automático,Indicação,6,49.9,0,3.6,37.4,6,5,1,0,0,0
CLI08216,Essencial,Mensal,Cartão,Mídia paga,6,49.9,0,3.4,23.5,5,6,0,1,0,0
CLI08217,Premium,Anual,Débito automático,Indicação,32,119.9,0,19.7,21.9,6,2,7,0,1,0
CLI08218,Plus,Anual,Pix,Parceiro,43,71.91,10,5.8,30.4,10,3,2,2,1,0
CLI08219,Essencial,Anual,Débito automático,Mídia paga,21,44.91,10,3.2,22.2,11,9,1,0,0,0
CLI08220,Plus,Anual,Cartão,Mídia paga,20,67.92,15,2.5,35.8,13,7,2,1,0,0
CLI08221,Essencial,Mensal,Débito automático,Mídia paga,12,49.9,0,3.3,17.9,7,8,1,0,0,0
CLI08222,Plus,Anual,Débito automático,Mídia paga,45,71.91,10,6.6,18.9,6,7,1,0,0,0
CLI08223,Essencial,Mensal,Cartão,Indicação,30,47.4,5,4.8,48.1,7,4,1,0,1,0
CLI08224,Premium,Anual,Boleto,Mídia paga,36,95.92,20,3.6,55.1,16,8,0,1,0,0
CLI08225,Essencial,Anual,Cartão,Busca orgânica,23,44.91,10,3.0,35.0,9,7,2,0,0,0
CLI08226,Essencial,Anual,Cartão,Mídia paga,21,49.9,0,3.8,33.8,6,7,0,1,1,0
CLI08227,Plus,Anual,Débito automático,Mídia paga,26,79.9,0,1.5,1.8,3,10,2,0,0,0
CLI08228,Essencial,Anual,Pix,Indicação,24,44.91,10,4.8,1.2,3,9,0,0,0,0
CLI08229,Premium,Mensal,Cartão,Indicação,59,107.91,10,8.6,16.4,7,7,2,1,0,0
CLI08230,Plus,Mensal,Cartão,Mídia paga,11,75.9,5,5.6,75.9,14,1,3,3,0,1
CLI08231,Essencial,Mensal,Cartão,Parceiro,45,49.9,0,3.5,16.8,8,5,2,1,1,0
CLI08232,Essencial,Anual,Cartão,Mídia paga,17,49.9,0,1.9,10.6,1,7,0,1,0,0
CLI08233,Premium,Anual,Cartão,Busca orgânica,20,119.9,0,10.1,28.9,4,8,1,0,0,0
CLI08234,Plus,Mensal,Cartão,Parceiro,32,79.9,0,4.0,45.4,9,7,0,0,1,0
CLI08235,Premium,Mensal,Pix,Mídia paga,42,119.9,0,4.6,35.5,4,9,0,0,0,0
CLI08236,Essencial,Mensal,Pix,Mídia paga,23,49.9,0,1.5,39.7,7,8,1,1,0,0
CLI08237,Premium,Mensal,Débito automático,Busca orgânica,10,119.9,0,5.4,13.6,1,9,1,0,0,0
CLI08238,Plus,Anual,Boleto,Busca orgânica,73,79.9,0,7.8,14.5,5,6,0,2,0,0
CLI08239,Plus,Anual,Cartão,Busca orgânica,7,79.9,0,3.5,0.2,3,8,0,0,0,0
CLI08240,Essencial,Mensal,Cartão,Mídia paga,11,47.4,5,3.2,25.7,9,4,2,0,0,0
CLI08241,Essencial,Anual,Cartão,Busca orgânica,63,44.91,10,0.6,2.1,5,7,1,0,0,0
CLI08242,Premium,Mensal,Cartão,Mídia paga,53,101.92,15,2.8,28.3,6,7,1,0,0,0
CLI08243,Premium,Mensal,Pix,Mídia paga,67,113.9,5,1.9,52.9,8,6,0,0,1,0
CLI08244,Essencial,Mensal,Cartão,Mídia paga,17,49.9,0,3.1,24.5,4,8,1,0,0,1
CLI08245,Premium,Anual,Débito automático,Indicação,13,119.9,0,7.1,16.0,7,9,0,0,1,0
CLI08246,Essencial,Mensal,Boleto,Indicação,48,47.4,5,1.8,14.6,3,7,0,1,0,0
CLI08247,Essencial,Mensal,Cartão,Mídia paga,10,44.91,10,3.7,61.9,13,5,2,1,0,0
CLI08248,Essencial,Mensal,Cartão,Indicação,13,49.9,0,3.9,15.5,3,5,1,1,0,0
CLI08249,Essencial,Mensal,Débito automático,Indicação,7,44.91,10,3.1,9.8,8,8,0,0,0,0
CLI08250,Essencial,Mensal,Débito automático,Busca orgânica,16,44.91,10,1.5,2.0,2,9,0,0,0,0
CLI08251,Essencial,Mensal,Cartão,Mídia paga,12,44.91,10,6.4,13.7,6,6,0,1,0,0
CLI08252,Essencial,Anual,Pix,Mídia paga,9,44.91,10,8.2,12.3,8,8,0,0,0,0
CLI08253,Plus,Mensal,Cartão,Indicação,27,79.9,0,8.1,4.6,7,7,2,1,0,0
CLI08254,Premium,Mensal,Pix,Mídia paga,19,107.91,10,2.5,19.5,3,10,0,1,0,0
CLI08255,Plus,Mensal,Débito automático,Busca orgânica,36,79.9,0,1.4,53.4,9,7,1,1,0,1
CLI08256,Essencial,Mensal,Cartão,Busca orgânica,10,42.42,15,8.4,7.1,3,7,1,0,0,0
CLI08257,Plus,Anual,Cartão,Mídia paga,16,79.9,0,4.6,18.3,4,7,1,1,0,0
CLI08258,Essencial,Mensal,Pix,Indicação,6,44.91,10,12.3,11.1,5,8,0,1,0,0
CLI08259,Plus,Mensal,Pix,Busca orgânica,19,67.92,15,2.3,13.7,3,6,0,0,0,0
CLI08260,Plus,Anual,Débito automático,Indicação,48,79.9,0,4.4,32.3,7,7,0,0,0,0
CLI08261,Essencial,Anual,Pix,Indicação,42,49.9,0,9.8,13.9,12,10,0,0,0,0
CLI08262,Essencial,Mensal,Débito automático,Mídia paga,24,49.9,0,5.7,8.0,5,7,3,0,0,0
CLI08263,Premium,Mensal,Débito automático,Mídia paga,88,113.9,5,11.8,15.5,5,6,1,0,1,0
CLI08264,Premium,Anual,Débito automático,Mídia paga,7,119.9,0,2.9,59.0,14,4,3,0,0,1
CLI08265,Plus,Anual,Cartão,Parceiro,53,71.91,10,8.5,50.4,8,6,1,0,0,0
CLI08266,Premium,Anual,Cartão,Mídia paga,11,113.9,5,13.8,32.0,4,6,1,1,0,0
CLI08267,Premium,Mensal,Pix,Indicação,25,119.9,0,2.4,49.2,14,6,0,0,1,0
CLI08268,Essencial,Anual,Cartão,Mídia paga,38,44.91,10,1.1,16.3,11,7,0,1,1,0
CLI08269,Plus,Mensal,Cartão,Mídia paga,14,67.92,15,9.4,7.8,2,7,0,0,1,0
CLI08270,Essencial,Mensal,Cartão,Mídia paga,17,39.92,20,3.2,26.6,9,6,2,1,0,0
CLI08271,Plus,Anual,Boleto,Busca orgânica,53,79.9,0,8.1,53.8,10,7,2,0,0,1
CLI08272,Essencial,Anual,Débito automático,Parceiro,27,42.42,15,4.2,22.7,7,8,1,1,1,0
CLI08273,Premium,Mensal,Débito automático,Busca orgânica,7,107.91,10,1.7,28.0,8,7,1,0,0,0
CLI08274,Plus,Mensal,Boleto,Mídia paga,20,63.92,20,5.8,40.5,8,6,1,1,0,1
CLI08275,Essencial,Anual,Débito automático,Busca orgânica,15,49.9,0,1.8,15.1,7,7,0,0,0,0
CLI08276,Essencial,Mensal,Pix,Mídia paga,6,47.4,5,1.0,9.0,4,5,1,1,1,0
CLI08277,Essencial,Mensal,Pix,Busca orgânica,7,47.4,5,1.6,8.1,3,6,0,0,0,0
CLI08278,Plus,Mensal,Débito automático,Indicação,32,67.92,15,10.3,16.0,3,7,0,0,1,0
CLI08279,Premium,Mensal,Débito automático,Busca orgânica,12,119.9,0,3.1,11.4,3,7,1,0,1,0
CLI08280,Essencial,Anual,Débito automático,Busca orgânica,92,47.4,5,1.6,30.3,7,5,1,0,0,0
CLI08281,Plus,Mensal,Pix,Indicação,33,75.9,5,7.1,31.9,6,7,1,0,1,0
CLI08282,Plus,Mensal,Débito automático,Mídia paga,49,63.92,20,4.6,27.2,8,6,0,1,0,0
CLI08283,Essencial,Anual,Pix,Mídia paga,5,42.42,15,3.2,12.2,4,7,1,0,0,0
CLI08284,Plus,Mensal,Cartão,Mídia paga,33,63.92,20,4.9,28.3,5,7,1,0,1,0
CLI08285,Essencial,Mensal,Cartão,Busca orgânica,28,44.91,10,0.5,7.0,5,9,0,2,0,0
CLI08286,Essencial,Mensal,Cartão,Busca orgânica,37,49.9,0,2.8,23.2,3,8,0,1,0,0
CLI08287,Essencial,Anual,Cartão,Mídia paga,2,44.91,10,5.0,11.0,3,7,1,0,0,0
CLI08288,Premium,Anual,Débito automático,Parceiro,76,101.92,15,4.5,34.8,5,4,1,0,0,0
CLI08289,Essencial,Anual,Cartão,Indicação,24,49.9,0,2.9,11.7,3,8,1,0,0,0
CLI08290,Essencial,Mensal,Boleto,Indicação,24,44.91,10,3.4,42.8,13,7,1,0,1,1
CLI08291,Plus,Anual,Cartão,Indicação,27,79.9,0,9.9,36.1,3,10,0,0,0,0
CLI08292,Premium,Mensal,Cartão,Busca orgânica,14,119.9,0,2.0,32.9,8,7,1,0,0,0
CLI08293,Essencial,Mensal,Pix,Mídia paga,69,47.4,5,0.7,12.7,5,6,0,0,1,0
CLI08294,Essencial,Mensal,Cartão,Indicação,4,47.4,5,2.7,4.9,6,7,1,1,1,0
CLI08295,Plus,Mensal,Cartão,Mídia paga,18,75.9,5,3.9,7.4,10,6,1,1,0,1
CLI08296,Essencial,Mensal,Cartão,Indicação,18,49.9,0,2.3,44.5,6,5,1,0,0,0
CLI08297,Plus,Mensal,Pix,Indicação,14,71.91,10,7.5,6.2,2,8,0,0,0,0
CLI08298,Essencial,Anual,Cartão,Mídia paga,22,49.9,0,5.0,9.2,7,8,1,0,1,0
CLI08299,Essencial,Anual,Pix,Mídia paga,18,42.42,15,6.2,21.9,6,6,1,1,0,0
CLI08300,Essencial,Mensal,Cartão,Busca orgânica,12,49.9,0,1.3,63.7,13,5,0,0,0,0
CLI08301,Plus,Anual,Cartão,Busca orgânica,25,71.91,10,4.2,41.0,7,7,1,0,0,0
CLI08302,Essencial,Anual,Cartão,Busca orgânica,28,47.4,5,4.5,29.3,2,7,1,0,1,0
CLI08303,Essencial,Mensal,Cartão,Parceiro,96,49.9,0,1.2,9.3,3,7,0,0,0,1
CLI08304,Plus,Anual,Débito automático,Mídia paga,11,71.91,10,1.2,48.7,11,7,2,0,0,0
CLI08305,Plus,Anual,Cartão,Busca orgânica,33,79.9,0,5.3,30.8,12,7,1,0,0,0
CLI08306,Essencial,Mensal,Pix,Parceiro,33,49.9,0,4.8,21.1,9,6,1,0,0,0
CLI08307,Plus,Mensal,Débito automático,Mídia paga,46,71.91,10,6.7,15.4,5,7,0,0,0,0
CLI08308,Plus,Mensal,Cartão,Indicação,42,75.9,5,2.6,32.4,9,7,1,2,0,1
CLI08309,Essencial,Anual,Débito automático,Busca orgânica,5,42.42,15,2.4,39.0,15,6,0,0,1,0
CLI08310,Premium,Mensal,Débito automático,Parceiro,21,113.9,5,5.8,14.2,4,2,2,0,0,0
CLI08311,Premium,Mensal,Débito automático,Mídia paga,11,95.92,20,5.5,10.6,7,8,0,0,0,0
CLI08312,Essencial,Mensal,Débito automático,Parceiro,12,49.9,0,4.8,12.0,3,9,1,0,0,0
CLI08313,Essencial,Mensal,Cartão,Busca orgânica,8,42.42,15,2.1,2.2,4,8,1,1,0,0
CLI08314,Essencial,Mensal,Pix,Parceiro,21,49.9,0,4.0,88.5,12,5,0,1,0,0
CLI08315,Essencial,Anual,Pix,Mídia paga,34,49.9,0,2.1,12.6,8,9,0,0,0,0
CLI08316,Plus,Mensal,Débito automático,Mídia paga,63,75.9,5,11.7,22.1,8,5,5,0,0,0
CLI08317,Premium,Anual,Cartão,Parceiro,26,107.91,10,2.4,10.2,7,8,1,0,0,0
CLI08318,Premium,Mensal,Cartão,Busca orgânica,13,107.91,10,0.3,11.4,2,6,0,0,0,0
CLI08319,Essencial,Mensal,Boleto,Mídia paga,29,49.9,0,0.7,11.0,5,8,2,0,0,0
CLI08320,Essencial,Mensal,Cartão,Busca orgânica,36,44.91,10,0.5,26.7,4,9,0,1,0,0
CLI08321,Essencial,Mensal,Cartão,Mídia paga,57,47.4,5,3.3,31.4,6,4,1,1,0,0
CLI08322,Plus,Anual,Cartão,Mídia paga,11,79.9,0,3.7,30.3,4,7,1,0,0,0
CLI08323,Essencial,Anual,Pix,Indicação,7,49.9,0,3.0,33.5,4,4,1,1,1,1
CLI08324,Premium,Mensal,Cartão,Busca orgânica,30,107.91,10,7.1,2.8,4,6,1,0,0,0
CLI08325,Premium,Anual,Cartão,Indicação,25,107.91,10,2.8,35.8,6,6,1,1,1,1
CLI08326,Essencial,Anual,Boleto,Busca orgânica,19,47.4,5,1.9,25.1,5,7,1,3,0,0
CLI08327,Plus,Mensal,Cartão,Indicação,23,75.9,5,5.8,43.3,10,5,0,1,0,0
CLI08328,Plus,Mensal,Cartão,Parceiro,11,75.9,5,6.3,14.8,3,6,2,2,0,0
CLI08329,Plus,Anual,Débito automático,Mídia paga,4,79.9,0,6.8,14.6,6,7,1,0,0,0
CLI08330,Plus,Anual,Cartão,Parceiro,41,71.91,10,6.8,51.4,4,7,1,0,0,0
CLI08331,Essencial,Mensal,Cartão,Indicação,39,42.42,15,1.1,39.3,7,6,0,0,0,0
CLI08332,Plus,Mensal,Pix,Busca orgânica,8,79.9,0,12.6,6.0,2,8,1,0,0,0
CLI08333,Essencial,Mensal,Débito automático,Parceiro,23,44.91,10,3.8,38.0,4,5,1,2,0,0
CLI08334,Plus,Mensal,Cartão,Mídia paga,38,75.9,5,3.0,9.3,6,7,0,1,0,0
CLI08335,Essencial,Mensal,Débito automático,Indicação,35,44.91,10,5.8,19.3,3,9,1,0,1,0
CLI08336,Plus,Mensal,Débito automático,Parceiro,14,75.9,5,3.6,32.4,4,7,1,0,1,0
CLI08337,Premium,Mensal,Pix,Indicação,28,119.9,0,13.2,31.5,9,5,2,1,1,0
CLI08338,Essencial,Mensal,Pix,Busca orgânica,10,47.4,5,2.0,36.0,11,8,0,0,0,0
CLI08339,Essencial,Mensal,Débito automático,Mídia paga,44,49.9,0,2.8,20.5,10,9,0,0,0,0
CLI08340,Plus,Mensal,Cartão,Mídia paga,21,79.9,0,2.1,25.5,6,8,0,0,0,0
CLI08341,Essencial,Mensal,Pix,Mídia paga,29,49.9,0,2.8,5.6,6,7,0,0,0,0
CLI08342,Plus,Anual,Cartão,Indicação,33,63.92,20,2.6,25.5,5,8,2,0,0,0
CLI08343,Plus,Anual,Cartão,Busca orgânica,22,63.92,20,3.5,3.8,4,10,0,2,0,0
CLI08344,Essencial,Mensal,Boleto,Busca orgânica,33,49.9,0,7.2,25.4,4,5,3,4,0,1
CLI08345,Premium,Anual,Cartão,Busca orgânica,45,119.9,0,5.8,27.4,5,9,0,1,0,0
CLI08346,Plus,Anual,Cartão,Indicação,11,75.9,5,10.7,33.1,13,8,0,3,0,0
CLI08347,Plus,Mensal,Cartão,Mídia paga,51,71.91,10,3.6,45.3,10,4,0,0,1,0
CLI08348,Essencial,Anual,Pix,Parceiro,17,49.9,0,9.0,23.2,3,9,0,0,0,0
CLI08349,Essencial,Mensal,Débito automático,Parceiro,34,49.9,0,3.9,9.7,3,7,0,1,0,0
CLI08350,Essencial,Mensal,Cartão,Mídia paga,21,47.4,5,1.2,75.0,11,6,0,0,0,0
CLI08351,Premium,Anual,Débito automático,Indicação,30,119.9,0,4.8,12.3,4,7,0,1,0,0
CLI08352,Premium,Mensal,Cartão,Busca orgânica,49,113.9,5,6.7,41.0,10,5,1,0,0,0
CLI08353,Plus,Mensal,Boleto,Parceiro,25,67.92,15,3.8,45.2,11,8,0,1,0,0
CLI08354,Essencial,Mensal,Débito automático,Indicação,32,39.92,20,2.0,25.4,8,6,2,0,1,0
CLI08355,Plus,Mensal,Cartão,Indicação,58,75.9,5,5.1,45.7,8,4,1,1,0,0
CLI08356,Plus,Mensal,Débito automático,Busca orgânica,18,79.9,0,5.4,16.3,4,8,1,0,1,0
CLI08357,Plus,Mensal,Cartão,Mídia paga,13,71.91,10,7.1,44.5,11,7,1,1,0,0
CLI08358,Essencial,Anual,Pix,Parceiro,47,42.42,15,5.9,6.4,3,8,1,0,0,0
CLI08359,Premium,Mensal,Cartão,Busca orgânica,22,113.9,5,9.2,12.4,8,7,0,2,1,0
CLI08360,Essencial,Anual,Cartão,Mídia paga,20,42.42,15,2.1,0.1,6,8,0,0,0,0
CLI08361,Essencial,Mensal,Boleto,Mídia paga,52,47.4,5,6.3,16.2,6,6,2,1,0,0
CLI08362,Premium,Mensal,Débito automático,Mídia paga,14,113.9,5,3.5,25.1,4,7,2,0,0,0
CLI08363,Plus,Anual,Pix,Busca orgânica,34,75.9,5,7.6,37.1,17,8,2,0,0,0
CLI08364,Essencial,Mensal,Boleto,Mídia paga,65,47.4,5,3.1,22.5,4,5,1,1,0,0
CLI08365,Plus,Mensal,Cartão,Parceiro,10,79.9,0,2.5,8.7,5,6,1,0,1,0
CLI08366,Premium,Anual,Cartão,Parceiro,66,101.92,15,2.9,48.6,9,6,0,1,1,0
CLI08367,Essencial,Mensal,Débito automático,Busca orgânica,19,39.92,20,3.6,43.8,11,5,2,2,0,1
CLI08368,Plus,Mensal,Cartão,Indicação,20,75.9,5,1.8,60.9,7,6,0,1,0,0
CLI08369,Essencial,Anual,Débito automático,Parceiro,7,44.91,10,3.5,30.7,9,7,1,0,0,0
CLI08370,Essencial,Mensal,Cartão,Parceiro,30,49.9,0,4.1,63.7,13,7,2,1,0,1
CLI08371,Essencial,Anual,Cartão,Indicação,11,44.91,10,7.5,14.1,6,9,0,0,1,0
CLI08372,Plus,Mensal,Cartão,Indicação,35,79.9,0,2.3,30.7,12,4,0,1,0,0
CLI08373,Essencial,Mensal,Cartão,Indicação,23,49.9,0,3.2,6.7,8,7,0,1,0,0
CLI08374,Essencial,Mensal,Cartão,Mídia paga,29,47.4,5,5.8,26.2,10,8,0,1,1,0
CLI08375,Plus,Anual,Cartão,Busca orgânica,39,79.9,0,2.5,70.9,8,5,1,0,0,0
CLI08376,Plus,Mensal,Cartão,Busca orgânica,77,79.9,0,6.1,36.7,5,7,1,2,0,0
CLI08377,Plus,Anual,Débito automático,Mídia paga,25,79.9,0,7.6,64.5,14,5,1,0,0,0
CLI08378,Premium,Anual,Cartão,Busca orgânica,35,113.9,5,5.8,1.6,5,9,1,0,0,0
CLI08379,Essencial,Mensal,Cartão,Parceiro,32,47.4,5,3.5,47.1,10,7,1,1,1,1
CLI08380,Essencial,Mensal,Cartão,Busca orgânica,29,44.91,10,2.8,8.3,4,8,1,0,0,0
CLI08381,Plus,Mensal,Cartão,Busca orgânica,8,79.9,0,8.9,26.3,8,8,1,0,0,0
CLI08382,Plus,Anual,Cartão,Parceiro,13,75.9,5,11.3,17.9,7,8,1,0,0,0
CLI08383,Essencial,Mensal,Cartão,Indicação,9,49.9,0,2.7,71.6,17,3,0,0,1,0
CLI08384,Essencial,Anual,Cartão,Indicação,61,44.91,10,1.8,12.4,4,7,2,0,1,0
CLI08385,Essencial,Mensal,Boleto,Busca orgânica,62,42.42,15,3.9,20.5,7,8,1,0,0,0
CLI08386,Essencial,Anual,Cartão,Mídia paga,39,39.92,20,2.2,24.5,7,7,1,0,0,0
CLI08387,Premium,Anual,Cartão,Busca orgânica,47,113.9,5,5.9,13.2,3,4,3,0,0,0
CLI08388,Plus,Mensal,Débito automático,Parceiro,9,67.92,15,11.4,34.5,5,8,1,0,0,0
CLI08389,Essencial,Mensal,Cartão,Parceiro,35,47.4,5,2.3,26.2,11,7,0,0,0,0
CLI08390,Plus,Mensal,Cartão,Indicação,16,79.9,0,1.5,27.9,7,8,0,4,1,1
CLI08391,Plus,Mensal,Cartão,Indicação,11,67.92,15,4.3,19.1,7,7,0,1,1,0
CLI08392,Essencial,Anual,Pix,Mídia paga,47,49.9,0,1.3,26.3,8,7,1,0,0,0
CLI08393,Essencial,Mensal,Débito automático,Parceiro,35,44.91,10,2.2,80.1,12,5,0,1,0,0
CLI08394,Plus,Mensal,Cartão,Busca orgânica,10,63.92,20,1.4,35.1,7,3,1,1,0,1
CLI08395,Essencial,Anual,Débito automático,Busca orgânica,57,49.9,0,7.8,69.7,12,4,2,0,0,0
CLI08396,Plus,Anual,Pix,Indicação,23,79.9,0,9.7,30.2,8,9,1,0,0,0
CLI08397,Plus,Mensal,Débito automático,Parceiro,40,79.9,0,9.7,7.5,4,4,2,0,1,0
CLI08398,Plus,Anual,Cartão,Indicação,17,75.9,5,6.9,3.0,4,8,0,0,1,0
CLI08399,Premium,Mensal,Boleto,Mídia paga,30,107.91,10,9.9,5.9,4,6,2,3,0,0
CLI08400,Plus,Mensal,Cartão,Indicação,42,75.9,5,2.4,83.2,14,4,2,2,0,1
CLI08401,Plus,Mensal,Cartão,Mídia paga,10,79.9,0,2.0,38.4,3,7,0,0,0,0
CLI08402,Essencial,Mensal,Pix,Busca orgânica,67,47.4,5,3.0,21.2,6,6,1,0,0,0
CLI08403,Plus,Mensal,Boleto,Mídia paga,39,67.92,15,2.4,19.9,5,8,0,2,0,0
CLI08404,Premium,Mensal,Cartão,Indicação,32,95.92,20,5.5,30.9,8,7,1,0,0,0
CLI08405,Premium,Mensal,Cartão,Indicação,3,119.9,0,4.5,11.3,4,5,2,0,1,1
CLI08406,Premium,Anual,Boleto,Indicação,25,107.91,10,1.3,50.8,10,5,1,1,1,0
CLI08407,Essencial,Mensal,Débito automático,Mídia paga,47,42.42,15,6.9,47.7,14,6,1,0,1,0
CLI08408,Plus,Anual,Débito automático,Mídia paga,4,71.91,10,3.2,22.2,4,5,2,1,0,0
CLI08409,Premium,Anual,Cartão,Indicação,61,101.92,15,5.5,5.0,5,8,1,0,0,0
CLI08410,Plus,Mensal,Cartão,Busca orgânica,7,71.91,10,3.0,24.9,7,5,0,1,1,0
CLI08411,Plus,Mensal,Boleto,Busca orgânica,30,79.9,0,7.3,5.9,5,7,0,1,0,1
CLI08412,Plus,Mensal,Cartão,Indicação,70,71.91,10,1.1,24.0,8,7,0,2,1,1
CLI08413,Plus,Mensal,Débito automático,Mídia paga,33,75.9,5,5.8,40.0,8,7,1,0,0,0
CLI08414,Essencial,Anual,Pix,Busca orgânica,44,49.9,0,0.3,46.1,9,7,1,0,0,0
CLI08415,Essencial,Mensal,Boleto,Mídia paga,47,49.9,0,12.5,28.4,11,8,0,0,0,0
CLI08416,Premium,Anual,Pix,Mídia paga,37,101.92,15,15.1,7.1,7,7,2,2,0,0
CLI08417,Premium,Anual,Cartão,Parceiro,13,107.91,10,3.3,59.5,10,7,1,1,0,0
CLI08418,Premium,Anual,Débito automático,Mídia paga,21,119.9,0,2.3,22.0,3,6,1,0,0,0
CLI08419,Essencial,Mensal,Boleto,Indicação,13,44.91,10,8.7,12.9,5,8,0,1,0,0
CLI08420,Essencial,Anual,Boleto,Indicação,65,44.91,10,5.2,24.3,3,6,0,0,0,0
CLI08421,Essencial,Mensal,Cartão,Busca orgânica,21,49.9,0,2.2,49.8,10,6,0,1,0,1
CLI08422,Premium,Mensal,Cartão,Indicação,50,107.91,10,5.4,25.2,8,7,1,1,0,0
CLI08423,Plus,Anual,Débito automático,Busca orgânica,40,67.92,15,1.5,23.7,4,7,0,0,0,0
CLI08424,Premium,Mensal,Pix,Parceiro,29,101.92,15,3.4,8.4,5,7,0,1,0,0
CLI08425,Essencial,Anual,Cartão,Indicação,12,49.9,0,3.2,4.6,3,5,2,0,0,1
CLI08426,Plus,Anual,Cartão,Mídia paga,15,79.9,0,1.3,10.6,8,9,1,0,1,0
CLI08427,Plus,Anual,Cartão,Busca orgânica,16,79.9,0,1.9,7.3,8,7,0,1,0,0
CLI08428,Essencial,Anual,Cartão,Indicação,9,44.91,10,1.9,2.3,3,6,1,1,0,0
CLI08429,Premium,Mensal,Cartão,Indicação,81,113.9,5,1.6,3.1,8,6,2,2,0,1
CLI08430,Plus,Mensal,Boleto,Indicação,38,71.91,10,11.9,45.7,8,7,0,1,0,1
CLI08431,Essencial,Mensal,Débito automático,Busca orgânica,29,44.91,10,5.7,45.0,7,5,0,1,0,0
CLI08432,Essencial,Anual,Cartão,Parceiro,5,49.9,0,1.2,49.2,7,7,0,1,0,0
CLI08433,Premium,Mensal,Pix,Mídia paga,22,95.92,20,3.9,47.4,5,7,0,1,1,0
CLI08434,Plus,Anual,Cartão,Indicação,24,75.9,5,10.2,23.4,3,9,0,0,0,0
CLI08435,Plus,Mensal,Débito automático,Indicação,27,63.92,20,1.5,48.5,8,4,3,0,0,0
CLI08436,Plus,Mensal,Débito automático,Parceiro,28,79.9,0,6.1,13.3,4,8,2,0,0,0
CLI08437,Essencial,Anual,Cartão,Indicação,37,49.9,0,6.2,7.9,0,8,0,0,1,0
CLI08438,Plus,Anual,Boleto,Busca orgânica,9,75.9,5,2.5,44.1,4,5,3,2,0,0
CLI08439,Premium,Mensal,Cartão,Mídia paga,18,95.92,20,11.2,5.9,3,10,0,0,0,0
CLI08440,Essencial,Mensal,Débito automático,Mídia paga,35,49.9,0,2.4,14.0,5,7,1,0,0,0
CLI08441,Plus,Anual,Boleto,Indicação,35,75.9,5,6.0,4.4,3,7,1,0,0,0
CLI08442,Essencial,Anual,Débito automático,Mídia paga,29,49.9,0,2.7,31.9,11,8,0,0,0,0
CLI08443,Essencial,Mensal,Cartão,Busca orgânica,44,49.9,0,0.7,12.3,2,8,0,0,0,0
CLI08444,Essencial,Mensal,Cartão,Mídia paga,21,44.91,10,2.6,9.8,8,7,2,0,0,0
CLI08445,Premium,Mensal,Cartão,Indicação,25,119.9,0,1.4,9.8,3,7,0,0,1,0
CLI08446,Essencial,Mensal,Cartão,Parceiro,45,49.9,0,7.6,41.3,2,9,0,0,1,0
CLI08447,Essencial,Mensal,Cartão,Mídia paga,9,44.91,10,1.2,39.8,7,5,0,0,0,0
CLI08448,Plus,Mensal,Cartão,Indicação,66,71.91,10,4.4,40.6,5,6,0,0,0,0
CLI08449,Essencial,Anual,Pix,Mídia paga,41,49.9,0,5.0,50.4,11,5,3,0,0,0
CLI08450,Plus,Mensal,Cartão,Busca orgânica,17,79.9,0,6.5,45.3,9,7,0,1,0,0
CLI08451,Premium,Anual,Cartão,Parceiro,46,113.9,5,3.4,8.3,4,8,1,0,0,0
CLI08452,Essencial,Mensal,Débito automático,Indicação,11,42.42,15,1.9,17.6,5,5,0,1,1,0
CLI08453,Essencial,Mensal,Cartão,Busca orgânica,60,49.9,0,4.8,40.9,7,5,2,0,0,0
CLI08454,Premium,Mensal,Pix,Mídia paga,5,119.9,0,5.1,63.0,12,6,0,0,0,0
CLI08455,Essencial,Mensal,Débito automático,Indicação,8,49.9,0,6.9,3.5,3,8,0,1,0,0
CLI08456,Essencial,Anual,Pix,Busca orgânica,14,49.9,0,2.7,10.7,7,7,0,0,1,0
CLI08457,Premium,Anual,Pix,Mídia paga,15,113.9,5,3.6,0.4,3,9,1,0,0,0
CLI08458,Premium,Anual,Débito automático,Mídia paga,31,119.9,0,13.0,13.5,7,8,3,0,0,0
CLI08459,Plus,Anual,Pix,Busca orgânica,44,71.91,10,1.6,19.0,5,7,0,1,1,0
CLI08460,Plus,Anual,Pix,Busca orgânica,6,79.9,0,3.4,29.9,7,6,1,0,1,0
CLI08461,Premium,Anual,Débito automático,Mídia paga,62,119.9,0,6.1,75.8,11,6,2,0,0,0
CLI08462,Plus,Mensal,Débito automático,Parceiro,35,71.91,10,4.6,45.7,5,7,1,0,0,0
CLI08463,Plus,Anual,Cartão,Mídia paga,80,71.91,10,5.7,1.7,6,8,1,0,0,0
CLI08464,Premium,Mensal,Cartão,Mídia paga,24,101.92,15,6.5,20.2,13,10,0,0,0,0
CLI08465,Plus,Mensal,Débito automático,Mídia paga,67,75.9,5,4.7,26.4,5,8,0,0,1,0
CLI08466,Plus,Anual,Pix,Busca orgânica,85,63.92,20,2.6,32.0,7,7,1,0,0,0
CLI08467,Essencial,Anual,Débito automático,Busca orgânica,15,49.9,0,4.4,11.7,3,9,0,0,1,0
CLI08468,Plus,Mensal,Cartão,Mídia paga,13,75.9,5,3.8,18.5,7,9,0,0,1,0
CLI08469,Plus,Anual,Cartão,Busca orgânica,20,75.9,5,7.2,25.7,4,8,0,2,1,0
CLI08470,Essencial,Mensal,Pix,Busca orgânica,19,44.91,10,4.3,4.9,8,9,1,0,0,0
CLI08471,Essencial,Anual,Débito automático,Indicação,31,49.9,0,8.2,25.6,8,8,0,1,0,0
CLI08472,Plus,Anual,Cartão,Mídia paga,19,79.9,0,16.1,1.6,3,7,0,0,0,0
CLI08473,Essencial,Mensal,Boleto,Mídia paga,46,47.4,5,5.0,75.5,6,4,1,2,0,1
CLI08474,Essencial,Anual,Débito automático,Mídia paga,38,44.91,10,2.7,26.6,9,7,0,0,0,0
CLI08475,Essencial,Anual,Débito automático,Indicação,14,44.91,10,1.0,15.9,7,9,0,0,0,0
CLI08476,Essencial,Anual,Débito automático,Parceiro,24,44.91,10,2.6,12.9,4,9,0,0,0,0
CLI08477,Plus,Anual,Cartão,Indicação,48,71.91,10,2.6,23.7,5,7,2,0,1,0
CLI08478,Essencial,Anual,Cartão,Mídia paga,33,49.9,0,1.9,46.7,4,5,0,1,1,0
CLI08479,Essencial,Mensal,Cartão,Mídia paga,39,44.91,10,3.4,8.2,2,5,1,0,0,0
CLI08480,Plus,Anual,Cartão,Busca orgânica,13,75.9,5,3.3,53.4,10,7,3,1,0,0
CLI08481,Essencial,Mensal,Cartão,Parceiro,26,49.9,0,1.7,16.8,8,7,0,0,0,0
CLI08482,Essencial,Mensal,Débito automático,Busca orgânica,10,49.9,0,1.3,19.2,5,8,1,1,0,0
CLI08483,Premium,Mensal,Débito automático,Indicação,29,119.9,0,2.1,19.0,6,6,2,0,0,0
CLI08484,Plus,Mensal,Cartão,Busca orgânica,23,79.9,0,6.5,8.7,1,10,0,0,0,0
CLI08485,Plus,Anual,Pix,Busca orgânica,30,79.9,0,1.9,55.2,10,7,0,0,0,0
CLI08486,Premium,Anual,Débito automático,Mídia paga,13,101.92,15,8.4,32.2,9,10,0,0,0,0
CLI08487,Premium,Anual,Débito automático,Busca orgânica,35,113.9,5,5.7,25.9,6,7,1,0,0,0
CLI08488,Essencial,Mensal,Boleto,Indicação,48,47.4,5,4.7,31.6,3,8,1,1,0,0
CLI08489,Plus,Mensal,Cartão,Busca orgânica,3,67.92,15,1.1,26.9,6,8,1,0,1,1
CLI08490,Plus,Mensal,Cartão,Mídia paga,8,79.9,0,7.4,40.6,9,8,1,1,0,0
CLI08491,Essencial,Mensal,Débito automático,Busca orgânica,15,49.9,0,6.0,25.6,9,7,0,0,0,1
CLI08492,Premium,Mensal,Cartão,Mídia paga,20,119.9,0,7.9,15.6,2,8,0,1,0,0
CLI08493,Essencial,Mensal,Débito automático,Busca orgânica,17,49.9,0,0.4,32.4,8,7,0,0,0,0
CLI08494,Premium,Anual,Cartão,Mídia paga,9,119.9,0,8.1,24.7,14,7,2,0,0,0
CLI08495,Plus,Mensal,Cartão,Parceiro,30,67.92,15,16.6,50.2,4,6,1,2,0,0
CLI08496,Plus,Anual,Pix,Busca orgânica,29,75.9,5,5.9,42.7,9,8,0,0,0,0
CLI08497,Essencial,Anual,Débito automático,Busca orgânica,17,44.91,10,3.7,24.8,10,5,1,0,0,0
CLI08498,Premium,Anual,Cartão,Parceiro,34,119.9,0,7.5,29.8,5,6,1,1,0,0
CLI08499,Plus,Mensal,Débito automático,Indicação,22,75.9,5,4.7,4.6,2,9,0,0,0,0
CLI08500,Essencial,Mensal,Débito automático,Mídia paga,69,44.91,10,4.8,36.9,7,8,1,0,0,0
CLI08501,Essencial,Anual,Débito automático,Busca orgânica,7,47.4,5,1.4,22.1,7,8,2,0,0,0
CLI08502,Plus,Mensal,Boleto,Indicação,13,79.9,0,7.6,36.1,7,9,0,0,0,0
CLI08503,Essencial,Mensal,Débito automático,Mídia paga,21,49.9,0,1.6,22.3,8,9,0,0,1,0
CLI08504,Plus,Anual,Débito automático,Indicação,50,79.9,0,1.9,26.0,11,8,1,0,0,0
CLI08505,Plus,Anual,Pix,Parceiro,41,75.9,5,1.0,49.9,12,8,0,0,0,0
CLI08506,Essencial,Anual,Débito automático,Busca orgânica,35,49.9,0,5.3,18.0,5,7,0,1,1,0
CLI08507,Plus,Mensal,Boleto,Indicação,8,79.9,0,6.1,52.0,7,4,0,0,0,0
CLI08508,Essencial,Mensal,Pix,Busca orgânica,15,44.91,10,4.4,13.2,9,7,1,0,1,0
CLI08509,Premium,Anual,Cartão,Mídia paga,23,107.91,10,9.3,20.2,5,8,1,1,0,0
CLI08510,Premium,Mensal,Cartão,Busca orgânica,46,119.9,0,1.6,17.6,5,5,1,1,0,0
CLI08511,Essencial,Mensal,Débito automático,Busca orgânica,24,49.9,0,2.8,35.3,15,6,2,0,0,0
CLI08512,Plus,Mensal,Boleto,Busca orgânica,37,71.91,10,0.8,2.5,4,7,0,0,1,0
CLI08513,Plus,Mensal,Cartão,Mídia paga,34,79.9,0,3.3,21.9,5,7,0,0,0,1
CLI08514,Premium,Mensal,Boleto,Busca orgânica,38,119.9,0,11.5,45.6,11,6,0,1,1,0
CLI08515,Essencial,Anual,Cartão,Parceiro,14,47.4,5,7.7,37.6,10,6,2,1,0,0
CLI08516,Plus,Mensal,Cartão,Indicação,42,71.91,10,7.1,8.5,6,7,1,0,0,0
CLI08517,Premium,Mensal,Boleto,Indicação,36,107.91,10,3.3,7.7,6,8,0,0,1,0
CLI08518,Essencial,Anual,Boleto,Busca orgânica,65,47.4,5,1.3,26.6,2,7,1,0,1,0
CLI08519,Plus,Anual,Pix,Indicação,19,67.92,15,4.7,45.2,10,6,1,0,1,0
CLI08520,Essencial,Anual,Boleto,Mídia paga,29,49.9,0,4.7,58.6,9,4,1,1,1,0
CLI08521,Plus,Anual,Débito automático,Parceiro,9,75.9,5,1.5,85.2,11,6,0,0,0,1
CLI08522,Essencial,Mensal,Débito automático,Mídia paga,6,47.4,5,1.5,59.1,13,7,1,2,0,1
CLI08523,Premium,Mensal,Débito automático,Mídia paga,72,107.91,10,7.6,15.9,6,9,1,1,0,0
CLI08524,Essencial,Mensal,Cartão,Mídia paga,33,47.4,5,2.9,24.6,7,7,0,1,0,0
CLI08525,Essencial,Mensal,Cartão,Indicação,6,39.92,20,1.9,2.4,6,8,0,0,0,0
CLI08526,Premium,Anual,Cartão,Indicação,36,101.92,15,6.9,44.1,10,7,1,0,0,0
CLI08527,Premium,Anual,Cartão,Mídia paga,19,119.9,0,10.1,39.6,9,6,0,0,0,0
CLI08528,Plus,Mensal,Cartão,Parceiro,37,79.9,0,2.2,30.1,2,7,0,1,0,1
CLI08529,Plus,Mensal,Cartão,Mídia paga,43,75.9,5,1.2,69.3,8,6,0,0,0,0
CLI08530,Essencial,Anual,Cartão,Mídia paga,31,49.9,0,1.1,31.3,10,5,0,0,0,0
CLI08531,Plus,Mensal,Pix,Indicação,21,79.9,0,2.6,15.3,7,9,0,0,0,0
CLI08532,Essencial,Mensal,Cartão,Mídia paga,26,47.4,5,2.7,77.5,9,5,2,2,0,1
CLI08533,Essencial,Mensal,Cartão,Mídia paga,38,44.91,10,4.2,43.6,5,6,1,0,0,0
CLI08534,Premium,Mensal,Cartão,Parceiro,42,107.91,10,1.6,24.9,9,7,1,2,0,0
CLI08535,Plus,Mensal,Cartão,Mídia paga,14,75.9,5,9.2,30.2,6,9,0,1,0,0
CLI08536,Essencial,Mensal,Débito automático,Indicação,8,44.91,10,1.6,19.9,7,7,1,0,0,0
CLI08537,Essencial,Mensal,Boleto,Mídia paga,10,49.9,0,3.2,32.9,6,6,1,1,0,0
CLI08538,Premium,Mensal,Débito automático,Busca orgânica,21,113.9,5,20.5,38.2,8,6,3,0,1,0
CLI08539,Essencial,Mensal,Débito automático,Busca orgânica,41,49.9,0,1.6,20.9,7,10,0,0,0,0
CLI08540,Essencial,Mensal,Boleto,Mídia paga,22,49.9,0,1.6,14.7,6,9,0,1,0,0
CLI08541,Essencial,Mensal,Débito automático,Parceiro,9,49.9,0,5.5,16.0,2,8,0,0,0,0
CLI08542,Essencial,Mensal,Cartão,Mídia paga,30,44.91,10,6.1,36.4,5,9,0,0,0,0
CLI08543,Essencial,Anual,Cartão,Indicação,24,42.42,15,1.9,49.4,7,8,0,0,0,0
CLI08544,Premium,Anual,Pix,Indicação,43,107.91,10,2.6,37.8,4,8,2,0,1,0
CLI08545,Essencial,Mensal,Pix,Busca orgânica,12,49.9,0,0.7,31.9,6,5,0,1,0,1
CLI08546,Plus,Mensal,Débito automático,Mídia paga,32,71.91,10,0.8,11.7,7,8,2,1,0,0
CLI08547,Plus,Mensal,Cartão,Mídia paga,30,79.9,0,3.1,40.0,4,7,1,1,0,1
CLI08548,Plus,Mensal,Boleto,Busca orgânica,37,67.92,15,0.3,40.7,7,5,1,1,1,1
CLI08549,Plus,Anual,Pix,Busca orgânica,47,71.91,10,4.7,36.0,7,7,1,0,0,0
CLI08550,Plus,Anual,Boleto,Mídia paga,4,79.9,0,6.5,35.1,5,8,2,1,0,0
CLI08551,Plus,Mensal,Pix,Indicação,16,75.9,5,1.5,22.4,5,9,0,1,1,0
CLI08552,Plus,Mensal,Cartão,Mídia paga,23,71.91,10,7.4,40.2,5,5,2,2,0,0
CLI08553,Plus,Mensal,Cartão,Mídia paga,15,67.92,15,5.4,13.6,4,9,0,0,0,0
CLI08554,Plus,Mensal,Cartão,Busca orgânica,28,79.9,0,5.2,4.1,7,6,2,0,1,0
CLI08555,Plus,Mensal,Cartão,Indicação,23,71.91,10,1.5,44.2,4,3,0,1,1,0
CLI08556,Essencial,Mensal,Boleto,Mídia paga,9,44.91,10,2.4,8.0,6,8,1,0,1,0
CLI08557,Plus,Mensal,Cartão,Indicação,38,79.9,0,6.8,28.2,5,7,0,0,0,0
CLI08558,Plus,Anual,Cartão,Busca orgânica,11,79.9,0,2.5,14.3,5,5,0,1,1,0
CLI08559,Essencial,Anual,Cartão,Parceiro,28,49.9,0,6.4,36.5,10,4,1,0,1,1
CLI08560,Premium,Mensal,Pix,Indicação,10,119.9,0,6.3,45.4,7,8,2,0,1,0
CLI08561,Essencial,Anual,Cartão,Parceiro,28,49.9,0,4.8,13.3,7,8,1,1,1,0
CLI08562,Essencial,Anual,Cartão,Indicação,23,49.9,0,1.1,12.6,4,8,2,0,0,0
CLI08563,Premium,Mensal,Débito automático,Busca orgânica,25,119.9,0,7.0,6.6,7,10,0,0,0,0
CLI08564,Essencial,Anual,Cartão,Indicação,30,49.9,0,1.0,7.2,6,8,0,0,1,0
CLI08565,Essencial,Anual,Boleto,Mídia paga,44,47.4,5,1.8,8.2,7,8,1,0,0,0
CLI08566,Essencial,Mensal,Cartão,Parceiro,18,47.4,5,0.6,54.9,11,7,0,0,0,0
CLI08567,Premium,Mensal,Débito automático,Busca orgânica,8,119.9,0,10.2,9.2,7,9,2,0,0,0
CLI08568,Essencial,Mensal,Débito automático,Parceiro,21,49.9,0,3.7,26.2,5,6,0,1,0,0
CLI08569,Plus,Anual,Cartão,Mídia paga,45,75.9,5,12.0,61.6,14,8,1,0,0,0
CLI08570,Plus,Anual,Débito automático,Parceiro,2,67.92,15,4.0,14.9,7,9,0,0,1,0
CLI08571,Plus,Mensal,Cartão,Mídia paga,8,71.91,10,2.2,9.5,4,7,0,0,0,0
CLI08572,Premium,Mensal,Cartão,Mídia paga,22,113.9,5,14.5,24.4,6,5,2,0,0,0
CLI08573,Plus,Mensal,Débito automático,Parceiro,48,79.9,0,25.8,26.1,10,5,0,0,0,0
CLI08574,Essencial,Anual,Boleto,Mídia paga,16,47.4,5,5.9,7.4,5,8,0,1,1,0
CLI08575,Premium,Mensal,Cartão,Mídia paga,22,107.91,10,12.6,36.9,6,4,1,0,0,0
CLI08576,Plus,Mensal,Débito automático,Busca orgânica,15,79.9,0,2.2,61.1,11,5,3,0,1,1
CLI08577,Essencial,Mensal,Cartão,Indicação,18,39.92,20,2.3,10.9,6,6,1,1,1,0
CLI08578,Essencial,Anual,Cartão,Mídia paga,39,49.9,0,5.9,23.2,4,9,0,2,0,0
CLI08579,Plus,Mensal,Cartão,Busca orgânica,43,79.9,0,4.4,20.7,5,6,0,2,1,0
CLI08580,Essencial,Mensal,Pix,Busca orgânica,41,39.92,20,3.6,25.1,4,7,0,1,0,0
CLI08581,Plus,Mensal,Débito automático,Mídia paga,37,67.92,15,2.1,58.5,18,8,0,0,0,0
CLI08582,Essencial,Mensal,Pix,Mídia paga,10,49.9,0,3.2,73.1,7,6,0,0,0,0
CLI08583,Plus,Mensal,Boleto,Parceiro,66,79.9,0,5.7,5.3,1,8,0,0,0,0
CLI08584,Essencial,Mensal,Débito automático,Busca orgânica,63,44.91,10,2.0,6.3,6,6,1,1,1,0
CLI08585,Premium,Anual,Cartão,Busca orgânica,23,113.9,5,18.7,45.3,9,4,0,0,0,0
CLI08586,Essencial,Mensal,Cartão,Indicação,47,39.92,20,3.2,5.3,2,7,1,1,1,0
CLI08587,Essencial,Mensal,Pix,Parceiro,4,44.91,10,4.5,34.3,7,7,1,0,1,0
CLI08588,Essencial,Mensal,Cartão,Busca orgânica,50,44.91,10,5.3,35.7,6,7,3,0,0,0
CLI08589,Plus,Mensal,Cartão,Parceiro,28,71.91,10,3.6,37.5,10,10,0,0,0,0
CLI08590,Plus,Mensal,Cartão,Busca orgânica,11,63.92,20,2.7,59.2,9,8,0,0,0,0
CLI08591,Plus,Mensal,Cartão,Busca orgânica,51,75.9,5,2.8,8.9,2,7,0,0,0,0
CLI08592,Essencial,Mensal,Pix,Mídia paga,5,49.9,0,5.6,6.0,3,8,1,0,0,0
CLI08593,Premium,Mensal,Débito automático,Mídia paga,41,107.91,10,3.6,23.2,10,8,2,0,0,0
CLI08594,Essencial,Anual,Débito automático,Busca orgânica,51,47.4,5,9.4,18.8,5,7,1,0,0,0
CLI08595,Essencial,Mensal,Boleto,Busca orgânica,56,42.42,15,0.8,36.1,7,7,1,0,0,0
CLI08596,Plus,Mensal,Débito automático,Busca orgânica,3,75.9,5,13.5,11.7,7,7,1,0,1,0
CLI08597,Plus,Anual,Cartão,Mídia paga,7,79.9,0,6.4,1.9,3,9,1,0,0,0
CLI08598,Plus,Mensal,Pix,Indicação,8,71.91,10,4.5,36.4,6,3,2,0,0,1
CLI08599,Essencial,Anual,Cartão,Indicação,38,42.42,15,1.2,22.7,5,7,0,0,0,0
CLI08600,Essencial,Mensal,Boleto,Indicação,65,49.9,0,1.6,41.3,6,6,1,0,1,0
CLI08601,Plus,Mensal,Pix,Busca orgânica,33,79.9,0,4.8,1.7,7,6,2,1,1,0
CLI08602,Essencial,Anual,Cartão,Mídia paga,17,49.9,0,1.9,71.2,12,7,0,0,0,0
CLI08603,Essencial,Mensal,Débito automático,Mídia paga,60,49.9,0,1.5,26.9,9,8,0,0,0,0
CLI08604,Premium,Anual,Pix,Parceiro,62,113.9,5,5.6,17.6,6,9,1,0,0,0
CLI08605,Plus,Mensal,Boleto,Mídia paga,68,79.9,0,3.2,39.0,6,8,0,1,0,0
CLI08606,Essencial,Mensal,Cartão,Busca orgânica,11,39.92,20,7.0,11.0,2,8,1,0,0,0
CLI08607,Essencial,Mensal,Cartão,Mídia paga,9,49.9,0,5.0,38.8,9,6,0,1,0,1
CLI08608,Plus,Mensal,Boleto,Parceiro,6,79.9,0,7.3,5.7,2,10,0,0,0,0
CLI08609,Essencial,Mensal,Cartão,Indicação,8,49.9,0,3.3,16.0,3,7,0,0,1,0
CLI08610,Essencial,Anual,Cartão,Busca orgânica,4,47.4,5,1.2,39.9,9,6,2,1,0,0
CLI08611,Essencial,Mensal,Pix,Busca orgânica,46,42.42,15,3.4,14.9,4,7,0,0,0,0
CLI08612,Plus,Anual,Débito automático,Parceiro,32,71.91,10,5.5,34.2,7,5,0,0,0,0
CLI08613,Plus,Mensal,Cartão,Indicação,96,63.92,20,6.1,22.9,8,7,1,0,0,0
CLI08614,Essencial,Mensal,Cartão,Indicação,24,47.4,5,3.4,15.6,6,6,0,1,0,0
CLI08615,Essencial,Mensal,Cartão,Mídia paga,26,49.9,0,5.9,49.2,9,4,3,1,0,1
CLI08616,Plus,Mensal,Cartão,Mídia paga,52,67.92,15,1.6,9.0,2,8,0,0,0,0
CLI08617,Plus,Mensal,Cartão,Busca orgânica,18,75.9,5,2.9,4.7,2,7,0,0,0,0
CLI08618,Plus,Anual,Cartão,Busca orgânica,12,75.9,5,4.9,2.5,4,8,1,0,0,0
CLI08619,Essencial,Anual,Débito automático,Mídia paga,31,47.4,5,3.2,31.3,12,7,0,0,1,0
CLI08620,Plus,Mensal,Pix,Busca orgânica,23,79.9,0,2.2,11.6,7,8,0,0,1,0
CLI08621,Premium,Mensal,Cartão,Busca orgânica,30,119.9,0,3.7,6.0,7,8,0,0,0,0
CLI08622,Plus,Mensal,Cartão,Indicação,69,79.9,0,2.9,23.9,11,6,0,0,1,0
CLI08623,Essencial,Mensal,Cartão,Mídia paga,14,49.9,0,0.7,4.9,2,8,0,0,0,0
CLI08624,Plus,Anual,Cartão,Busca orgânica,14,79.9,0,1.9,11.1,5,7,1,0,1,0
CLI08625,Essencial,Mensal,Boleto,Mídia paga,43,47.4,5,5.5,30.8,7,5,1,2,0,0
CLI08626,Essencial,Mensal,Cartão,Busca orgânica,15,44.91,10,4.2,62.5,7,7,0,0,0,0
CLI08627,Essencial,Mensal,Débito automático,Indicação,96,39.92,20,5.2,3.3,4,8,1,0,0,0
CLI08628,Premium,Anual,Pix,Mídia paga,22,119.9,0,18.5,20.5,10,8,0,0,0,0
CLI08629,Essencial,Anual,Débito automático,Busca orgânica,32,42.42,15,3.9,7.7,2,6,0,0,0,0
CLI08630,Premium,Anual,Débito automático,Indicação,52,119.9,0,1.1,61.3,10,8,1,0,0,0
CLI08631,Plus,Mensal,Débito automático,Parceiro,27,75.9,5,4.6,6.7,6,6,0,0,1,0
CLI08632,Plus,Mensal,Pix,Parceiro,23,79.9,0,6.3,7.5,2,9,2,0,0,0
CLI08633,Essencial,Mensal,Cartão,Mídia paga,48,49.9,0,3.1,26.1,6,5,0,0,0,0
CLI08634,Plus,Anual,Débito automático,Mídia paga,13,67.92,15,2.1,8.4,3,6,0,0,0,0
CLI08635,Essencial,Mensal,Cartão,Mídia paga,31,47.4,5,3.8,19.4,5,5,0,1,1,0
CLI08636,Plus,Anual,Cartão,Busca orgânica,11,79.9,0,7.7,41.7,12,6,4,0,0,0
CLI08637,Essencial,Mensal,Débito automático,Busca orgânica,45,42.42,15,3.5,36.9,9,8,0,1,0,0
CLI08638,Essencial,Mensal,Pix,Mídia paga,22,42.42,15,5.6,24.2,5,7,0,0,0,0
CLI08639,Plus,Mensal,Cartão,Mídia paga,32,79.9,0,4.3,33.4,8,6,1,0,0,0
CLI08640,Essencial,Mensal,Boleto,Busca orgânica,55,49.9,0,3.2,7.5,8,7,0,0,0,0
CLI08641,Essencial,Anual,Cartão,Parceiro,12,49.9,0,1.9,24.4,8,8,0,0,0,1
CLI08642,Premium,Anual,Débito automático,Busca orgânica,35,107.91,10,8.5,9.2,8,5,0,0,0,0
CLI08643,Essencial,Mensal,Débito automático,Busca orgânica,46,49.9,0,3.7,36.0,5,6,1,0,1,0
CLI08644,Essencial,Mensal,Cartão,Busca orgânica,42,47.4,5,2.7,73.6,10,5,2,0,0,1
CLI08645,Essencial,Anual,Cartão,Mídia paga,21,39.92,20,8.4,24.1,3,6,2,0,0,0
CLI08646,Essencial,Mensal,Boleto,Indicação,7,39.92,20,9.3,24.5,7,8,1,1,0,0
CLI08647,Plus,Anual,Cartão,Busca orgânica,56,75.9,5,4.3,7.2,3,7,0,1,0,0
CLI08648,Essencial,Anual,Boleto,Mídia paga,7,42.42,15,7.3,34.3,12,8,1,1,1,0
CLI08649,Plus,Mensal,Cartão,Mídia paga,6,79.9,0,6.7,74.0,13,5,3,0,0,1
CLI08650,Plus,Mensal,Cartão,Busca orgânica,25,75.9,5,8.9,15.8,6,9,0,0,1,0
CLI08651,Essencial,Mensal,Débito automático,Mídia paga,15,49.9,0,0.7,31.8,9,7,0,0,0,0
CLI08652,Premium,Mensal,Pix,Parceiro,33,119.9,0,6.2,50.3,14,3,2,1,1,1
CLI08653,Premium,Anual,Cartão,Busca orgânica,43,107.91,10,5.0,11.6,4,10,0,1,0,0
CLI08654,Essencial,Mensal,Pix,Mídia paga,21,44.91,10,5.2,50.8,9,5,2,0,1,0
CLI08655,Essencial,Mensal,Cartão,Indicação,92,47.4,5,2.5,76.7,18,4,0,0,0,0
CLI08656,Essencial,Mensal,Cartão,Busca orgânica,13,44.91,10,4.5,16.9,5,6,1,1,0,0
CLI08657,Essencial,Anual,Débito automático,Busca orgânica,5,49.9,0,7.2,58.5,9,6,1,1,0,0
CLI08658,Plus,Mensal,Pix,Parceiro,24,67.92,15,3.8,15.0,9,7,4,0,0,0
CLI08659,Plus,Mensal,Débito automático,Indicação,26,71.91,10,2.2,20.7,9,7,0,0,1,0
CLI08660,Essencial,Anual,Pix,Parceiro,37,42.42,15,4.6,7.1,7,8,0,0,1,0
CLI08661,Essencial,Mensal,Pix,Busca orgânica,19,44.91,10,3.7,27.5,7,6,1,0,1,0
CLI08662,Essencial,Mensal,Cartão,Busca orgânica,7,47.4,5,1.6,2.3,8,5,2,1,0,0
CLI08663,Premium,Mensal,Boleto,Busca orgânica,27,107.91,10,7.4,26.5,6,7,4,0,0,0
CLI08664,Premium,Mensal,Cartão,Busca orgânica,33,119.9,0,8.5,9.4,2,6,1,2,0,0
CLI08665,Essencial,Anual,Boleto,Indicação,28,49.9,0,5.8,42.6,12,7,2,0,0,0
CLI08666,Plus,Anual,Débito automático,Busca orgânica,34,71.91,10,1.1,1.6,6,10,0,0,1,0
CLI08667,Essencial,Anual,Débito automático,Mídia paga,31,49.9,0,2.6,36.2,12,9,0,0,0,0
CLI08668,Plus,Anual,Cartão,Mídia paga,29,67.92,15,3.3,56.6,11,5,0,0,1,0
CLI08669,Plus,Mensal,Cartão,Parceiro,17,79.9,0,3.5,26.8,6,5,1,4,0,0
CLI08670,Premium,Mensal,Cartão,Indicação,16,101.92,15,10.2,1.2,2,9,1,0,1,0
CLI08671,Essencial,Anual,Débito automático,Mídia paga,71,42.42,15,2.9,50.9,13,5,0,1,0,1
CLI08672,Essencial,Mensal,Cartão,Indicação,12,49.9,0,5.0,53.1,9,10,0,1,0,0
CLI08673,Premium,Anual,Cartão,Busca orgânica,72,119.9,0,4.3,19.0,9,9,1,0,0,0
CLI08674,Essencial,Mensal,Pix,Indicação,15,49.9,0,4.7,5.0,5,10,0,0,0,0
CLI08675,Essencial,Mensal,Cartão,Parceiro,61,49.9,0,4.8,12.8,8,10,0,0,0,0
CLI08676,Plus,Anual,Cartão,Busca orgânica,45,79.9,0,1.3,45.3,10,5,2,0,0,0
CLI08677,Plus,Anual,Pix,Busca orgânica,38,79.9,0,10.7,23.1,11,10,0,0,0,0
CLI08678,Plus,Anual,Cartão,Busca orgânica,1,75.9,5,3.6,30.6,8,6,1,0,0,0
CLI08679,Plus,Mensal,Cartão,Busca orgânica,17,71.91,10,1.8,36.3,10,5,2,1,0,0
CLI08680,Plus,Mensal,Cartão,Indicação,30,71.91,10,5.2,21.0,9,7,1,1,0,0
CLI08681,Essencial,Mensal,Pix,Mídia paga,47,42.42,15,1.8,18.1,5,7,1,0,0,0
CLI08682,Plus,Anual,Boleto,Mídia paga,24,79.9,0,6.1,22.8,4,5,0,1,0,0
CLI08683,Plus,Mensal,Cartão,Indicação,8,63.92,20,4.9,28.0,6,8,0,1,0,0
CLI08684,Premium,Anual,Débito automático,Indicação,26,113.9,5,11.0,71.9,12,8,1,0,0,0
CLI08685,Essencial,Mensal,Cartão,Busca orgânica,34,44.91,10,3.6,21.4,11,7,1,2,1,0
CLI08686,Essencial,Mensal,Pix,Busca orgânica,22,49.9,0,2.4,73.3,8,6,1,0,1,0
CLI08687,Plus,Anual,Cartão,Indicação,68,75.9,5,5.0,14.8,8,8,0,1,0,0
CLI08688,Essencial,Mensal,Débito automático,Indicação,27,49.9,0,1.8,30.2,9,8,1,1,0,0
CLI08689,Essencial,Mensal,Débito automático,Indicação,49,47.4,5,0.9,8.1,4,7,1,1,1,0
CLI08690,Premium,Mensal,Débito automático,Busca orgânica,17,119.9,0,5.4,14.6,12,7,3,0,0,0
CLI08691,Plus,Anual,Cartão,Mídia paga,41,79.9,0,1.9,42.9,9,7,1,0,0,0
CLI08692,Essencial,Mensal,Débito automático,Mídia paga,14,49.9,0,3.5,38.4,4,8,1,0,0,0
CLI08693,Essencial,Mensal,Cartão,Busca orgânica,42,44.91,10,2.8,10.6,9,7,2,2,0,0
CLI08694,Essencial,Anual,Pix,Busca orgânica,21,49.9,0,3.5,1.0,4,9,0,0,1,0
CLI08695,Plus,Anual,Débito automático,Mídia paga,9,71.91,10,2.6,54.1,12,8,0,0,0,0
CLI08696,Plus,Mensal,Pix,Busca orgânica,19,75.9,5,2.8,31.9,3,5,1,0,1,0
CLI08697,Essencial,Mensal,Débito automático,Parceiro,12,39.92,20,5.4,22.1,4,7,0,0,1,0
CLI08698,Essencial,Mensal,Débito automático,Mídia paga,20,49.9,0,2.2,34.3,6,6,1,0,0,0
CLI08699,Essencial,Anual,Débito automático,Mídia paga,9,39.92,20,3.5,23.4,4,7,0,0,1,0
CLI08700,Essencial,Anual,Cartão,Busca orgânica,7,49.9,0,2.2,29.1,7,8,0,1,0,0
CLI08701,Essencial,Anual,Cartão,Busca orgânica,12,49.9,0,4.3,40.3,5,6,0,0,1,1
CLI08702,Plus,Anual,Pix,Busca orgânica,5,79.9,0,4.4,30.6,6,6,1,0,1,0
CLI08703,Essencial,Mensal,Pix,Indicação,54,42.42,15,6.6,4.1,6,6,1,0,0,0
CLI08704,Essencial,Mensal,Débito automático,Mídia paga,25,44.91,10,5.7,32.6,7,9,0,1,0,0
CLI08705,Plus,Anual,Pix,Parceiro,27,79.9,0,3.9,26.7,8,6,1,0,1,0
CLI08706,Essencial,Anual,Débito automático,Parceiro,21,49.9,0,5.8,33.6,6,7,0,0,1,0
CLI08707,Essencial,Anual,Cartão,Busca orgânica,10,42.42,15,1.7,24.3,3,9,0,0,0,0
CLI08708,Essencial,Mensal,Cartão,Parceiro,34,42.42,15,5.3,13.8,2,10,0,0,0,0
CLI08709,Essencial,Anual,Boleto,Mídia paga,31,49.9,0,4.8,5.8,4,8,1,0,1,0
CLI08710,Essencial,Anual,Cartão,Busca orgânica,11,49.9,0,2.8,9.0,3,8,0,0,0,0
CLI08711,Plus,Anual,Cartão,Parceiro,43,63.92,20,8.8,5.2,5,9,0,0,0,0
CLI08712,Essencial,Mensal,Débito automático,Parceiro,9,49.9,0,0.5,52.4,10,5,2,1,1,0
CLI08713,Plus,Mensal,Cartão,Busca orgânica,27,79.9,0,1.3,37.9,5,7,1,0,1,0
CLI08714,Plus,Anual,Cartão,Mídia paga,47,63.92,20,8.0,27.7,8,10,0,0,0,0
CLI08715,Essencial,Anual,Débito automático,Mídia paga,60,44.91,10,3.1,36.0,8,8,1,0,0,0
CLI08716,Essencial,Mensal,Pix,Mídia paga,22,49.9,0,3.4,8.8,1,7,1,0,0,0
CLI08717,Essencial,Mensal,Boleto,Busca orgânica,13,47.4,5,10.5,17.7,7,8,0,0,0,0
CLI08718,Essencial,Anual,Débito automático,Indicação,6,47.4,5,8.7,35.1,7,6,4,1,0,0
CLI08719,Plus,Anual,Pix,Parceiro,19,75.9,5,4.6,41.0,10,9,0,0,1,0
CLI08720,Essencial,Mensal,Boleto,Indicação,19,44.91,10,2.2,54.4,12,6,1,1,1,1
CLI08721,Plus,Mensal,Cartão,Indicação,49,79.9,0,6.0,26.6,9,7,0,0,0,0
CLI08722,Plus,Mensal,Cartão,Busca orgânica,27,75.9,5,4.1,11.8,5,10,0,0,0,0
CLI08723,Plus,Mensal,Débito automático,Busca orgânica,9,75.9,5,5.3,12.1,5,8,1,1,0,0
CLI08724,Plus,Mensal,Pix,Busca orgânica,42,71.91,10,4.8,26.0,6,7,0,0,0,0
CLI08725,Plus,Mensal,Cartão,Indicação,48,79.9,0,5.3,53.6,11,7,0,1,0,0
CLI08726,Premium,Anual,Cartão,Parceiro,29,101.92,15,4.4,3.6,0,6,0,1,0,0
CLI08727,Premium,Mensal,Cartão,Busca orgânica,43,113.9,5,6.9,8.6,4,8,1,1,0,0
CLI08728,Essencial,Mensal,Cartão,Parceiro,24,39.92,20,3.9,61.0,15,6,2,0,0,0
CLI08729,Essencial,Anual,Cartão,Mídia paga,40,49.9,0,8.0,33.7,6,9,0,1,0,0
CLI08730,Essencial,Mensal,Boleto,Busca orgânica,17,42.42,15,3.5,24.8,2,9,0,1,0,0
CLI08731,Essencial,Anual,Débito automático,Busca orgânica,61,49.9,0,1.6,63.8,6,6,0,1,0,0
CLI08732,Plus,Mensal,Pix,Busca orgânica,10,63.92,20,3.8,12.6,3,6,1,0,0,0
CLI08733,Essencial,Anual,Pix,Parceiro,96,44.91,10,5.9,57.9,8,6,2,0,0,0
CLI08734,Plus,Anual,Cartão,Mídia paga,80,75.9,5,7.1,7.2,5,9,1,0,0,0
CLI08735,Plus,Mensal,Cartão,Mídia paga,63,79.9,0,1.1,13.3,4,7,0,0,0,0
CLI08736,Essencial,Anual,Pix,Parceiro,14,44.91,10,1.8,47.7,4,6,2,0,0,0
CLI08737,Plus,Anual,Débito automático,Indicação,20,75.9,5,1.7,47.6,8,6,1,0,1,0
CLI08738,Essencial,Mensal,Cartão,Parceiro,17,44.91,10,2.0,69.3,8,4,3,0,1,1
CLI08739,Plus,Anual,Boleto,Mídia paga,14,75.9,5,4.2,31.4,9,7,2,0,0,0
CLI08740,Plus,Mensal,Débito automático,Busca orgânica,17,79.9,0,4.0,2.9,5,8,1,0,0,0
CLI08741,Essencial,Mensal,Cartão,Parceiro,36,49.9,0,6.8,74.1,12,7,0,0,0,0
CLI08742,Plus,Anual,Boleto,Mídia paga,20,63.92,20,13.7,16.4,7,6,0,2,0,0
CLI08743,Essencial,Mensal,Cartão,Busca orgânica,11,49.9,0,3.0,11.6,7,5,1,2,0,0
CLI08744,Plus,Mensal,Boleto,Indicação,6,75.9,5,2.9,14.3,5,8,1,1,0,0
CLI08745,Plus,Mensal,Pix,Mídia paga,45,75.9,5,3.3,26.7,7,8,0,0,0,0
CLI08746,Essencial,Anual,Cartão,Mídia paga,29,44.91,10,4.7,2.3,1,9,0,2,0,0
CLI08747,Plus,Mensal,Cartão,Indicação,26,79.9,0,0.9,17.8,5,8,1,0,1,0
CLI08748,Premium,Mensal,Pix,Busca orgânica,2,107.91,10,8.3,53.3,9,4,2,0,0,0
CLI08749,Plus,Anual,Débito automático,Indicação,11,79.9,0,4.2,31.1,10,6,2,0,0,0
CLI08750,Plus,Anual,Débito automático,Mídia paga,26,67.92,15,6.0,4.1,2,6,0,1,1,0
CLI08751,Plus,Mensal,Cartão,Mídia paga,34,67.92,15,1.7,5.4,3,5,1,0,1,0
CLI08752,Essencial,Anual,Débito automático,Mídia paga,2,42.42,15,3.1,23.4,3,8,0,1,0,0
CLI08753,Plus,Mensal,Pix,Indicação,25,79.9,0,3.5,25.1,6,8,1,0,1,0
CLI08754,Premium,Mensal,Cartão,Indicação,30,113.9,5,10.7,33.3,7,9,1,0,0,0
CLI08755,Essencial,Mensal,Cartão,Indicação,12,42.42,15,0.8,24.2,3,6,0,0,1,0
CLI08756,Essencial,Mensal,Débito automático,Parceiro,53,44.91,10,1.8,32.5,3,8,0,0,1,0
CLI08757,Essencial,Anual,Pix,Busca orgânica,9,42.42,15,1.9,21.1,5,6,0,0,0,0
CLI08758,Essencial,Mensal,Cartão,Busca orgânica,31,44.91,10,2.2,33.7,10,7,0,0,0,0
CLI08759,Essencial,Mensal,Débito automático,Indicação,18,42.42,15,1.7,6.3,8,7,1,0,1,0
CLI08760,Essencial,Mensal,Débito automático,Indicação,37,49.9,0,9.0,50.8,12,8,0,0,0,0
CLI08761,Plus,Mensal,Cartão,Mídia paga,25,79.9,0,4.3,47.3,6,7,0,0,0,0
CLI08762,Essencial,Anual,Cartão,Busca orgânica,50,44.91,10,4.5,20.7,8,7,0,1,0,0
CLI08763,Essencial,Mensal,Cartão,Mídia paga,11,42.42,15,8.6,24.9,3,6,1,1,0,0
CLI08764,Plus,Anual,Cartão,Busca orgânica,18,79.9,0,5.9,37.1,7,9,0,0,0,0
CLI08765,Essencial,Mensal,Cartão,Busca orgânica,37,44.91,10,3.8,11.3,5,7,0,0,1,0
CLI08766,Essencial,Anual,Débito automático,Mídia paga,28,49.9,0,4.4,21.1,4,9,0,0,0,0
CLI08767,Plus,Anual,Cartão,Indicação,38,71.91,10,7.1,27.8,3,10,0,0,0,0
CLI08768,Premium,Mensal,Débito automático,Busca orgânica,42,113.9,5,4.8,9.2,4,8,0,0,0,0
CLI08769,Plus,Mensal,Boleto,Indicação,41,71.91,10,1.2,39.7,4,7,1,0,0,0
CLI08770,Essencial,Anual,Cartão,Mídia paga,30,47.4,5,2.4,43.1,6,7,0,0,0,0
CLI08771,Essencial,Mensal,Cartão,Mídia paga,42,49.9,0,5.7,17.6,5,10,0,0,0,0
CLI08772,Premium,Mensal,Cartão,Busca orgânica,23,101.92,15,20.2,29.8,5,5,0,1,1,1
CLI08773,Plus,Anual,Débito automático,Mídia paga,36,67.92,15,9.0,65.4,15,6,0,0,0,0
CLI08774,Plus,Anual,Pix,Indicação,10,71.91,10,5.8,28.4,5,8,0,0,0,0
CLI08775,Plus,Anual,Pix,Mídia paga,28,67.92,15,7.6,41.3,8,8,3,0,0,0
CLI08776,Essencial,Anual,Débito automático,Mídia paga,29,49.9,0,4.0,25.7,1,6,0,0,1,0
CLI08777,Essencial,Mensal,Débito automático,Indicação,66,47.4,5,1.0,33.3,11,6,1,0,0,0
CLI08778,Plus,Anual,Pix,Parceiro,21,79.9,0,2.2,35.1,8,7,1,1,0,0
CLI08779,Premium,Mensal,Débito automático,Busca orgânica,8,107.91,10,13.3,34.7,9,9,2,1,0,0
CLI08780,Essencial,Anual,Boleto,Busca orgânica,8,49.9,0,3.1,49.6,12,5,0,1,0,1
CLI08781,Plus,Anual,Pix,Busca orgânica,66,79.9,0,4.8,10.6,2,8,0,0,1,0
CLI08782,Essencial,Mensal,Cartão,Mídia paga,58,47.4,5,2.3,26.1,7,6,0,1,0,0
CLI08783,Premium,Anual,Débito automático,Indicação,32,107.91,10,6.3,6.1,12,8,0,0,1,0
CLI08784,Essencial,Mensal,Boleto,Busca orgânica,6,44.91,10,4.6,39.7,8,6,0,0,0,0
CLI08785,Plus,Mensal,Pix,Parceiro,32,67.92,15,6.5,7.8,5,9,0,0,0,0
CLI08786,Essencial,Mensal,Débito automático,Parceiro,34,39.92,20,3.9,55.3,11,5,1,1,0,0
CLI08787,Plus,Mensal,Cartão,Mídia paga,26,71.91,10,4.8,45.3,10,4,3,0,0,1
CLI08788,Plus,Mensal,Pix,Indicação,32,79.9,0,3.6,12.5,6,8,1,0,0,0
CLI08789,Essencial,Anual,Débito automático,Mídia paga,19,39.92,20,1.9,20.0,8,6,1,1,0,0
CLI08790,Plus,Mensal,Débito automático,Busca orgânica,6,71.91,10,6.9,51.3,6,8,0,0,0,0
CLI08791,Premium,Anual,Cartão,Indicação,45,101.92,15,4.1,25.7,9,7,2,1,0,0
CLI08792,Premium,Mensal,Cartão,Indicação,31,113.9,5,11.8,11.8,2,7,0,0,0,0
CLI08793,Essencial,Anual,Cartão,Mídia paga,58,49.9,0,3.3,16.0,5,7,2,0,1,0
CLI08794,Plus,Anual,Cartão,Indicação,40,71.91,10,7.0,26.3,3,5,1,4,0,0
CLI08795,Plus,Mensal,Débito automático,Busca orgânica,13,79.9,0,6.9,28.4,5,7,0,0,1,0
CLI08796,Plus,Mensal,Cartão,Indicação,5,67.92,15,5.8,36.4,9,7,0,0,0,0
CLI08797,Plus,Anual,Débito automático,Mídia paga,34,71.91,10,6.4,35.0,4,6,0,0,0,0
CLI08798,Plus,Mensal,Pix,Mídia paga,26,75.9,5,2.0,14.8,5,6,2,0,0,0
CLI08799,Essencial,Mensal,Débito automático,Busca orgânica,27,49.9,0,7.3,30.6,5,6,0,1,0,0
CLI08800,Essencial,Mensal,Pix,Mídia paga,32,49.9,0,9.7,9.4,5,5,3,0,1,0
CLI08801,Essencial,Mensal,Débito automático,Indicação,4,49.9,0,3.0,25.9,8,8,1,0,1,0
CLI08802,Essencial,Anual,Cartão,Busca orgânica,23,49.9,0,3.2,15.6,4,7,1,1,0,0
CLI08803,Essencial,Anual,Cartão,Busca orgânica,13,49.9,0,4.3,14.8,6,8,1,0,0,0
CLI08804,Essencial,Anual,Pix,Busca orgânica,28,44.91,10,3.1,44.5,15,9,0,0,0,0
CLI08805,Plus,Mensal,Cartão,Parceiro,14,79.9,0,5.1,11.8,4,7,1,0,0,0
CLI08806,Plus,Anual,Cartão,Mídia paga,19,75.9,5,4.3,19.0,7,7,1,0,0,0
CLI08807,Essencial,Mensal,Boleto,Indicação,18,44.91,10,1.7,3.5,6,8,0,2,0,0
CLI08808,Plus,Anual,Débito automático,Parceiro,19,79.9,0,5.3,23.7,3,8,1,0,0,1
CLI08809,Premium,Mensal,Cartão,Mídia paga,43,95.92,20,4.1,13.0,5,7,1,1,1,0
CLI08810,Premium,Mensal,Débito automático,Busca orgânica,18,113.9,5,7.2,31.6,8,8,1,1,1,0
CLI08811,Premium,Anual,Cartão,Parceiro,46,107.91,10,3.0,30.0,6,9,0,2,0,0
CLI08812,Premium,Anual,Cartão,Mídia paga,3,119.9,0,2.1,11.3,7,6,0,0,1,0
CLI08813,Plus,Mensal,Cartão,Mídia paga,14,79.9,0,9.2,30.6,3,7,1,1,1,1
CLI08814,Premium,Mensal,Cartão,Indicação,4,119.9,0,15.0,14.1,4,8,1,0,0,0
CLI08815,Premium,Mensal,Cartão,Indicação,39,119.9,0,3.0,20.1,7,6,1,0,0,0
CLI08816,Essencial,Anual,Pix,Mídia paga,24,49.9,0,1.1,11.7,2,7,1,0,1,0
CLI08817,Premium,Anual,Cartão,Mídia paga,21,119.9,0,12.8,6.1,1,8,0,0,0,0
CLI08818,Plus,Anual,Cartão,Mídia paga,16,79.9,0,11.7,64.9,11,7,0,1,1,1
CLI08819,Plus,Anual,Cartão,Mídia paga,43,79.9,0,21.8,42.6,13,8,0,0,0,0
CLI08820,Premium,Anual,Cartão,Parceiro,30,101.92,15,4.0,14.6,7,9,2,1,0,0
CLI08821,Essencial,Mensal,Pix,Busca orgânica,16,49.9,0,1.7,22.5,9,6,0,0,0,1
CLI08822,Essencial,Mensal,Cartão,Busca orgânica,83,44.91,10,2.4,19.2,4,5,0,0,1,0
CLI08823,Plus,Anual,Pix,Indicação,19,67.92,15,14.1,51.7,11,6,0,0,0,0
CLI08824,Plus,Mensal,Pix,Indicação,6,63.92,20,0.4,2.1,5,7,2,0,0,0
CLI08825,Premium,Mensal,Cartão,Busca orgânica,49,113.9,5,7.9,46.8,9,5,1,0,0,0
CLI08826,Premium,Mensal,Débito automático,Busca orgânica,16,119.9,0,10.2,70.1,10,4,2,1,1,0
CLI08827,Plus,Anual,Débito automático,Indicação,12,67.92,15,8.7,55.6,11,6,1,1,1,1
CLI08828,Premium,Anual,Débito automático,Mídia paga,37,95.92,20,6.8,35.6,4,8,1,0,0,0
CLI08829,Essencial,Mensal,Cartão,Busca orgânica,32,44.91,10,5.0,34.5,10,5,2,0,0,1
CLI08830,Premium,Anual,Cartão,Busca orgânica,15,113.9,5,3.6,67.4,15,7,1,0,0,0
CLI08831,Essencial,Mensal,Pix,Busca orgânica,15,49.9,0,1.8,5.1,6,8,1,0,1,0
CLI08832,Plus,Mensal,Boleto,Busca orgânica,42,71.91,10,0.8,42.8,3,9,0,0,1,0
CLI08833,Essencial,Mensal,Cartão,Mídia paga,27,49.9,0,2.2,57.3,10,5,2,1,1,0
CLI08834,Plus,Mensal,Débito automático,Busca orgânica,42,79.9,0,2.5,9.4,8,7,1,0,0,0
CLI08835,Essencial,Mensal,Cartão,Busca orgânica,23,47.4,5,2.1,11.4,5,8,0,0,0,0
CLI08836,Essencial,Anual,Boleto,Busca orgânica,10,47.4,5,3.1,26.7,3,5,0,2,0,0
CLI08837,Plus,Anual,Cartão,Indicação,32,75.9,5,9.7,11.2,4,5,1,0,1,0
CLI08838,Plus,Mensal,Cartão,Mídia paga,35,79.9,0,6.5,37.7,9,6,1,1,0,0
CLI08839,Essencial,Anual,Pix,Parceiro,20,49.9,0,1.5,13.7,6,7,1,0,1,0
CLI08840,Plus,Anual,Débito automático,Indicação,23,75.9,5,3.0,0.4,6,8,1,0,1,0
CLI08841,Essencial,Mensal,Débito automático,Busca orgânica,12,49.9,0,2.6,4.6,2,7,2,0,0,0
CLI08842,Essencial,Mensal,Débito automático,Mídia paga,7,44.91,10,2.7,20.9,5,9,1,0,0,0
CLI08843,Essencial,Mensal,Débito automático,Mídia paga,38,47.4,5,9.4,38.0,7,5,2,0,0,1
CLI08844,Plus,Anual,Cartão,Busca orgânica,10,75.9,5,6.8,42.7,8,7,0,1,0,1
CLI08845,Plus,Mensal,Cartão,Mídia paga,31,67.92,15,2.5,23.5,8,7,0,0,0,0
CLI08846,Plus,Anual,Débito automático,Parceiro,44,71.91,10,2.0,5.6,4,8,1,0,0,0
CLI08847,Plus,Anual,Cartão,Indicação,35,71.91,10,8.3,20.9,3,7,0,0,0,0
CLI08848,Plus,Mensal,Cartão,Mídia paga,40,71.91,10,12.9,13.3,9,10,0,0,0,0
CLI08849,Plus,Mensal,Cartão,Mídia paga,53,67.92,15,8.0,44.8,7,7,0,1,1,0
CLI08850,Premium,Mensal,Pix,Indicação,5,107.91,10,8.3,5.5,3,5,2,0,0,0
CLI08851,Essencial,Mensal,Cartão,Parceiro,35,49.9,0,2.2,31.8,11,8,0,1,0,0
CLI08852,Essencial,Anual,Débito automático,Parceiro,27,47.4,5,5.4,13.0,5,5,3,0,1,0
CLI08853,Essencial,Anual,Pix,Mídia paga,27,47.4,5,7.2,23.3,7,9,1,0,0,0
CLI08854,Plus,Anual,Cartão,Busca orgânica,35,67.92,15,2.3,27.0,9,8,1,0,1,0
CLI08855,Plus,Anual,Cartão,Mídia paga,8,75.9,5,1.3,15.9,8,7,2,0,0,0
CLI08856,Essencial,Mensal,Boleto,Mídia paga,58,49.9,0,3.2,22.5,8,7,0,0,0,0
CLI08857,Premium,Mensal,Débito automático,Indicação,33,113.9,5,6.8,3.6,5,8,0,0,1,0
CLI08858,Premium,Mensal,Débito automático,Busca orgânica,5,113.9,5,20.9,28.7,4,8,0,0,0,0
CLI08859,Essencial,Mensal,Cartão,Indicação,37,47.4,5,4.1,24.4,2,5,1,0,0,0
CLI08860,Essencial,Mensal,Boleto,Busca orgânica,5,49.9,0,2.8,36.4,5,6,2,0,0,0
CLI08861,Essencial,Mensal,Débito automático,Mídia paga,44,49.9,0,7.0,17.6,2,7,0,0,0,0
CLI08862,Essencial,Anual,Cartão,Parceiro,44,39.92,20,3.3,8.8,4,7,0,1,0,0
CLI08863,Premium,Mensal,Débito automático,Busca orgânica,10,113.9,5,1.8,32.9,3,8,0,0,0,0
CLI08864,Plus,Mensal,Cartão,Mídia paga,6,67.92,15,7.6,45.9,7,7,1,0,0,0
CLI08865,Essencial,Mensal,Débito automático,Mídia paga,34,39.92,20,7.2,48.4,5,6,2,0,0,0
CLI08866,Plus,Mensal,Débito automático,Busca orgânica,5,71.91,10,1.8,25.8,11,7,1,1,0,0
CLI08867,Essencial,Mensal,Pix,Mídia paga,20,47.4,5,3.0,2.5,6,5,2,0,1,0
CLI08868,Essencial,Mensal,Cartão,Indicação,63,49.9,0,2.2,16.0,4,8,0,1,0,0
CLI08869,Essencial,Mensal,Cartão,Indicação,22,44.91,10,2.6,61.8,6,4,2,2,1,0
CLI08870,Plus,Anual,Débito automático,Busca orgânica,43,71.91,10,4.8,40.3,7,7,1,0,0,0
CLI08871,Plus,Mensal,Débito automático,Parceiro,54,79.9,0,2.1,13.1,6,8,0,0,0,1
CLI08872,Premium,Mensal,Pix,Parceiro,50,107.91,10,7.3,6.2,6,9,1,0,1,0
CLI08873,Essencial,Mensal,Boleto,Mídia paga,28,47.4,5,3.6,16.2,10,7,1,0,1,0
CLI08874,Plus,Mensal,Cartão,Mídia paga,13,71.91,10,7.7,43.2,14,4,1,0,1,1
CLI08875,Essencial,Mensal,Cartão,Mídia paga,54,47.4,5,3.6,9.8,8,7,0,2,1,0
CLI08876,Essencial,Mensal,Cartão,Busca orgânica,2,44.91,10,4.6,39.2,5,6,0,2,0,1
CLI08877,Premium,Anual,Débito automático,Busca orgânica,7,119.9,0,3.3,10.0,4,9,0,1,1,0
CLI08878,Plus,Anual,Débito automático,Indicação,27,79.9,0,13.8,21.8,2,7,2,0,0,0
CLI08879,Essencial,Anual,Débito automático,Indicação,62,44.91,10,6.3,2.4,4,8,1,0,0,0
CLI08880,Plus,Mensal,Débito automático,Parceiro,53,79.9,0,4.1,27.9,3,6,1,0,0,0
CLI08881,Plus,Mensal,Cartão,Mídia paga,21,75.9,5,3.7,21.4,9,8,0,0,1,0
CLI08882,Premium,Mensal,Cartão,Mídia paga,44,119.9,0,7.8,48.7,11,4,1,0,0,0
CLI08883,Plus,Anual,Pix,Mídia paga,24,71.91,10,2.3,21.7,5,7,0,1,1,0
CLI08884,Essencial,Mensal,Cartão,Mídia paga,18,42.42,15,3.6,12.3,4,7,0,0,0,0
CLI08885,Plus,Anual,Pix,Mídia paga,35,79.9,0,3.0,25.6,7,6,0,0,0,0
CLI08886,Essencial,Mensal,Cartão,Mídia paga,21,44.91,10,1.1,27.0,5,9,0,1,1,1
CLI08887,Essencial,Mensal,Cartão,Indicação,33,49.9,0,2.4,37.1,8,7,0,0,0,0
CLI08888,Plus,Mensal,Pix,Indicação,47,79.9,0,6.4,3.3,4,7,0,0,1,0
CLI08889,Plus,Mensal,Cartão,Mídia paga,38,79.9,0,4.7,17.3,4,5,1,0,0,1
CLI08890,Essencial,Anual,Boleto,Indicação,9,49.9,0,4.2,8.8,3,8,1,2,1,0
CLI08891,Plus,Mensal,Cartão,Mídia paga,15,75.9,5,5.7,1.2,7,9,1,0,0,0
CLI08892,Plus,Mensal,Boleto,Mídia paga,63,79.9,0,4.1,19.0,7,6,1,0,0,0
CLI08893,Plus,Mensal,Cartão,Mídia paga,44,79.9,0,3.1,59.0,10,6,0,0,0,0
CLI08894,Essencial,Anual,Débito automático,Busca orgânica,28,44.91,10,5.6,28.0,10,6,1,0,1,0
CLI08895,Essencial,Mensal,Pix,Indicação,19,44.91,10,2.9,47.1,7,8,1,1,0,0
CLI08896,Essencial,Mensal,Cartão,Parceiro,43,47.4,5,2.6,41.7,8,8,0,1,1,0
CLI08897,Essencial,Mensal,Cartão,Parceiro,17,49.9,0,1.2,48.6,13,9,0,0,0,0
CLI08898,Essencial,Mensal,Cartão,Busca orgânica,34,44.91,10,2.9,58.3,9,4,1,1,1,1
CLI08899,Essencial,Mensal,Débito automático,Parceiro,23,42.42,15,0.4,6.2,3,7,1,1,0,0
CLI08900,Essencial,Mensal,Cartão,Parceiro,28,44.91,10,6.5,18.2,7,7,0,1,0,0
CLI08901,Essencial,Mensal,Cartão,Busca orgânica,20,42.42,15,3.8,34.6,8,6,1,0,1,0
CLI08902,Premium,Mensal,Débito automático,Busca orgânica,40,119.9,0,12.5,2.2,2,7,3,0,0,0
CLI08903,Plus,Mensal,Pix,Parceiro,3,79.9,0,5.7,42.9,5,4,0,0,0,0
CLI08904,Essencial,Anual,Cartão,Mídia paga,9,44.91,10,2.7,27.5,2,7,1,0,0,0
CLI08905,Premium,Mensal,Cartão,Mídia paga,21,119.9,0,12.2,3.8,3,8,0,1,0,0
CLI08906,Essencial,Mensal,Pix,Parceiro,27,49.9,0,1.9,38.1,7,6,1,0,1,0
CLI08907,Essencial,Anual,Cartão,Mídia paga,57,42.42,15,4.7,9.0,5,10,0,0,0,0
CLI08908,Plus,Anual,Pix,Indicação,46,75.9,5,6.6,18.5,5,8,0,0,0,0
CLI08909,Essencial,Mensal,Cartão,Busca orgânica,7,42.42,15,2.6,51.8,7,8,0,0,0,0
CLI08910,Essencial,Anual,Boleto,Parceiro,29,39.92,20,3.7,34.3,8,7,0,2,0,0
CLI08911,Essencial,Mensal,Pix,Indicação,26,49.9,0,2.6,40.8,4,5,1,0,1,0
CLI08912,Plus,Anual,Pix,Indicação,5,63.92,20,3.7,5.7,2,9,1,0,1,0
CLI08913,Plus,Mensal,Débito automático,Mídia paga,34,71.91,10,2.9,27.3,3,7,0,0,0,0
CLI08914,Essencial,Anual,Boleto,Mídia paga,29,44.91,10,2.7,68.3,10,5,1,0,0,0
CLI08915,Essencial,Mensal,Débito automático,Indicação,47,49.9,0,2.9,13.4,8,7,2,0,0,0
CLI08916,Essencial,Mensal,Pix,Indicação,27,49.9,0,2.7,8.9,4,5,1,1,0,0
CLI08917,Plus,Anual,Débito automático,Mídia paga,13,75.9,5,6.1,7.4,5,7,0,1,0,0
CLI08918,Essencial,Mensal,Cartão,Indicação,27,49.9,0,3.2,13.4,5,8,0,0,0,0
CLI08919,Premium,Mensal,Débito automático,Indicação,9,107.91,10,4.8,22.9,7,6,2,0,0,0
CLI08920,Plus,Mensal,Débito automático,Parceiro,21,67.92,15,3.5,21.1,5,6,0,0,0,0
CLI08921,Essencial,Mensal,Pix,Mídia paga,12,39.92,20,4.8,63.0,11,7,1,0,1,0
CLI08922,Plus,Mensal,Débito automático,Busca orgânica,56,79.9,0,5.8,33.9,9,7,0,1,1,0
CLI08923,Essencial,Mensal,Débito automático,Mídia paga,23,47.4,5,0.5,90.8,4,5,0,0,1,1
CLI08924,Essencial,Mensal,Débito automático,Busca orgânica,12,49.9,0,4.1,26.9,3,6,1,1,0,0
CLI08925,Essencial,Mensal,Boleto,Busca orgânica,65,49.9,0,3.5,13.6,9,6,4,1,0,1
CLI08926,Plus,Anual,Débito automático,Parceiro,25,79.9,0,5.4,41.5,3,4,1,0,0,0
CLI08927,Plus,Mensal,Cartão,Busca orgânica,14,75.9,5,10.0,23.9,4,9,0,0,0,0
CLI08928,Premium,Mensal,Cartão,Mídia paga,19,119.9,0,7.3,54.2,5,6,0,0,0,0
CLI08929,Essencial,Mensal,Pix,Busca orgânica,41,49.9,0,1.3,14.4,11,6,2,0,0,0
CLI08930,Essencial,Mensal,Cartão,Busca orgânica,34,49.9,0,5.3,49.6,6,7,1,1,1,0
CLI08931,Plus,Anual,Débito automático,Busca orgânica,28,79.9,0,4.0,7.0,6,5,4,0,0,0
CLI08932,Essencial,Anual,Débito automático,Busca orgânica,8,49.9,0,2.2,43.9,5,9,1,0,0,0
CLI08933,Essencial,Anual,Cartão,Mídia paga,62,47.4,5,7.7,37.4,9,7,1,0,0,0
CLI08934,Premium,Anual,Boleto,Mídia paga,45,107.91,10,15.4,17.8,5,9,0,0,0,0
CLI08935,Plus,Mensal,Débito automático,Mídia paga,85,67.92,15,1.0,45.5,8,6,2,0,0,1
CLI08936,Premium,Anual,Boleto,Indicação,23,119.9,0,5.8,36.9,11,9,1,1,0,0
CLI08937,Essencial,Mensal,Cartão,Busca orgânica,25,49.9,0,1.3,26.9,6,8,1,0,0,0
CLI08938,Essencial,Anual,Cartão,Busca orgânica,3,44.91,10,7.1,5.5,6,8,0,1,1,0
CLI08939,Essencial,Mensal,Pix,Mídia paga,21,47.4,5,7.7,15.2,4,7,1,0,1,0
CLI08940,Premium,Mensal,Débito automático,Parceiro,6,101.92,15,22.6,2.7,5,5,0,1,1,0
CLI08941,Essencial,Anual,Boleto,Mídia paga,19,47.4,5,5.1,44.8,12,6,4,2,0,1
CLI08942,Essencial,Mensal,Boleto,Busca orgânica,51,42.42,15,4.2,7.9,4,7,0,2,0,0
CLI08943,Essencial,Anual,Cartão,Mídia paga,34,49.9,0,3.8,8.9,1,9,1,0,0,0
CLI08944,Plus,Anual,Cartão,Indicação,54,63.92,20,2.1,13.1,7,7,1,1,1,0
CLI08945,Plus,Anual,Débito automático,Indicação,43,75.9,5,3.8,12.1,2,8,0,0,0,0
CLI08946,Plus,Mensal,Cartão,Indicação,21,67.92,15,4.2,57.8,9,5,0,1,0,0
CLI08947,Essencial,Mensal,Boleto,Busca orgânica,10,49.9,0,3.1,1.4,4,9,1,0,1,0
CLI08948,Plus,Anual,Débito automático,Busca orgânica,44,79.9,0,3.2,16.1,6,7,3,1,0,0
CLI08949,Essencial,Mensal,Débito automático,Busca orgânica,23,44.91,10,8.5,24.6,5,5,1,1,1,0
CLI08950,Essencial,Mensal,Boleto,Mídia paga,49,49.9,0,0.7,9.4,4,7,2,2,1,0
CLI08951,Essencial,Anual,Cartão,Indicação,30,47.4,5,2.8,56.6,10,5,0,2,0,0
CLI08952,Plus,Anual,Cartão,Busca orgânica,34,79.9,0,4.7,30.6,3,6,0,1,1,0
CLI08953,Essencial,Anual,Débito automático,Busca orgânica,42,47.4,5,4.3,25.0,7,6,1,0,0,0
CLI08954,Premium,Mensal,Débito automático,Busca orgânica,58,107.91,10,0.9,35.4,6,8,0,0,0,0
CLI08955,Plus,Mensal,Débito automático,Busca orgânica,23,71.91,10,8.1,21.9,6,8,0,0,0,0
CLI08956,Essencial,Anual,Cartão,Indicação,23,44.91,10,5.1,30.6,5,6,0,0,0,0
CLI08957,Plus,Mensal,Pix,Busca orgânica,41,79.9,0,9.5,27.3,3,6,1,0,0,0
CLI08958,Plus,Mensal,Cartão,Mídia paga,14,71.91,10,2.3,30.3,8,6,0,1,0,1
CLI08959,Essencial,Mensal,Cartão,Busca orgânica,39,47.4,5,3.9,26.1,5,7,0,0,0,0
CLI08960,Plus,Anual,Boleto,Mídia paga,43,75.9,5,1.0,29.1,8,10,0,2,0,0
CLI08961,Essencial,Mensal,Cartão,Indicação,92,44.91,10,1.5,27.3,9,6,3,1,0,0
CLI08962,Essencial,Mensal,Cartão,Mídia paga,38,47.4,5,1.0,18.8,8,9,1,0,0,0
CLI08963,Plus,Mensal,Cartão,Indicação,55,75.9,5,4.0,18.4,7,7,2,0,1,0
CLI08964,Plus,Mensal,Débito automático,Parceiro,20,79.9,0,3.9,59.9,10,7,0,1,0,0
CLI08965,Essencial,Anual,Cartão,Indicação,19,44.91,10,2.7,12.6,6,7,0,1,1,0
CLI08966,Essencial,Mensal,Cartão,Parceiro,25,49.9,0,3.7,10.2,4,7,2,2,0,0
CLI08967,Plus,Mensal,Cartão,Indicação,16,79.9,0,1.9,9.3,2,8,0,1,1,0
CLI08968,Essencial,Mensal,Pix,Mídia paga,39,49.9,0,0.7,48.2,11,7,1,0,0,0
CLI08969,Premium,Mensal,Cartão,Busca orgânica,13,101.92,15,0.6,19.0,5,8,1,0,0,0
CLI08970,Plus,Mensal,Débito automático,Indicação,12,67.92,15,2.5,36.4,10,6,2,1,1,0
CLI08971,Premium,Anual,Débito automático,Indicação,12,95.92,20,5.5,17.9,5,7,3,0,1,0
CLI08972,Essencial,Mensal,Pix,Indicação,34,47.4,5,2.1,9.3,6,8,0,0,0,0
CLI08973,Premium,Mensal,Cartão,Busca orgânica,12,119.9,0,6.2,8.9,7,9,0,0,0,0
CLI08974,Essencial,Mensal,Pix,Mídia paga,12,39.92,20,8.5,15.0,3,8,0,0,0,0
CLI08975,Essencial,Anual,Cartão,Busca orgânica,13,44.91,10,2.8,20.7,8,6,0,1,1,0
CLI08976,Essencial,Anual,Cartão,Mídia paga,3,42.42,15,3.9,20.7,5,6,2,0,0,0
CLI08977,Essencial,Mensal,Débito automático,Indicação,18,49.9,0,3.4,28.5,5,7,0,0,0,0
CLI08978,Premium,Mensal,Cartão,Mídia paga,39,107.91,10,11.6,11.9,6,6,1,0,0,0
CLI08979,Plus,Mensal,Cartão,Mídia paga,36,71.91,10,4.2,7.3,3,7,1,0,1,0
CLI08980,Plus,Anual,Cartão,Indicação,37,71.91,10,1.6,32.1,4,9,0,0,0,0
CLI08981,Plus,Anual,Cartão,Mídia paga,43,79.9,0,2.1,18.6,3,5,0,0,1,0
CLI08982,Plus,Anual,Cartão,Busca orgânica,40,67.92,15,8.8,56.2,9,4,3,1,0,0
CLI08983,Plus,Anual,Cartão,Busca orgânica,20,75.9,5,3.2,74.7,15,6,0,0,0,0
CLI08984,Premium,Mensal,Débito automático,Mídia paga,41,107.91,10,3.0,11.5,5,8,1,0,0,0
CLI08985,Plus,Mensal,Cartão,Mídia paga,11,75.9,5,4.5,53.2,9,6,0,1,0,0
CLI08986,Plus,Anual,Cartão,Busca orgânica,28,79.9,0,8.4,7.2,0,7,1,2,0,0
CLI08987,Essencial,Anual,Boleto,Busca orgânica,12,47.4,5,2.6,33.1,6,6,1,3,0,0
CLI08988,Premium,Mensal,Pix,Mídia paga,17,119.9,0,7.1,36.2,7,6,1,0,0,0
CLI08989,Essencial,Mensal,Débito automático,Busca orgânica,58,42.42,15,10.7,19.4,13,8,0,0,0,0
CLI08990,Essencial,Mensal,Pix,Parceiro,21,42.42,15,6.1,66.3,13,6,2,0,0,1
CLI08991,Premium,Mensal,Cartão,Mídia paga,17,119.9,0,7.2,19.5,8,5,1,2,0,0
CLI08992,Essencial,Anual,Cartão,Indicação,47,44.91,10,2.9,3.2,3,7,0,0,0,0
CLI08993,Essencial,Mensal,Débito automático,Busca orgânica,15,47.4,5,7.1,16.6,11,6,1,1,0,0
CLI08994,Essencial,Anual,Débito automático,Mídia paga,36,44.91,10,12.9,23.5,8,5,0,1,0,0
CLI08995,Essencial,Mensal,Cartão,Mídia paga,30,47.4,5,7.7,36.8,9,6,0,1,1,0
CLI08996,Premium,Anual,Pix,Indicação,24,113.9,5,7.1,13.1,6,5,1,0,1,0
CLI08997,Premium,Anual,Cartão,Mídia paga,14,107.91,10,3.5,19.0,11,8,2,1,0,0
CLI08998,Plus,Anual,Cartão,Mídia paga,68,63.92,20,2.2,35.2,8,2,0,1,1,0
CLI08999,Premium,Anual,Cartão,Indicação,16,119.9,0,11.0,33.4,9,2,2,2,1,1
CLI09000,Plus,Mensal,Boleto,Indicação,60,79.9,0,2.6,25.9,7,7,1,0,0,0
CLI09001,Premium,Mensal,Cartão,Mídia paga,37,113.9,5,4.6,35.4,8,7,1,0,1,0
CLI09002,Essencial,Anual,Cartão,Mídia paga,46,44.91,10,3.2,13.9,9,7,0,2,0,0
CLI09003,Plus,Anual,Débito automático,Busca orgânica,30,67.92,15,2.3,7.5,9,6,0,0,0,0
CLI09004,Essencial,Anual,Cartão,Indicação,70,49.9,0,1.7,29.4,7,8,2,0,0,0
CLI09005,Essencial,Anual,Boleto,Indicação,81,47.4,5,1.2,57.5,7,7,0,1,0,0
CLI09006,Plus,Mensal,Cartão,Busca orgânica,22,67.92,15,6.5,6.3,10,10,0,0,0,0
CLI09007,Essencial,Mensal,Débito automático,Mídia paga,17,49.9,0,4.1,26.7,12,7,1,0,0,0
CLI09008,Plus,Anual,Cartão,Indicação,28,79.9,0,7.2,14.1,7,10,0,0,0,0
CLI09009,Plus,Mensal,Cartão,Mídia paga,22,67.92,15,10.7,2.6,3,5,0,0,0,0
CLI09010,Essencial,Anual,Pix,Busca orgânica,54,49.9,0,1.7,52.8,12,5,0,0,0,0
CLI09011,Essencial,Mensal,Débito automático,Mídia paga,39,39.92,20,1.0,33.1,4,7,0,1,0,0
CLI09012,Plus,Anual,Cartão,Parceiro,10,79.9,0,3.9,5.5,3,6,1,0,0,0
CLI09013,Premium,Anual,Cartão,Indicação,10,107.91,10,7.2,28.0,10,8,2,0,0,0
CLI09014,Essencial,Mensal,Cartão,Parceiro,31,42.42,15,0.3,4.6,4,8,3,1,0,0
CLI09015,Premium,Anual,Cartão,Mídia paga,54,119.9,0,12.6,11.7,5,10,1,0,0,0
CLI09016,Premium,Mensal,Débito automático,Parceiro,15,113.9,5,5.7,39.8,5,7,1,1,1,0
CLI09017,Plus,Mensal,Boleto,Busca orgânica,37,75.9,5,9.8,37.0,11,6,0,0,0,0
CLI09018,Essencial,Anual,Débito automático,Mídia paga,43,47.4,5,3.1,37.9,7,6,1,0,1,0
CLI09019,Plus,Mensal,Cartão,Busca orgânica,38,79.9,0,0.6,47.1,9,6,0,1,0,1
CLI09020,Plus,Mensal,Pix,Indicação,8,75.9,5,5.0,41.0,14,8,0,1,0,1
CLI09021,Essencial,Anual,Pix,Parceiro,20,44.91,10,3.1,25.3,5,8,0,0,0,0
CLI09022,Premium,Anual,Cartão,Parceiro,20,119.9,0,1.4,3.7,1,10,1,0,1,0
CLI09023,Premium,Mensal,Cartão,Indicação,43,107.91,10,22.0,6.7,5,7,3,0,0,0
CLI09024,Plus,Anual,Débito automático,Busca orgânica,18,79.9,0,10.4,3.1,7,9,2,0,0,0
CLI09025,Plus,Mensal,Débito automático,Parceiro,11,79.9,0,8.8,63.8,13,4,3,0,0,1
CLI09026,Plus,Mensal,Cartão,Busca orgânica,41,79.9,0,15.4,24.7,3,7,0,1,0,0
CLI09027,Plus,Anual,Débito automático,Busca orgânica,13,67.92,15,2.1,21.7,3,8,0,0,0,0
CLI09028,Premium,Mensal,Débito automático,Indicação,6,113.9,5,7.6,55.0,6,6,4,0,0,0
CLI09029,Essencial,Anual,Boleto,Busca orgânica,19,49.9,0,4.2,64.5,10,7,1,0,0,0
CLI09030,Essencial,Anual,Boleto,Busca orgânica,7,44.91,10,7.6,39.8,8,4,1,1,1,0
CLI09031,Essencial,Anual,Cartão,Mídia paga,5,49.9,0,1.3,24.3,4,7,0,0,1,0
CLI09032,Premium,Anual,Cartão,Busca orgânica,3,113.9,5,6.1,39.9,6,9,1,0,0,0
CLI09033,Essencial,Mensal,Débito automático,Mídia paga,35,49.9,0,5.8,24.7,5,6,1,0,0,0
CLI09034,Premium,Anual,Débito automático,Indicação,26,119.9,0,15.3,19.6,6,10,0,0,0,0
CLI09035,Plus,Anual,Cartão,Mídia paga,91,63.92,20,2.8,45.5,2,9,1,0,0,0
CLI09036,Essencial,Mensal,Pix,Indicação,17,49.9,0,4.6,31.9,4,7,0,0,0,0
CLI09037,Premium,Mensal,Boleto,Mídia paga,64,119.9,0,7.3,2.4,4,9,2,0,1,0
CLI09038,Plus,Anual,Cartão,Mídia paga,36,71.91,10,3.4,14.9,15,9,0,1,0,0
CLI09039,Essencial,Mensal,Cartão,Mídia paga,18,47.4,5,1.4,40.9,15,4,2,0,0,1
CLI09040,Essencial,Mensal,Cartão,Indicação,11,47.4,5,6.9,60.4,9,5,0,0,1,0
CLI09041,Essencial,Mensal,Cartão,Mídia paga,31,44.91,10,7.2,33.6,7,4,2,3,1,1
CLI09042,Essencial,Mensal,Pix,Indicação,13,44.91,10,5.8,52.6,8,8,0,0,1,0
CLI09043,Essencial,Anual,Cartão,Indicação,30,49.9,0,2.2,20.2,3,8,0,0,0,0
CLI09044,Plus,Mensal,Débito automático,Mídia paga,12,79.9,0,4.8,4.7,7,9,0,0,0,0
CLI09045,Essencial,Anual,Cartão,Indicação,10,49.9,0,5.5,12.8,4,5,2,2,0,0
CLI09046,Essencial,Anual,Débito automático,Busca orgânica,5,47.4,5,2.1,44.6,9,7,0,1,0,0
CLI09047,Essencial,Mensal,Cartão,Parceiro,29,42.42,15,1.0,19.9,8,7,1,0,0,0
CLI09048,Essencial,Mensal,Débito automático,Indicação,25,49.9,0,5.5,8.7,6,9,0,0,0,0
CLI09049,Premium,Mensal,Cartão,Mídia paga,9,107.91,10,2.8,53.1,11,7,1,0,1,0
CLI09050,Essencial,Mensal,Débito automático,Mídia paga,23,49.9,0,5.0,24.2,6,8,0,0,0,0
CLI09051,Essencial,Mensal,Cartão,Busca orgânica,7,47.4,5,0.8,8.6,3,9,0,0,0,0
CLI09052,Plus,Mensal,Pix,Busca orgânica,26,75.9,5,5.8,47.3,8,4,0,0,1,0
CLI09053,Premium,Anual,Cartão,Busca orgânica,23,119.9,0,22.4,13.8,4,7,2,0,0,0
CLI09054,Plus,Mensal,Cartão,Mídia paga,40,79.9,0,10.7,37.9,6,7,2,1,0,0
CLI09055,Premium,Mensal,Débito automático,Mídia paga,7,107.91,10,7.9,6.6,3,8,2,0,0,0
CLI09056,Premium,Mensal,Cartão,Busca orgânica,3,101.92,15,12.6,53.9,7,5,0,1,1,0
CLI09057,Plus,Anual,Boleto,Mídia paga,61,79.9,0,3.1,31.7,5,9,0,0,1,0
CLI09058,Premium,Mensal,Pix,Busca orgânica,33,107.91,10,7.7,5.9,5,8,0,0,0,0
CLI09059,Essencial,Anual,Cartão,Mídia paga,15,47.4,5,0.5,6.8,8,8,1,0,0,0
CLI09060,Premium,Mensal,Boleto,Indicação,58,107.91,10,11.1,11.5,10,7,1,3,1,1
CLI09061,Premium,Anual,Cartão,Busca orgânica,89,101.92,15,10.6,20.1,6,6,1,1,0,0
CLI09062,Premium,Mensal,Débito automático,Busca orgânica,34,107.91,10,12.0,8.3,7,10,2,0,0,0
CLI09063,Plus,Mensal,Cartão,Mídia paga,23,67.92,15,6.6,5.6,2,7,0,0,1,0
CLI09064,Plus,Mensal,Pix,Indicação,9,75.9,5,12.8,36.2,5,7,2,0,0,0
CLI09065,Essencial,Mensal,Débito automático,Busca orgânica,19,49.9,0,5.3,43.9,13,8,1,0,0,0
CLI09066,Plus,Anual,Cartão,Parceiro,9,79.9,0,3.6,35.7,8,6,2,0,0,1
CLI09067,Essencial,Mensal,Débito automático,Indicação,34,44.91,10,5.2,50.1,6,6,0,0,1,0
CLI09068,Plus,Mensal,Cartão,Busca orgânica,96,79.9,0,7.2,57.7,12,6,1,1,1,1
CLI09069,Plus,Mensal,Débito automático,Indicação,36,75.9,5,3.3,15.8,10,8,1,0,0,0
CLI09070,Essencial,Mensal,Cartão,Mídia paga,58,44.91,10,4.7,34.0,9,6,1,0,0,0
CLI09071,Essencial,Anual,Cartão,Busca orgânica,22,44.91,10,1.7,33.0,9,4,3,2,0,0
CLI09072,Essencial,Mensal,Cartão,Parceiro,33,44.91,10,2.0,5.8,4,8,0,0,0,0
CLI09073,Plus,Anual,Pix,Busca orgânica,20,79.9,0,3.4,60.5,9,5,1,0,0,0
CLI09074,Plus,Anual,Boleto,Parceiro,6,67.92,15,7.4,1.1,0,6,0,2,1,0
CLI09075,Plus,Mensal,Boleto,Indicação,3,79.9,0,1.3,64.2,9,6,1,2,0,0
CLI09076,Essencial,Mensal,Débito automático,Mídia paga,96,44.91,10,13.1,17.6,10,8,0,0,0,0
CLI09077,Plus,Mensal,Débito automático,Busca orgânica,16,75.9,5,15.8,55.6,12,6,1,0,0,0
CLI09078,Plus,Mensal,Débito automático,Indicação,23,79.9,0,3.7,37.3,8,5,0,1,0,0
CLI09079,Essencial,Anual,Pix,Parceiro,4,47.4,5,3.3,19.9,7,7,2,1,0,0
CLI09080,Essencial,Mensal,Cartão,Busca orgânica,20,49.9,0,4.6,16.4,10,7,0,0,0,0
CLI09081,Plus,Mensal,Débito automático,Mídia paga,42,79.9,0,3.0,8.4,8,6,1,0,0,0
CLI09082,Essencial,Anual,Cartão,Mídia paga,39,49.9,0,2.9,33.0,2,7,1,0,0,0
CLI09083,Essencial,Mensal,Débito automático,Busca orgânica,26,47.4,5,5.2,4.1,4,9,0,0,0,0
CLI09084,Essencial,Anual,Cartão,Indicação,43,49.9,0,4.2,41.3,8,5,0,0,0,0
CLI09085,Essencial,Anual,Cartão,Parceiro,16,39.92,20,1.0,27.9,2,7,1,2,0,1
CLI09086,Essencial,Mensal,Débito automático,Mídia paga,59,49.9,0,6.5,12.4,10,7,0,0,0,0
CLI09087,Essencial,Mensal,Cartão,Parceiro,96,42.42,15,10.6,45.5,10,5,2,1,0,1
CLI09088,Plus,Mensal,Boleto,Mídia paga,53,75.9,5,8.5,24.2,6,6,0,2,1,1
CLI09089,Plus,Anual,Boleto,Mídia paga,23,71.91,10,3.4,13.4,3,7,0,1,0,0
CLI09090,Essencial,Mensal,Pix,Mídia paga,14,42.42,15,2.4,41.1,9,5,0,1,1,0
CLI09091,Plus,Anual,Débito automático,Indicação,9,71.91,10,3.6,23.7,9,7,1,0,0,0
CLI09092,Plus,Anual,Cartão,Parceiro,25,75.9,5,7.5,24.7,7,9,1,0,1,0
CLI09093,Essencial,Mensal,Cartão,Mídia paga,9,44.91,10,4.7,14.9,6,9,1,1,0,0
CLI09094,Essencial,Anual,Débito automático,Mídia paga,30,39.92,20,5.2,11.1,2,10,1,0,0,0
CLI09095,Essencial,Mensal,Cartão,Mídia paga,23,49.9,0,4.9,32.7,10,7,0,0,1,0
CLI09096,Plus,Mensal,Cartão,Indicação,13,75.9,5,20.4,23.6,4,7,0,0,0,0
CLI09097,Plus,Anual,Cartão,Busca orgânica,27,75.9,5,8.5,34.0,4,8,1,2,0,0
CLI09098,Essencial,Mensal,Débito automático,Indicação,30,42.42,15,0.8,61.6,9,8,1,0,1,0
CLI09099,Plus,Anual,Débito automático,Mídia paga,36,79.9,0,0.9,27.5,7,5,1,0,1,0
CLI09100,Premium,Anual,Cartão,Busca orgânica,24,107.91,10,1.7,7.7,1,8,0,1,0,0
CLI09101,Essencial,Mensal,Cartão,Indicação,34,49.9,0,3.7,39.8,6,7,1,0,0,0
CLI09102,Plus,Mensal,Débito automático,Mídia paga,56,71.91,10,4.1,73.0,14,5,0,1,0,1
CLI09103,Plus,Mensal,Cartão,Busca orgânica,10,79.9,0,2.5,64.2,13,5,1,0,0,1
CLI09104,Plus,Mensal,Cartão,Busca orgânica,9,67.92,15,0.6,44.8,15,8,0,0,0,0
CLI09105,Plus,Anual,Cartão,Busca orgânica,42,79.9,0,10.5,55.8,10,9,0,0,0,0
CLI09106,Plus,Mensal,Débito automático,Indicação,16,67.92,15,4.1,9.0,5,8,1,0,0,0
CLI09107,Essencial,Anual,Cartão,Busca orgânica,57,47.4,5,8.7,53.0,7,4,1,0,0,0
CLI09108,Essencial,Mensal,Cartão,Indicação,48,42.42,15,3.5,37.8,7,9,0,1,0,0
CLI09109,Plus,Mensal,Pix,Busca orgânica,58,79.9,0,3.3,18.5,2,7,3,0,0,0
CLI09110,Essencial,Mensal,Cartão,Busca orgânica,6,42.42,15,1.9,46.6,8,7,0,1,0,0
CLI09111,Premium,Mensal,Boleto,Parceiro,24,113.9,5,3.2,16.7,2,9,1,0,0,0
CLI09112,Essencial,Mensal,Débito automático,Indicação,34,49.9,0,4.3,17.5,3,7,0,0,1,0
CLI09113,Plus,Mensal,Pix,Busca orgânica,11,63.92,20,2.7,27.8,5,6,0,0,0,1
CLI09114,Plus,Mensal,Cartão,Mídia paga,23,79.9,0,5.3,47.0,12,7,0,0,0,1
CLI09115,Essencial,Mensal,Cartão,Busca orgânica,32,49.9,0,9.8,37.4,8,7,1,1,0,0
CLI09116,Premium,Mensal,Pix,Busca orgânica,14,119.9,0,1.8,2.3,2,9,0,0,0,0
CLI09117,Essencial,Mensal,Cartão,Mídia paga,11,47.4,5,2.0,42.0,7,4,2,1,0,0
CLI09118,Plus,Mensal,Pix,Indicação,19,71.91,10,3.2,31.7,6,5,1,0,0,0
CLI09119,Plus,Mensal,Cartão,Parceiro,60,79.9,0,5.9,23.0,7,6,1,0,0,0
CLI09120,Premium,Anual,Débito automático,Busca orgânica,36,107.91,10,6.3,47.1,10,5,3,0,0,0
CLI09121,Plus,Mensal,Cartão,Mídia paga,29,67.92,15,4.8,7.5,5,8,0,1,0,0
CLI09122,Premium,Mensal,Pix,Parceiro,46,113.9,5,14.7,4.5,4,10,2,1,0,0
CLI09123,Premium,Mensal,Cartão,Mídia paga,24,95.92,20,4.5,27.3,6,7,0,0,1,0
CLI09124,Essencial,Mensal,Cartão,Indicação,17,49.9,0,1.4,30.0,11,7,1,0,0,0
CLI09125,Premium,Anual,Cartão,Mídia paga,11,107.91,10,5.6,39.1,10,10,2,0,0,0
CLI09126,Premium,Anual,Cartão,Busca orgânica,21,107.91,10,9.9,18.3,4,5,1,0,1,0
CLI09127,Essencial,Anual,Boleto,Busca orgânica,40,47.4,5,1.7,22.8,7,10,1,0,0,0
CLI09128,Plus,Mensal,Cartão,Mídia paga,2,79.9,0,0.7,23.3,5,6,0,2,1,1
CLI09129,Essencial,Mensal,Cartão,Busca orgânica,17,47.4,5,14.3,32.8,12,6,2,0,0,1
CLI09130,Plus,Mensal,Pix,Busca orgânica,22,79.9,0,3.6,9.2,6,9,1,0,1,0
CLI09131,Essencial,Anual,Cartão,Mídia paga,17,49.9,0,3.8,37.2,9,8,0,0,0,1
CLI09132,Plus,Mensal,Débito automático,Busca orgânica,47,75.9,5,5.6,36.3,6,4,0,1,0,1
CLI09133,Essencial,Mensal,Cartão,Mídia paga,35,44.91,10,3.1,41.1,18,8,1,1,0,0
CLI09134,Plus,Mensal,Débito automático,Indicação,18,71.91,10,1.8,58.3,7,3,0,1,0,0
CLI09135,Essencial,Anual,Débito automático,Mídia paga,45,49.9,0,2.1,10.0,5,8,0,0,1,0
CLI09136,Plus,Mensal,Cartão,Indicação,7,63.92,20,6.9,8.1,2,9,1,1,0,0
CLI09137,Plus,Mensal,Cartão,Mídia paga,35,75.9,5,2.4,10.9,4,7,1,0,0,0
CLI09138,Plus,Anual,Pix,Indicação,13,71.91,10,11.7,12.9,10,10,0,0,0,0
CLI09139,Essencial,Mensal,Pix,Mídia paga,37,49.9,0,2.3,24.4,5,6,1,0,0,0
CLI09140,Essencial,Anual,Cartão,Mídia paga,30,44.91,10,3.9,3.8,2,10,0,0,0,0
CLI09141,Essencial,Mensal,Pix,Busca orgânica,31,44.91,10,8.9,26.1,5,7,0,2,1,0
CLI09142,Premium,Anual,Débito automático,Mídia paga,31,119.9,0,2.0,12.2,4,7,3,1,1,0
CLI09143,Essencial,Anual,Pix,Mídia paga,22,47.4,5,2.1,36.0,12,9,0,1,0,0
CLI09144,Plus,Mensal,Pix,Indicação,30,79.9,0,3.8,30.0,8,7,1,0,0,0
CLI09145,Essencial,Anual,Débito automático,Mídia paga,9,39.92,20,2.8,46.5,8,5,1,1,1,0
CLI09146,Plus,Mensal,Pix,Busca orgânica,23,63.92,20,1.3,31.4,6,7,1,0,1,0
CLI09147,Essencial,Mensal,Cartão,Mídia paga,9,44.91,10,4.1,23.6,6,9,0,1,1,0
CLI09148,Essencial,Mensal,Cartão,Mídia paga,70,49.9,0,4.3,36.4,11,8,0,0,0,0
CLI09149,Essencial,Mensal,Cartão,Mídia paga,13,47.4,5,4.1,8.6,6,9,1,0,0,0
CLI09150,Essencial,Mensal,Cartão,Indicação,63,49.9,0,5.8,17.7,4,6,1,1,0,0
CLI09151,Essencial,Mensal,Cartão,Busca orgânica,49,44.91,10,0.8,3.2,2,8,1,2,0,0
CLI09152,Essencial,Anual,Débito automático,Busca orgânica,19,47.4,5,3.4,5.9,1,8,1,0,0,0
CLI09153,Plus,Anual,Cartão,Indicação,15,75.9,5,4.3,10.5,4,7,1,0,1,0
CLI09154,Premium,Mensal,Débito automático,Mídia paga,21,119.9,0,2.4,42.0,6,7,0,0,1,0
CLI09155,Plus,Mensal,Cartão,Mídia paga,85,79.9,0,2.8,11.7,3,6,3,0,0,0
CLI09156,Premium,Mensal,Cartão,Mídia paga,18,119.9,0,3.6,8.7,7,8,2,1,0,0
CLI09157,Plus,Mensal,Cartão,Indicação,56,75.9,5,2.0,36.6,4,8,0,0,0,0
CLI09158,Essencial,Anual,Cartão,Mídia paga,62,47.4,5,4.1,32.4,6,7,0,0,1,0
CLI09159,Essencial,Anual,Cartão,Busca orgânica,16,42.42,15,2.2,21.0,5,4,2,0,1,0
CLI09160,Essencial,Mensal,Cartão,Indicação,22,44.91,10,5.1,45.4,8,6,1,1,0,0
CLI09161,Essencial,Mensal,Pix,Busca orgânica,6,44.91,10,5.9,27.5,9,10,2,0,0,0
CLI09162,Premium,Mensal,Cartão,Mídia paga,29,119.9,0,13.5,37.7,9,9,0,1,1,0
CLI09163,Plus,Mensal,Cartão,Busca orgânica,29,75.9,5,1.2,54.0,7,7,0,0,0,0
CLI09164,Plus,Mensal,Cartão,Mídia paga,24,63.92,20,0.5,46.9,9,7,1,2,0,1
CLI09165,Plus,Mensal,Cartão,Indicação,21,75.9,5,2.2,23.6,3,6,0,0,0,0
CLI09166,Essencial,Mensal,Cartão,Busca orgânica,42,47.4,5,3.2,13.6,6,10,0,1,0,0
CLI09167,Plus,Mensal,Cartão,Busca orgânica,50,79.9,0,3.3,14.9,7,9,0,0,0,0
CLI09168,Essencial,Anual,Pix,Indicação,45,49.9,0,4.9,15.6,10,7,0,0,0,0
CLI09169,Essencial,Anual,Pix,Busca orgânica,24,44.91,10,2.8,52.0,5,6,0,0,1,0
CLI09170,Essencial,Mensal,Boleto,Mídia paga,39,42.42,15,4.9,55.5,5,3,3,1,1,1
CLI09171,Essencial,Mensal,Débito automático,Busca orgânica,25,44.91,10,1.4,24.7,4,10,0,0,0,0
CLI09172,Plus,Anual,Cartão,Busca orgânica,20,67.92,15,5.4,10.5,5,9,2,0,0,0
CLI09173,Essencial,Mensal,Cartão,Busca orgânica,27,44.91,10,1.3,10.6,5,7,1,0,1,0
CLI09174,Essencial,Anual,Débito automático,Busca orgânica,18,44.91,10,2.2,56.0,8,5,0,0,0,0
CLI09175,Premium,Mensal,Cartão,Indicação,12,113.9,5,4.5,28.8,8,8,0,0,0,0
CLI09176,Premium,Anual,Pix,Mídia paga,58,119.9,0,3.0,25.9,7,9,1,0,0,1
CLI09177,Plus,Mensal,Débito automático,Mídia paga,42,71.91,10,8.4,25.1,9,8,0,1,0,0
CLI09178,Plus,Anual,Pix,Mídia paga,13,75.9,5,1.9,31.3,7,7,0,0,0,0
CLI09179,Plus,Mensal,Cartão,Indicação,14,75.9,5,1.1,9.7,5,5,0,0,1,0
CLI09180,Essencial,Anual,Cartão,Busca orgânica,30,39.92,20,1.2,14.4,11,7,2,0,1,0
CLI09181,Essencial,Mensal,Cartão,Mídia paga,25,49.9,0,3.7,26.5,7,6,0,2,0,0
CLI09182,Essencial,Mensal,Cartão,Mídia paga,17,47.4,5,3.0,16.2,5,7,0,1,0,0
CLI09183,Essencial,Anual,Cartão,Indicação,19,49.9,0,1.6,3.8,3,5,2,0,0,0
CLI09184,Premium,Mensal,Pix,Indicação,15,119.9,0,3.3,5.7,6,9,0,0,0,0
CLI09185,Plus,Mensal,Cartão,Parceiro,31,67.92,15,5.4,34.5,6,9,2,0,0,0
CLI09186,Premium,Mensal,Cartão,Indicação,48,119.9,0,14.8,37.1,11,7,0,0,0,0
CLI09187,Plus,Anual,Cartão,Parceiro,27,67.92,15,0.5,34.5,7,8,0,0,0,0
CLI09188,Plus,Anual,Boleto,Mídia paga,22,75.9,5,6.0,51.5,11,4,1,2,0,0
CLI09189,Plus,Mensal,Cartão,Busca orgânica,11,75.9,5,6.6,46.9,9,7,0,0,0,0
CLI09190,Plus,Anual,Cartão,Indicação,7,63.92,20,3.1,27.1,3,7,0,0,0,0
CLI09191,Plus,Anual,Pix,Mídia paga,9,75.9,5,5.7,3.2,5,8,0,0,0,0
CLI09192,Essencial,Anual,Cartão,Indicação,32,49.9,0,6.8,32.2,6,8,0,0,0,0
CLI09193,Plus,Mensal,Cartão,Busca orgânica,32,71.91,10,6.2,11.1,7,6,2,0,0,0
CLI09194,Essencial,Mensal,Cartão,Indicação,5,47.4,5,14.2,24.9,4,8,3,0,0,0
CLI09195,Plus,Mensal,Boleto,Indicação,9,75.9,5,14.9,24.5,4,7,0,0,0,0
CLI09196,Essencial,Mensal,Pix,Mídia paga,18,42.42,15,2.0,21.8,8,8,0,0,0,0
CLI09197,Plus,Mensal,Pix,Indicação,19,71.91,10,1.9,35.2,8,6,2,0,0,0
CLI09198,Essencial,Anual,Débito automático,Mídia paga,96,47.4,5,8.3,69.4,14,6,1,0,0,0
CLI09199,Essencial,Mensal,Pix,Mídia paga,4,49.9,0,5.7,3.8,5,6,0,1,0,1
CLI09200,Plus,Mensal,Cartão,Busca orgânica,21,79.9,0,7.3,23.4,4,6,0,0,0,0
CLI09201,Essencial,Mensal,Pix,Mídia paga,8,49.9,0,1.9,23.1,6,3,0,0,0,0
CLI09202,Premium,Mensal,Pix,Busca orgânica,30,95.92,20,2.0,31.4,10,5,3,0,1,0
CLI09203,Essencial,Anual,Cartão,Mídia paga,16,49.9,0,4.6,9.8,6,8,0,1,0,1
CLI09204,Essencial,Mensal,Débito automático,Indicação,18,39.92,20,2.3,39.5,10,6,0,0,0,0
CLI09205,Essencial,Anual,Cartão,Mídia paga,2,44.91,10,4.0,20.2,6,7,0,0,0,0
CLI09206,Premium,Mensal,Cartão,Mídia paga,40,113.9,5,12.6,6.3,7,8,1,0,1,0
CLI09207,Plus,Mensal,Cartão,Mídia paga,87,67.92,15,4.2,11.5,5,7,0,2,1,1
CLI09208,Essencial,Anual,Cartão,Indicação,24,49.9,0,4.5,55.4,7,6,0,1,0,0
CLI09209,Essencial,Anual,Boleto,Busca orgânica,26,49.9,0,4.2,17.2,6,7,0,1,0,0
CLI09210,Plus,Mensal,Pix,Mídia paga,43,79.9,0,8.3,0.6,3,8,0,0,0,0
CLI09211,Premium,Anual,Cartão,Mídia paga,25,107.91,10,4.2,27.3,4,6,0,1,0,0
CLI09212,Essencial,Mensal,Pix,Mídia paga,25,44.91,10,1.7,9.9,5,6,2,0,1,0
CLI09213,Essencial,Mensal,Débito automático,Indicação,40,47.4,5,3.3,12.4,5,10,1,0,0,0
CLI09214,Essencial,Mensal,Cartão,Busca orgânica,4,44.91,10,1.2,57.7,7,9,0,1,1,1
CLI09215,Essencial,Mensal,Pix,Parceiro,30,47.4,5,4.9,14.1,3,9,0,0,0,0
CLI09216,Plus,Anual,Débito automático,Indicação,16,75.9,5,18.8,18.6,5,5,0,0,1,0
CLI09217,Premium,Mensal,Cartão,Mídia paga,56,101.92,15,4.1,40.1,9,6,1,1,0,0
CLI09218,Premium,Anual,Pix,Busca orgânica,30,113.9,5,7.7,60.4,10,6,2,0,1,0
CLI09219,Plus,Anual,Pix,Mídia paga,16,71.91,10,10.9,10.5,3,7,1,0,0,0
CLI09220,Essencial,Mensal,Débito automático,Indicação,36,44.91,10,2.1,34.8,6,9,1,0,0,0
CLI09221,Premium,Mensal,Boleto,Indicação,44,119.9,0,3.4,34.1,13,8,2,0,0,0
CLI09222,Essencial,Mensal,Boleto,Busca orgânica,25,39.92,20,7.6,23.5,6,9,2,0,1,0
CLI09223,Essencial,Mensal,Cartão,Mídia paga,62,49.9,0,2.0,4.7,6,9,0,0,0,0
CLI09224,Plus,Anual,Débito automático,Mídia paga,54,79.9,0,5.8,64.1,14,6,0,0,0,0
CLI09225,Essencial,Anual,Débito automático,Mídia paga,29,49.9,0,4.4,11.7,6,10,1,0,0,0
CLI09226,Premium,Mensal,Cartão,Parceiro,17,95.92,20,6.2,2.5,5,9,1,0,0,0
CLI09227,Premium,Mensal,Boleto,Busca orgânica,5,107.91,10,2.8,6.3,6,8,0,1,1,0
CLI09228,Plus,Mensal,Débito automático,Mídia paga,20,79.9,0,11.5,43.9,13,8,2,0,0,0
CLI09229,Plus,Mensal,Débito automático,Indicação,16,79.9,0,1.6,75.3,23,6,1,0,1,1
CLI09230,Essencial,Mensal,Cartão,Indicação,29,49.9,0,6.0,26.3,3,6,1,0,1,0
CLI09231,Essencial,Mensal,Cartão,Busca orgânica,23,49.9,0,1.5,91.6,11,6,3,1,0,0
CLI09232,Plus,Mensal,Boleto,Parceiro,26,79.9,0,5.2,50.3,6,4,0,2,1,1
CLI09233,Plus,Mensal,Boleto,Mídia paga,29,75.9,5,9.7,32.8,4,5,1,2,1,1
CLI09234,Premium,Mensal,Cartão,Indicação,50,119.9,0,2.8,11.1,12,7,1,2,0,0
CLI09235,Essencial,Mensal,Cartão,Parceiro,18,39.92,20,3.6,9.5,2,7,1,2,1,0
CLI09236,Essencial,Mensal,Pix,Mídia paga,19,49.9,0,9.8,5.3,4,8,1,0,0,1
CLI09237,Essencial,Mensal,Cartão,Mídia paga,39,42.42,15,2.5,10.7,4,6,1,2,0,1
CLI09238,Plus,Mensal,Pix,Mídia paga,64,67.92,15,5.0,8.2,2,7,2,1,0,0
CLI09239,Plus,Mensal,Boleto,Busca orgânica,33,79.9,0,0.8,23.4,5,7,1,1,0,0
CLI09240,Premium,Anual,Cartão,Indicação,95,119.9,0,2.7,38.8,8,6,2,0,0,0
CLI09241,Essencial,Mensal,Débito automático,Mídia paga,24,44.91,10,1.0,6.3,5,8,0,0,0,0
CLI09242,Plus,Mensal,Pix,Indicação,35,63.92,20,3.4,47.5,13,6,0,0,0,0
CLI09243,Essencial,Mensal,Cartão,Mídia paga,18,47.4,5,4.9,4.0,7,5,0,0,0,0
CLI09244,Essencial,Mensal,Cartão,Busca orgânica,96,49.9,0,4.9,44.3,6,6,0,0,0,0
CLI09245,Essencial,Mensal,Pix,Mídia paga,45,49.9,0,2.3,72.4,6,6,1,0,1,0
CLI09246,Plus,Anual,Débito automático,Mídia paga,32,71.91,10,5.5,33.4,11,7,0,0,0,0
CLI09247,Plus,Anual,Pix,Busca orgânica,96,79.9,0,9.9,30.0,8,7,0,1,0,0
CLI09248,Essencial,Mensal,Boleto,Busca orgânica,17,49.9,0,3.3,23.4,3,6,0,1,0,0
CLI09249,Plus,Mensal,Cartão,Indicação,3,79.9,0,1.8,31.9,6,6,1,0,0,0
CLI09250,Premium,Anual,Boleto,Busca orgânica,13,107.91,10,3.6,36.3,5,5,3,1,0,1
CLI09251,Essencial,Mensal,Pix,Indicação,16,47.4,5,14.7,31.9,5,7,1,1,0,0
CLI09252,Essencial,Mensal,Cartão,Indicação,33,44.91,10,2.9,4.3,3,7,1,0,0,0
CLI09253,Plus,Anual,Cartão,Busca orgânica,43,79.9,0,5.3,69.2,7,6,0,1,0,0
CLI09254,Plus,Mensal,Cartão,Busca orgânica,8,71.91,10,1.1,13.0,2,6,0,2,1,1
CLI09255,Premium,Mensal,Cartão,Parceiro,36,101.92,15,2.4,23.2,8,7,2,0,0,0
CLI09256,Essencial,Mensal,Boleto,Indicação,4,42.42,15,4.2,5.5,7,8,1,0,0,0
CLI09257,Plus,Mensal,Débito automático,Indicação,11,79.9,0,1.2,4.6,1,7,0,1,1,0
CLI09258,Premium,Anual,Cartão,Mídia paga,48,107.91,10,7.2,40.4,11,8,0,0,1,0
CLI09259,Essencial,Mensal,Cartão,Indicação,64,39.92,20,4.9,22.2,5,9,0,0,0,0
CLI09260,Essencial,Mensal,Pix,Mídia paga,48,44.91,10,2.6,35.4,5,9,1,0,0,0
CLI09261,Premium,Mensal,Débito automático,Mídia paga,20,101.92,15,10.2,55.4,16,5,2,0,0,0
CLI09262,Essencial,Mensal,Débito automático,Mídia paga,14,42.42,15,5.0,21.5,3,8,1,0,0,0
CLI09263,Plus,Mensal,Cartão,Busca orgânica,53,79.9,0,4.5,21.2,3,6,1,0,1,0
CLI09264,Premium,Mensal,Cartão,Indicação,13,119.9,0,3.7,26.3,5,6,0,0,1,0
CLI09265,Essencial,Mensal,Cartão,Parceiro,36,44.91,10,1.1,25.1,6,7,1,0,1,1
CLI09266,Plus,Mensal,Pix,Mídia paga,17,71.91,10,3.1,14.3,2,9,0,0,0,0
CLI09267,Plus,Anual,Cartão,Mídia paga,34,79.9,0,3.8,14.0,7,7,2,1,0,0
CLI09268,Premium,Mensal,Cartão,Indicação,7,101.92,15,5.4,17.3,7,6,2,0,0,0
CLI09269,Premium,Anual,Débito automático,Busca orgânica,68,119.9,0,11.0,22.7,3,8,0,0,1,0
CLI09270,Premium,Mensal,Cartão,Mídia paga,8,101.92,15,4.7,9.1,3,9,1,0,0,0
CLI09271,Essencial,Mensal,Boleto,Indicação,12,49.9,0,2.6,22.7,7,8,1,0,1,0
CLI09272,Plus,Anual,Débito automático,Parceiro,29,71.91,10,9.4,9.4,0,7,1,0,0,0
CLI09273,Premium,Anual,Cartão,Parceiro,61,95.92,20,9.5,40.1,6,7,0,0,1,0
CLI09274,Plus,Mensal,Cartão,Indicação,10,71.91,10,5.4,20.6,6,5,1,2,1,0
CLI09275,Plus,Mensal,Pix,Indicação,20,79.9,0,5.9,12.6,4,7,0,0,0,0
CLI09276,Essencial,Anual,Débito automático,Busca orgânica,25,49.9,0,3.6,29.2,7,6,2,0,0,0
CLI09277,Premium,Mensal,Cartão,Busca orgânica,49,113.9,5,12.2,10.6,6,8,1,1,0,0
CLI09278,Essencial,Mensal,Boleto,Busca orgânica,9,44.91,10,0.6,11.6,9,7,3,1,0,0
CLI09279,Essencial,Mensal,Débito automático,Mídia paga,39,44.91,10,3.4,24.9,5,7,0,0,0,0
CLI09280,Premium,Anual,Pix,Busca orgânica,56,107.91,10,7.8,6.0,8,9,0,0,0,0
CLI09281,Premium,Mensal,Cartão,Indicação,31,119.9,0,10.1,18.8,11,9,2,1,0,0
CLI09282,Premium,Mensal,Cartão,Busca orgânica,6,119.9,0,4.7,47.2,7,8,1,0,1,1
CLI09283,Plus,Anual,Pix,Busca orgânica,41,71.91,10,1.0,20.4,3,8,0,0,0,0
CLI09284,Essencial,Mensal,Cartão,Busca orgânica,59,47.4,5,1.7,9.9,7,9,0,0,0,0
CLI09285,Plus,Anual,Débito automático,Parceiro,20,79.9,0,4.5,16.6,5,6,0,0,0,0
CLI09286,Essencial,Mensal,Cartão,Indicação,8,39.92,20,3.6,55.6,12,5,1,4,0,1
CLI09287,Premium,Anual,Cartão,Mídia paga,31,113.9,5,6.3,30.8,10,7,1,1,0,0
CLI09288,Plus,Mensal,Débito automático,Busca orgânica,24,71.91,10,1.0,62.8,17,6,2,0,1,0
CLI09289,Essencial,Mensal,Pix,Mídia paga,10,44.91,10,7.3,6.5,5,5,1,0,0,0
CLI09290,Essencial,Mensal,Cartão,Busca orgânica,40,49.9,0,1.9,10.7,1,9,1,1,1,0
CLI09291,Essencial,Anual,Pix,Busca orgânica,32,39.92,20,1.3,35.2,5,8,0,0,0,0
CLI09292,Premium,Mensal,Débito automático,Busca orgânica,24,113.9,5,3.0,62.6,7,5,2,1,1,0
CLI09293,Plus,Mensal,Cartão,Mídia paga,22,71.91,10,2.1,20.8,13,5,2,2,0,0
CLI09294,Essencial,Mensal,Cartão,Indicação,32,47.4,5,6.5,61.9,9,6,1,1,0,1
CLI09295,Essencial,Mensal,Débito automático,Busca orgânica,11,44.91,10,3.5,18.5,3,8,1,0,0,0
CLI09296,Essencial,Anual,Débito automático,Busca orgânica,49,39.92,20,2.9,16.5,10,6,1,0,0,0
CLI09297,Essencial,Mensal,Cartão,Mídia paga,57,49.9,0,0.8,17.6,7,6,3,0,1,0
CLI09298,Premium,Mensal,Cartão,Indicação,22,101.92,15,10.4,54.9,9,6,0,0,1,0
CLI09299,Plus,Anual,Pix,Indicação,19,79.9,0,11.2,21.7,8,8,2,0,0,0
CLI09300,Essencial,Mensal,Cartão,Mídia paga,13,47.4,5,7.9,15.0,4,8,1,0,0,0
CLI09301,Plus,Mensal,Boleto,Busca orgânica,8,67.92,15,5.2,42.5,10,9,0,1,0,0
CLI09302,Essencial,Mensal,Cartão,Indicação,17,44.91,10,7.5,9.4,5,9,1,1,0,0
CLI09303,Essencial,Mensal,Débito automático,Busca orgânica,27,49.9,0,9.0,18.7,4,7,1,0,1,0
CLI09304,Plus,Anual,Boleto,Mídia paga,42,79.9,0,1.5,37.3,6,6,1,1,1,0
CLI09305,Essencial,Mensal,Cartão,Parceiro,9,44.91,10,2.9,40.9,5,4,0,1,1,1
CLI09306,Plus,Mensal,Pix,Mídia paga,23,79.9,0,7.7,30.2,3,7,1,0,0,0
CLI09307,Premium,Anual,Cartão,Mídia paga,24,119.9,0,6.1,24.3,4,5,2,2,0,0
CLI09308,Premium,Mensal,Pix,Mídia paga,35,107.91,10,6.4,55.2,12,7,1,0,1,0
CLI09309,Essencial,Anual,Boleto,Busca orgânica,16,49.9,0,4.7,25.5,6,8,0,0,1,0
CLI09310,Plus,Mensal,Boleto,Parceiro,62,79.9,0,0.8,4.1,3,9,0,2,0,0
CLI09311,Essencial,Anual,Cartão,Indicação,47,44.91,10,2.0,45.9,8,6,1,0,0,0
CLI09312,Plus,Anual,Débito automático,Mídia paga,29,71.91,10,9.8,17.3,3,9,1,0,0,0
CLI09313,Essencial,Anual,Débito automático,Busca orgânica,58,49.9,0,5.2,23.5,6,6,1,0,1,0
CLI09314,Plus,Mensal,Cartão,Mídia paga,37,75.9,5,11.3,5.1,2,3,0,0,0,0
CLI09315,Essencial,Anual,Débito automático,Parceiro,53,49.9,0,4.6,45.8,12,6,2,0,0,0
CLI09316,Premium,Anual,Cartão,Mídia paga,45,101.92,15,2.6,17.0,1,7,1,0,1,0
CLI09317,Premium,Mensal,Boleto,Mídia paga,33,107.91,10,5.3,62.0,13,6,0,0,0,0
CLI09318,Essencial,Mensal,Débito automático,Mídia paga,34,44.91,10,2.1,5.5,4,10,0,1,0,0
CLI09319,Plus,Mensal,Pix,Busca orgânica,29,71.91,10,2.8,39.7,7,3,0,0,1,1
CLI09320,Essencial,Anual,Cartão,Busca orgânica,96,49.9,0,2.3,39.5,6,6,1,0,0,0
CLI09321,Plus,Anual,Boleto,Busca orgânica,49,79.9,0,5.6,27.7,6,8,1,1,0,0
CLI09322,Essencial,Mensal,Cartão,Busca orgânica,28,47.4,5,2.4,5.4,4,6,1,0,0,1
CLI09323,Essencial,Anual,Pix,Busca orgânica,61,44.91,10,2.1,10.0,4,6,0,0,0,0
CLI09324,Plus,Mensal,Pix,Indicação,16,63.92,20,9.8,23.9,7,5,0,0,0,0
CLI09325,Plus,Mensal,Cartão,Parceiro,30,79.9,0,3.8,11.0,4,9,0,0,1,0
CLI09326,Plus,Anual,Cartão,Mídia paga,16,67.92,15,10.2,17.3,5,5,1,0,0,0
CLI09327,Plus,Mensal,Cartão,Indicação,26,79.9,0,2.9,29.9,8,4,1,3,1,1
CLI09328,Essencial,Anual,Boleto,Mídia paga,20,49.9,0,5.2,47.5,12,6,0,0,1,0
CLI09329,Essencial,Mensal,Débito automático,Mídia paga,27,47.4,5,6.0,25.3,7,5,1,0,1,0
CLI09330,Plus,Mensal,Débito automático,Mídia paga,16,79.9,0,4.0,20.4,6,9,0,0,0,0
CLI09331,Plus,Anual,Pix,Busca orgânica,31,67.92,15,4.9,8.0,4,6,1,0,0,0
CLI09332,Essencial,Mensal,Débito automático,Mídia paga,8,47.4,5,5.5,46.6,11,7,0,0,1,0
CLI09333,Essencial,Anual,Pix,Busca orgânica,21,44.91,10,4.0,6.2,7,9,0,0,1,0
CLI09334,Plus,Anual,Débito automático,Mídia paga,17,67.92,15,11.1,34.5,7,5,1,1,0,0
CLI09335,Plus,Anual,Débito automático,Mídia paga,2,75.9,5,4.7,13.1,7,8,1,1,0,1
CLI09336,Premium,Anual,Cartão,Indicação,51,119.9,0,1.6,19.8,1,6,3,0,1,0
CLI09337,Essencial,Mensal,Boleto,Busca orgânica,74,49.9,0,2.9,56.3,7,6,0,2,1,1
CLI09338,Plus,Mensal,Boleto,Indicação,35,71.91,10,5.5,65.1,6,5,1,1,0,0
CLI09339,Plus,Anual,Cartão,Busca orgânica,25,63.92,20,1.3,57.9,9,6,0,0,1,0
CLI09340,Essencial,Mensal,Boleto,Indicação,17,49.9,0,0.7,41.7,6,7,0,3,0,0
CLI09341,Essencial,Anual,Débito automático,Mídia paga,30,39.92,20,3.2,25.5,6,6,1,0,1,1
CLI09342,Essencial,Mensal,Cartão,Busca orgânica,41,39.92,20,2.0,1.9,3,6,0,1,1,0
CLI09343,Premium,Anual,Cartão,Busca orgânica,50,107.91,10,7.6,6.9,1,9,0,0,0,0
CLI09344,Essencial,Mensal,Débito automático,Mídia paga,42,44.91,10,1.5,34.1,2,9,2,0,0,0
CLI09345,Plus,Anual,Débito automático,Mídia paga,15,67.92,15,3.2,52.9,7,4,1,0,1,0
CLI09346,Plus,Mensal,Cartão,Busca orgânica,19,63.92,20,1.7,25.5,5,8,0,0,0,0
CLI09347,Essencial,Mensal,Pix,Mídia paga,11,44.91,10,0.9,44.2,3,9,1,0,0,0
CLI09348,Premium,Anual,Pix,Mídia paga,14,119.9,0,3.7,28.0,10,7,2,0,0,0
CLI09349,Plus,Mensal,Cartão,Indicação,41,71.91,10,2.9,8.8,3,7,0,0,0,0
CLI09350,Essencial,Mensal,Cartão,Indicação,25,49.9,0,1.6,44.3,7,6,0,1,1,0
CLI09351,Plus,Mensal,Cartão,Mídia paga,42,75.9,5,2.4,48.4,7,5,4,0,0,0
CLI09352,Plus,Mensal,Débito automático,Indicação,47,71.91,10,4.7,10.1,9,9,1,1,0,0
CLI09353,Essencial,Mensal,Cartão,Indicação,28,49.9,0,1.6,6.8,3,8,3,1,1,0
CLI09354,Plus,Mensal,Pix,Busca orgânica,43,79.9,0,1.8,37.3,8,6,2,0,0,0
CLI09355,Plus,Mensal,Pix,Parceiro,22,75.9,5,2.6,37.8,5,9,0,0,1,0
CLI09356,Essencial,Mensal,Boleto,Mídia paga,29,47.4,5,1.6,28.8,11,6,0,1,0,0
CLI09357,Premium,Anual,Boleto,Mídia paga,8,95.92,20,6.6,26.7,4,7,1,1,0,0
CLI09358,Plus,Anual,Boleto,Busca orgânica,21,79.9,0,2.5,46.3,8,6,0,1,0,0
CLI09359,Plus,Mensal,Pix,Mídia paga,14,67.92,15,6.0,24.1,7,5,0,0,0,0
CLI09360,Essencial,Mensal,Cartão,Busca orgânica,7,47.4,5,3.6,20.4,9,7,0,0,1,0
CLI09361,Essencial,Mensal,Cartão,Parceiro,32,49.9,0,5.4,41.3,6,6,0,0,0,0
CLI09362,Essencial,Anual,Pix,Mídia paga,23,49.9,0,0.6,29.3,9,6,1,0,1,0
CLI09363,Plus,Anual,Cartão,Mídia paga,19,79.9,0,13.6,56.7,15,7,1,0,0,1
CLI09364,Plus,Mensal,Cartão,Parceiro,20,75.9,5,3.0,16.3,5,8,0,1,1,0
CLI09365,Plus,Anual,Cartão,Parceiro,9,67.92,15,10.4,8.4,5,9,0,0,0,0
CLI09366,Essencial,Anual,Cartão,Indicação,38,44.91,10,2.3,14.0,5,7,0,0,0,0
CLI09367,Plus,Mensal,Pix,Indicação,38,79.9,0,3.9,31.9,14,8,1,1,0,1
CLI09368,Plus,Mensal,Boleto,Mídia paga,15,79.9,0,6.2,4.7,9,8,1,2,0,0
CLI09369,Plus,Mensal,Cartão,Indicação,10,79.9,0,4.5,54.4,10,8,2,0,0,1
CLI09370,Plus,Anual,Cartão,Busca orgânica,33,79.9,0,10.6,26.0,15,6,2,1,1,1
CLI09371,Premium,Mensal,Pix,Indicação,64,119.9,0,16.9,53.5,3,9,0,0,0,0
CLI09372,Essencial,Mensal,Cartão,Busca orgânica,26,44.91,10,2.0,4.6,6,7,0,1,0,0
CLI09373,Plus,Anual,Boleto,Mídia paga,41,71.91,10,11.0,24.9,7,5,0,0,0,0
CLI09374,Premium,Mensal,Cartão,Indicação,18,119.9,0,1.5,42.6,9,9,0,0,0,0
CLI09375,Plus,Mensal,Cartão,Busca orgânica,29,79.9,0,4.7,62.6,13,6,2,0,0,0
CLI09376,Essencial,Anual,Débito automático,Busca orgânica,4,44.91,10,4.0,18.1,4,6,1,0,0,0
CLI09377,Premium,Anual,Pix,Parceiro,17,119.9,0,3.9,34.7,6,4,1,0,1,0
CLI09378,Essencial,Mensal,Pix,Indicação,10,49.9,0,1.3,27.7,3,7,0,0,0,1
CLI09379,Essencial,Mensal,Cartão,Mídia paga,83,49.9,0,1.4,38.2,16,5,2,0,0,0
CLI09380,Essencial,Anual,Cartão,Parceiro,25,42.42,15,3.8,15.8,11,7,0,0,0,0
CLI09381,Plus,Anual,Cartão,Busca orgânica,96,67.92,15,4.4,47.6,10,7,1,0,0,0
CLI09382,Essencial,Mensal,Débito automático,Mídia paga,25,49.9,0,1.8,13.1,8,8,1,0,1,0
CLI09383,Plus,Mensal,Cartão,Indicação,32,75.9,5,1.6,1.8,5,9,1,1,1,0
CLI09384,Premium,Mensal,Cartão,Busca orgânica,23,101.92,15,8.0,9.8,5,6,4,1,0,0
CLI09385,Plus,Mensal,Pix,Indicação,19,75.9,5,8.4,14.0,6,8,0,1,0,0
CLI09386,Plus,Mensal,Pix,Mídia paga,32,75.9,5,5.2,7.7,7,8,1,0,0,0
CLI09387,Premium,Anual,Cartão,Parceiro,40,101.92,15,10.4,60.9,12,5,2,0,0,1
CLI09388,Plus,Anual,Boleto,Indicação,13,71.91,10,4.6,7.9,7,10,0,2,0,0
CLI09389,Essencial,Anual,Pix,Busca orgânica,19,47.4,5,1.4,36.8,7,9,1,0,0,0
CLI09390,Essencial,Mensal,Boleto,Mídia paga,8,49.9,0,2.2,40.7,8,9,0,1,0,0
CLI09391,Plus,Mensal,Cartão,Busca orgânica,5,79.9,0,4.2,15.0,6,8,0,2,0,0
CLI09392,Premium,Anual,Pix,Busca orgânica,40,119.9,0,10.1,22.4,8,9,0,0,0,0
CLI09393,Plus,Mensal,Cartão,Busca orgânica,37,71.91,10,2.0,5.7,3,7,2,1,0,0
CLI09394,Essencial,Mensal,Cartão,Mídia paga,22,47.4,5,0.5,57.1,8,5,3,1,0,0
CLI09395,Plus,Mensal,Cartão,Indicação,37,71.91,10,3.8,10.0,6,8,0,0,1,0
CLI09396,Plus,Mensal,Cartão,Busca orgânica,41,79.9,0,3.8,43.0,9,7,0,0,0,0
CLI09397,Plus,Mensal,Débito automático,Busca orgânica,51,75.9,5,8.1,46.4,6,5,0,1,0,1
CLI09398,Premium,Mensal,Débito automático,Indicação,4,107.91,10,1.9,33.7,7,7,0,0,0,1
CLI09399,Plus,Anual,Cartão,Busca orgânica,26,67.92,15,2.4,29.2,8,7,0,0,1,0
CLI09400,Plus,Mensal,Cartão,Busca orgânica,10,79.9,0,4.2,23.7,7,9,0,0,0,0
CLI09401,Plus,Mensal,Cartão,Mídia paga,14,79.9,0,0.5,26.8,5,5,0,0,0,0
CLI09402,Plus,Mensal,Pix,Mídia paga,13,63.92,20,2.1,39.1,13,8,1,1,0,0
CLI09403,Plus,Mensal,Cartão,Busca orgânica,31,79.9,0,1.8,85.3,11,4,2,1,0,1
CLI09404,Plus,Mensal,Débito automático,Mídia paga,17,75.9,5,7.5,27.2,7,6,0,0,1,0
CLI09405,Plus,Mensal,Cartão,Busca orgânica,4,67.92,15,2.1,50.9,10,2,1,0,0,0
CLI09406,Plus,Mensal,Débito automático,Busca orgânica,34,75.9,5,6.8,43.0,6,7,1,0,1,0
CLI09407,Plus,Mensal,Débito automático,Busca orgânica,10,71.91,10,19.7,26.2,4,5,0,0,0,0
CLI09408,Essencial,Anual,Cartão,Busca orgânica,11,49.9,0,6.1,0.9,2,8,0,1,1,0
CLI09409,Plus,Mensal,Débito automático,Mídia paga,96,71.91,10,7.2,15.5,5,7,1,0,0,0
CLI09410,Plus,Mensal,Boleto,Mídia paga,59,63.92,20,12.4,11.3,9,8,0,3,0,0
CLI09411,Essencial,Anual,Pix,Indicação,17,47.4,5,6.3,26.4,2,10,1,0,0,0
CLI09412,Essencial,Anual,Cartão,Busca orgânica,12,42.42,15,5.9,4.9,3,5,2,0,0,0
CLI09413,Essencial,Anual,Pix,Indicação,39,49.9,0,2.2,28.2,7,8,0,0,0,0
CLI09414,Premium,Mensal,Cartão,Mídia paga,96,101.92,15,6.6,59.4,7,7,1,0,0,0
CLI09415,Premium,Anual,Boleto,Parceiro,68,95.92,20,4.5,16.4,2,8,1,1,0,0
CLI09416,Plus,Mensal,Pix,Mídia paga,41,67.92,15,7.0,22.5,8,10,0,0,0,0
CLI09417,Essencial,Anual,Débito automático,Busca orgânica,68,49.9,0,0.5,0.9,5,9,0,0,1,0
CLI09418,Plus,Anual,Pix,Indicação,36,71.91,10,5.5,13.1,5,8,0,0,0,0
CLI09419,Plus,Mensal,Cartão,Busca orgânica,65,79.9,0,9.1,1.8,8,6,0,0,0,0
CLI09420,Premium,Anual,Pix,Busca orgânica,15,119.9,0,3.8,43.9,9,9,0,0,0,0
CLI09421,Essencial,Anual,Débito automático,Parceiro,50,49.9,0,1.6,42.2,6,6,0,0,0,0
CLI09422,Essencial,Mensal,Cartão,Busca orgânica,24,49.9,0,3.6,7.8,2,9,0,0,0,0
CLI09423,Plus,Mensal,Cartão,Parceiro,41,75.9,5,6.5,22.4,6,7,1,0,0,0
CLI09424,Essencial,Anual,Boleto,Busca orgânica,70,44.91,10,1.5,33.6,3,8,0,0,0,0
CLI09425,Plus,Mensal,Cartão,Indicação,20,79.9,0,4.9,52.1,11,5,0,1,0,0
CLI09426,Plus,Mensal,Débito automático,Mídia paga,14,79.9,0,7.1,31.3,6,8,1,0,0,0
CLI09427,Essencial,Mensal,Cartão,Indicação,53,47.4,5,4.8,19.8,9,5,1,1,1,0
CLI09428,Essencial,Anual,Débito automático,Busca orgânica,30,47.4,5,1.1,46.1,7,6,2,0,0,0
CLI09429,Plus,Anual,Pix,Indicação,32,75.9,5,1.2,70.2,14,6,1,0,0,0
CLI09430,Premium,Mensal,Cartão,Busca orgânica,14,113.9,5,4.4,27.0,1,7,1,0,0,0
CLI09431,Plus,Anual,Cartão,Busca orgânica,39,63.92,20,9.3,42.2,8,6,3,1,0,0
CLI09432,Essencial,Anual,Cartão,Parceiro,47,49.9,0,2.6,30.1,10,7,1,0,1,0
CLI09433,Plus,Mensal,Débito automático,Mídia paga,17,75.9,5,4.5,63.0,12,5,2,0,0,0
CLI09434,Essencial,Mensal,Cartão,Mídia paga,24,42.42,15,3.1,39.2,10,7,1,1,0,0
CLI09435,Plus,Mensal,Cartão,Busca orgânica,17,75.9,5,1.1,6.9,2,7,1,0,1,0
CLI09436,Plus,Anual,Pix,Indicação,36,79.9,0,5.8,14.2,10,9,1,0,0,0
CLI09437,Essencial,Mensal,Boleto,Mídia paga,59,49.9,0,7.9,15.7,3,8,0,1,0,0
CLI09438,Plus,Mensal,Cartão,Indicação,1,71.91,10,1.4,39.0,9,7,1,1,0,0
CLI09439,Plus,Mensal,Pix,Busca orgânica,18,79.9,0,6.9,35.5,5,5,1,1,1,1
CLI09440,Essencial,Mensal,Boleto,Indicação,81,44.91,10,11.0,1.5,4,9,0,1,0,0
CLI09441,Plus,Mensal,Pix,Mídia paga,22,79.9,0,13.8,25.5,4,6,2,0,0,1
CLI09442,Premium,Mensal,Boleto,Mídia paga,30,107.91,10,3.7,8.5,5,7,1,1,0,0
CLI09443,Plus,Mensal,Pix,Busca orgânica,96,75.9,5,5.6,57.7,8,4,0,1,1,1
CLI09444,Essencial,Anual,Débito automático,Mídia paga,75,44.91,10,3.0,20.0,6,7,0,0,0,0
CLI09445,Plus,Anual,Débito automático,Indicação,38,79.9,0,7.3,4.1,6,10,0,0,0,0
CLI09446,Essencial,Anual,Cartão,Busca orgânica,23,39.92,20,5.0,15.3,8,9,0,0,1,0
CLI09447,Plus,Mensal,Pix,Busca orgânica,46,71.91,10,4.6,15.1,4,6,1,0,0,0
CLI09448,Plus,Mensal,Pix,Mídia paga,17,71.91,10,2.2,59.1,8,5,1,0,1,0
CLI09449,Essencial,Anual,Cartão,Indicação,17,42.42,15,5.2,34.3,5,7,1,0,0,0
CLI09450,Essencial,Mensal,Cartão,Parceiro,10,49.9,0,1.4,34.6,16,6,1,0,1,1
CLI09451,Premium,Mensal,Débito automático,Busca orgânica,15,119.9,0,4.6,10.9,3,10,0,0,0,0
CLI09452,Essencial,Mensal,Cartão,Indicação,23,49.9,0,2.5,31.6,5,7,1,1,0,0
CLI09453,Plus,Mensal,Cartão,Mídia paga,36,79.9,0,11.9,39.0,11,5,1,0,1,0
CLI09454,Plus,Mensal,Cartão,Busca orgânica,38,79.9,0,1.6,24.0,4,7,0,1,0,0
CLI09455,Plus,Anual,Cartão,Busca orgânica,21,67.92,15,4.4,29.2,7,5,1,2,0,0
CLI09456,Essencial,Anual,Pix,Indicação,31,49.9,0,1.3,38.4,9,8,0,0,0,0
CLI09457,Essencial,Anual,Cartão,Busca orgânica,62,49.9,0,1.9,13.1,6,9,0,0,0,0
CLI09458,Essencial,Anual,Cartão,Busca orgânica,44,44.91,10,0.6,26.2,5,5,0,0,0,0
CLI09459,Plus,Anual,Cartão,Indicação,14,79.9,0,2.7,77.4,4,6,0,1,1,0
CLI09460,Premium,Mensal,Boleto,Busca orgânica,26,119.9,0,1.6,20.6,5,7,0,2,0,0
CLI09461,Premium,Mensal,Débito automático,Mídia paga,57,101.92,15,4.6,53.7,7,5,0,2,1,0
CLI09462,Essencial,Anual,Cartão,Mídia paga,16,42.42,15,2.6,8.9,1,9,0,0,0,0
CLI09463,Essencial,Mensal,Cartão,Busca orgânica,13,44.91,10,2.4,36.8,4,8,1,0,1,0
CLI09464,Essencial,Anual,Cartão,Parceiro,17,47.4,5,6.5,16.7,10,7,1,0,0,0
CLI09465,Premium,Mensal,Cartão,Indicação,23,119.9,0,5.5,48.8,12,7,0,1,0,0
CLI09466,Essencial,Mensal,Débito automático,Mídia paga,14,47.4,5,3.3,20.4,4,7,1,0,0,0
CLI09467,Essencial,Anual,Pix,Parceiro,17,47.4,5,3.8,59.6,7,7,1,0,0,0
CLI09468,Plus,Anual,Pix,Mídia paga,63,75.9,5,6.6,63.3,10,5,1,0,0,0
CLI09469,Plus,Anual,Débito automático,Indicação,58,75.9,5,4.8,44.2,5,9,0,0,0,0
CLI09470,Essencial,Mensal,Débito automático,Parceiro,4,47.4,5,8.1,7.5,8,8,1,0,0,0
CLI09471,Plus,Mensal,Cartão,Busca orgânica,6,75.9,5,2.6,61.4,13,8,1,0,0,0
CLI09472,Essencial,Anual,Pix,Indicação,44,49.9,0,4.1,20.3,5,8,1,0,0,0
CLI09473,Essencial,Anual,Cartão,Parceiro,16,49.9,0,1.3,46.2,12,6,1,0,0,0
CLI09474,Essencial,Mensal,Pix,Busca orgânica,12,47.4,5,1.2,48.1,12,7,1,1,1,1
CLI09475,Essencial,Mensal,Cartão,Busca orgânica,34,42.42,15,3.8,19.1,7,6,0,1,0,1
CLI09476,Premium,Mensal,Cartão,Mídia paga,40,95.92,20,7.7,12.6,2,5,1,0,0,0
CLI09477,Plus,Anual,Cartão,Parceiro,44,75.9,5,4.5,26.1,6,8,0,0,0,0
CLI09478,Plus,Mensal,Cartão,Busca orgânica,41,75.9,5,4.9,15.4,5,8,1,0,0,0
CLI09479,Essencial,Anual,Cartão,Parceiro,35,47.4,5,0.9,20.6,5,8,0,0,0,0
CLI09480,Plus,Mensal,Débito automático,Indicação,22,79.9,0,3.1,3.5,3,8,1,0,0,0
CLI09481,Premium,Anual,Cartão,Mídia paga,49,113.9,5,16.8,27.7,9,7,1,0,0,0
CLI09482,Essencial,Anual,Boleto,Busca orgânica,47,47.4,5,4.5,21.4,9,7,0,1,0,0
CLI09483,Premium,Mensal,Cartão,Busca orgânica,53,101.92,15,11.2,13.1,10,8,0,0,0,0
CLI09484,Plus,Mensal,Boleto,Indicação,13,79.9,0,7.1,10.6,6,7,2,0,0,1
CLI09485,Plus,Mensal,Cartão,Indicação,13,79.9,0,9.2,5.5,5,8,1,1,1,0
CLI09486,Essencial,Mensal,Cartão,Busca orgânica,96,49.9,0,2.3,12.0,7,8,0,0,0,0
CLI09487,Plus,Anual,Cartão,Mídia paga,53,79.9,0,6.0,35.1,8,6,0,1,0,1
CLI09488,Plus,Mensal,Cartão,Busca orgânica,16,75.9,5,6.6,19.3,5,7,0,1,0,0
CLI09489,Premium,Mensal,Cartão,Mídia paga,22,95.92,20,14.7,21.8,12,7,1,0,0,0
CLI09490,Premium,Anual,Pix,Mídia paga,41,119.9,0,7.4,24.7,8,8,1,0,1,0
CLI09491,Essencial,Mensal,Cartão,Mídia paga,45,49.9,0,1.1,20.7,3,7,1,0,1,0
CLI09492,Premium,Mensal,Cartão,Mídia paga,5,119.9,0,5.0,13.8,6,9,2,0,0,0
CLI09493,Premium,Anual,Cartão,Mídia paga,33,107.91,10,11.7,13.2,3,8,1,0,0,0
CLI09494,Plus,Anual,Débito automático,Parceiro,47,63.92,20,4.7,35.1,3,7,0,0,0,0
CLI09495,Essencial,Mensal,Cartão,Mídia paga,17,44.91,10,7.5,23.6,6,7,0,1,0,0
CLI09496,Essencial,Mensal,Cartão,Busca orgânica,5,44.91,10,4.8,7.3,4,10,1,0,0,0
CLI09497,Essencial,Mensal,Cartão,Mídia paga,42,44.91,10,7.9,12.7,5,7,1,2,0,0
CLI09498,Essencial,Mensal,Débito automático,Mídia paga,9,39.92,20,1.4,35.3,6,5,1,0,0,1
CLI09499,Premium,Anual,Débito automático,Mídia paga,60,107.91,10,7.0,42.6,3,8,0,1,1,0
CLI09500,Essencial,Mensal,Cartão,Busca orgânica,12,44.91,10,2.8,57.9,8,6,0,0,1,0
CLI09501,Plus,Mensal,Pix,Busca orgânica,31,63.92,20,11.4,24.3,4,7,0,0,0,0
CLI09502,Plus,Mensal,Cartão,Parceiro,6,75.9,5,4.0,37.6,7,7,2,0,0,1
CLI09503,Plus,Anual,Pix,Parceiro,30,79.9,0,4.9,57.0,11,7,0,0,1,0
CLI09504,Essencial,Anual,Débito automático,Busca orgânica,26,39.92,20,2.4,32.8,4,6,1,0,1,1
CLI09505,Plus,Mensal,Débito automático,Busca orgânica,21,75.9,5,5.5,24.4,9,6,3,0,0,0
CLI09506,Plus,Mensal,Cartão,Busca orgânica,17,71.91,10,3.9,10.4,3,7,0,3,0,0
CLI09507,Plus,Mensal,Débito automático,Mídia paga,22,75.9,5,4.3,47.6,3,5,0,0,0,0
CLI09508,Essencial,Mensal,Pix,Indicação,18,39.92,20,1.8,83.1,10,7,2,0,0,0
CLI09509,Plus,Anual,Débito automático,Parceiro,40,71.91,10,7.0,21.7,5,7,0,0,0,0
CLI09510,Essencial,Anual,Débito automático,Busca orgânica,31,44.91,10,3.1,47.9,7,7,0,1,0,0
CLI09511,Plus,Anual,Débito automático,Busca orgânica,29,71.91,10,6.9,2.8,7,9,1,0,0,0
CLI09512,Essencial,Mensal,Cartão,Indicação,30,42.42,15,1.1,47.0,5,6,1,0,0,0
CLI09513,Essencial,Anual,Cartão,Mídia paga,19,42.42,15,2.0,25.8,9,4,1,0,0,1
CLI09514,Plus,Mensal,Cartão,Mídia paga,34,75.9,5,1.7,22.8,7,7,1,0,1,0
CLI09515,Essencial,Mensal,Cartão,Mídia paga,47,44.91,10,3.0,22.3,8,8,0,0,0,0
CLI09516,Premium,Mensal,Cartão,Busca orgânica,37,95.92,20,16.3,31.4,6,8,0,4,0,1
CLI09517,Premium,Anual,Débito automático,Busca orgânica,46,113.9,5,9.1,17.5,6,9,0,0,0,0
CLI09518,Essencial,Anual,Pix,Busca orgânica,40,49.9,0,4.4,30.5,12,8,3,0,0,0
CLI09519,Essencial,Mensal,Pix,Indicação,34,49.9,0,6.2,77.6,12,5,0,1,0,0
CLI09520,Essencial,Anual,Pix,Busca orgânica,10,44.91,10,5.3,44.2,10,5,0,0,1,0
CLI09521,Premium,Anual,Cartão,Busca orgânica,15,119.9,0,2.7,22.4,2,8,0,1,0,0
CLI09522,Plus,Anual,Cartão,Mídia paga,6,71.91,10,4.7,19.4,6,4,1,1,0,0
CLI09523,Essencial,Mensal,Cartão,Indicação,47,42.42,15,2.1,38.1,9,5,0,1,0,0
CLI09524,Plus,Anual,Débito automático,Mídia paga,10,75.9,5,10.6,38.7,9,7,2,0,0,0
CLI09525,Essencial,Anual,Cartão,Indicação,14,49.9,0,2.6,18.8,12,5,1,0,0,0
CLI09526,Plus,Anual,Cartão,Indicação,20,67.92,15,3.7,30.3,9,7,0,1,0,0
CLI09527,Plus,Mensal,Cartão,Busca orgânica,20,75.9,5,4.5,53.5,13,5,1,0,0,0
CLI09528,Essencial,Anual,Pix,Busca orgânica,23,49.9,0,5.0,15.5,8,9,2,0,0,0
CLI09529,Plus,Anual,Boleto,Indicação,48,75.9,5,3.5,59.5,11,6,2,0,0,0
CLI09530,Essencial,Mensal,Débito automático,Parceiro,33,44.91,10,4.9,29.9,3,6,1,0,0,0
CLI09531,Plus,Anual,Cartão,Busca orgânica,38,75.9,5,5.2,1.0,0,7,0,0,0,0
CLI09532,Plus,Mensal,Pix,Busca orgânica,13,75.9,5,0.9,36.2,3,6,3,0,0,1
CLI09533,Premium,Anual,Cartão,Parceiro,39,119.9,0,6.5,28.1,9,8,0,0,0,0
CLI09534,Plus,Mensal,Débito automático,Busca orgânica,12,75.9,5,8.0,18.9,2,9,0,0,0,0
CLI09535,Premium,Mensal,Cartão,Mídia paga,22,107.91,10,7.6,51.4,7,6,0,0,0,0
CLI09536,Essencial,Mensal,Cartão,Mídia paga,17,49.9,0,2.7,20.0,6,7,2,1,0,0
CLI09537,Premium,Mensal,Pix,Busca orgânica,17,95.92,20,18.9,59.4,7,6,3,0,0,0
CLI09538,Essencial,Mensal,Cartão,Indicação,96,49.9,0,3.5,12.9,3,9,2,0,0,0
CLI09539,Plus,Mensal,Boleto,Mídia paga,18,79.9,0,2.4,56.5,7,7,0,0,0,0
CLI09540,Essencial,Mensal,Cartão,Busca orgânica,5,49.9,0,6.5,59.5,6,6,2,0,0,0
CLI09541,Premium,Anual,Boleto,Busca orgânica,46,119.9,0,2.9,54.8,7,3,1,0,0,0
CLI09542,Premium,Mensal,Cartão,Busca orgânica,24,119.9,0,8.8,17.5,8,8,0,0,1,0
CLI09543,Essencial,Mensal,Cartão,Indicação,37,47.4,5,2.1,19.0,4,6,1,0,0,0
CLI09544,Plus,Mensal,Débito automático,Mídia paga,14,67.92,15,1.9,4.7,8,8,0,0,0,0
CLI09545,Plus,Mensal,Pix,Mídia paga,23,79.9,0,5.4,47.0,12,6,1,0,0,0
CLI09546,Essencial,Mensal,Boleto,Mídia paga,26,49.9,0,2.4,25.4,10,7,0,2,0,1
CLI09547,Plus,Anual,Pix,Indicação,25,79.9,0,6.8,22.1,4,9,0,0,0,0
CLI09548,Plus,Mensal,Pix,Parceiro,24,79.9,0,9.0,25.6,4,10,0,1,0,0
CLI09549,Plus,Mensal,Cartão,Mídia paga,44,79.9,0,8.7,9.7,4,8,0,0,0,0
CLI09550,Essencial,Mensal,Boleto,Mídia paga,48,49.9,0,3.8,6.2,6,7,0,1,0,0
CLI09551,Premium,Mensal,Débito automático,Mídia paga,13,119.9,0,7.0,3.6,2,8,2,0,1,0
CLI09552,Essencial,Anual,Pix,Mídia paga,46,49.9,0,3.8,50.9,9,7,3,0,0,0
CLI09553,Plus,Anual,Débito automático,Busca orgânica,15,63.92,20,12.0,22.9,6,8,0,0,0,0
CLI09554,Essencial,Mensal,Cartão,Mídia paga,36,49.9,0,2.1,13.9,4,7,3,1,0,0
CLI09555,Essencial,Mensal,Débito automático,Mídia paga,4,44.91,10,8.5,28.4,5,7,2,0,0,1
CLI09556,Essencial,Mensal,Pix,Indicação,44,49.9,0,1.1,15.0,6,6,2,1,1,1
CLI09557,Essencial,Mensal,Débito automático,Indicação,33,47.4,5,7.6,27.4,8,9,0,2,0,0
CLI09558,Plus,Mensal,Débito automático,Busca orgânica,15,79.9,0,5.7,14.4,6,6,1,0,0,1
CLI09559,Plus,Anual,Cartão,Mídia paga,27,79.9,0,11.9,8.0,5,9,0,1,0,0
CLI09560,Plus,Mensal,Débito automático,Mídia paga,24,79.9,0,3.1,4.4,5,7,0,0,0,0
CLI09561,Plus,Mensal,Débito automático,Mídia paga,29,71.91,10,7.1,31.8,7,7,2,0,1,1
CLI09562,Essencial,Anual,Cartão,Mídia paga,30,39.92,20,5.5,16.1,5,5,0,0,1,0
CLI09563,Essencial,Mensal,Débito automático,Busca orgânica,24,47.4,5,9.0,18.2,5,9,0,0,0,0
CLI09564,Plus,Mensal,Pix,Mídia paga,65,71.91,10,13.0,22.4,3,9,0,0,0,0
CLI09565,Plus,Anual,Débito automático,Busca orgânica,19,75.9,5,4.8,21.0,8,8,0,0,0,0
CLI09566,Plus,Mensal,Débito automático,Mídia paga,35,63.92,20,3.7,41.5,8,7,0,0,1,0
CLI09567,Essencial,Mensal,Cartão,Busca orgânica,32,47.4,5,3.1,12.5,6,6,1,1,1,0
CLI09568,Plus,Anual,Cartão,Parceiro,20,79.9,0,9.7,16.8,5,9,0,0,1,0
CLI09569,Essencial,Anual,Cartão,Indicação,60,44.91,10,4.3,32.8,12,7,0,0,0,1
CLI09570,Plus,Anual,Débito automático,Mídia paga,13,67.92,15,14.4,5.2,4,8,0,3,0,1
CLI09571,Essencial,Mensal,Débito automático,Busca orgânica,40,42.42,15,8.7,47.9,12,8,1,0,0,0
CLI09572,Plus,Mensal,Débito automático,Indicação,35,71.91,10,6.8,34.6,5,5,1,0,0,0
CLI09573,Essencial,Anual,Débito automático,Mídia paga,33,49.9,0,6.7,34.1,4,7,3,0,1,0
CLI09574,Plus,Mensal,Pix,Indicação,27,75.9,5,4.1,74.8,12,7,1,0,1,0
CLI09575,Essencial,Anual,Pix,Busca orgânica,46,47.4,5,5.9,33.9,7,6,2,0,0,0
CLI09576,Plus,Mensal,Boleto,Busca orgânica,10,63.92,20,7.1,22.5,4,6,4,3,0,0
CLI09577,Essencial,Mensal,Cartão,Busca orgânica,15,49.9,0,5.6,18.3,8,7,0,0,0,0
CLI09578,Plus,Anual,Cartão,Busca orgânica,34,75.9,5,2.1,13.8,9,4,2,0,1,0
CLI09579,Essencial,Mensal,Cartão,Busca orgânica,16,44.91,10,7.1,48.5,13,6,2,0,0,0
CLI09580,Essencial,Mensal,Cartão,Indicação,14,49.9,0,5.5,25.0,9,6,0,0,1,0
CLI09581,Plus,Mensal,Pix,Busca orgânica,55,67.92,15,4.2,47.0,7,9,1,0,1,0
CLI09582,Essencial,Anual,Cartão,Busca orgânica,57,44.91,10,1.9,26.8,7,6,1,0,0,0
CLI09583,Essencial,Anual,Cartão,Mídia paga,35,49.9,0,3.2,7.1,7,7,4,1,1,0
CLI09584,Premium,Mensal,Cartão,Busca orgânica,16,107.91,10,14.5,54.0,7,6,0,0,0,0
CLI09585,Plus,Mensal,Cartão,Indicação,19,71.91,10,4.7,13.8,3,6,3,0,1,0
CLI09586,Premium,Mensal,Cartão,Mídia paga,30,119.9,0,5.8,12.2,3,4,1,3,1,0
CLI09587,Essencial,Mensal,Boleto,Indicação,23,39.92,20,1.6,21.5,5,8,0,1,0,0
CLI09588,Plus,Mensal,Pix,Busca orgânica,41,75.9,5,7.3,15.9,8,8,0,0,1,0
CLI09589,Plus,Anual,Débito automático,Mídia paga,11,75.9,5,2.4,18.3,7,6,3,0,0,0
CLI09590,Essencial,Mensal,Pix,Mídia paga,12,44.91,10,3.4,11.3,8,10,0,0,0,0
CLI09591,Plus,Mensal,Cartão,Indicação,24,79.9,0,0.8,55.2,8,6,1,0,0,0
CLI09592,Essencial,Mensal,Débito automático,Busca orgânica,57,44.91,10,4.0,17.1,9,9,0,1,0,0
CLI09593,Premium,Mensal,Cartão,Busca orgânica,35,119.9,0,8.3,2.3,5,7,3,0,0,0
CLI09594,Plus,Mensal,Cartão,Busca orgânica,28,67.92,15,2.1,5.0,4,6,0,1,0,0
CLI09595,Plus,Mensal,Pix,Mídia paga,28,67.92,15,1.7,3.0,5,6,1,0,0,0
CLI09596,Plus,Mensal,Débito automático,Mídia paga,56,71.91,10,8.0,12.7,4,8,1,1,0,0
CLI09597,Essencial,Anual,Boleto,Indicação,74,49.9,0,2.3,24.4,5,8,0,1,0,0
CLI09598,Essencial,Mensal,Cartão,Mídia paga,11,47.4,5,4.1,27.4,5,4,1,1,0,0
CLI09599,Plus,Mensal,Débito automático,Mídia paga,31,63.92,20,12.5,8.1,2,8,0,1,0,0
CLI09600,Plus,Anual,Pix,Parceiro,32,79.9,0,1.5,23.9,6,8,0,0,0,0
CLI09601,Plus,Mensal,Débito automático,Indicação,19,79.9,0,3.5,36.5,9,6,2,0,1,0
CLI09602,Essencial,Mensal,Boleto,Parceiro,14,49.9,0,1.5,25.5,12,7,1,1,0,0
CLI09603,Plus,Anual,Pix,Indicação,5,79.9,0,5.4,46.4,16,7,0,0,1,0
CLI09604,Essencial,Mensal,Cartão,Busca orgânica,27,49.9,0,8.7,18.4,2,9,0,0,1,0
CLI09605,Essencial,Mensal,Débito automático,Busca orgânica,72,49.9,0,2.9,43.7,8,7,0,1,0,0
CLI09606,Premium,Anual,Pix,Busca orgânica,46,113.9,5,4.1,16.5,8,7,5,0,0,0
CLI09607,Plus,Mensal,Débito automático,Busca orgânica,27,75.9,5,11.3,30.3,6,8,0,0,1,0
CLI09608,Plus,Anual,Pix,Indicação,34,75.9,5,3.6,12.1,6,7,2,1,0,0
CLI09609,Premium,Mensal,Boleto,Mídia paga,27,113.9,5,3.0,25.8,8,10,0,0,0,0
CLI09610,Essencial,Mensal,Cartão,Mídia paga,26,42.42,15,6.5,10.1,5,9,0,0,1,0
CLI09611,Premium,Mensal,Débito automático,Mídia paga,46,101.92,15,4.3,24.4,8,8,1,0,1,0
CLI09612,Plus,Mensal,Cartão,Busca orgânica,28,75.9,5,3.8,55.2,7,5,1,0,0,1
CLI09613,Plus,Mensal,Débito automático,Indicação,11,75.9,5,5.5,41.8,8,7,0,0,0,0
CLI09614,Essencial,Mensal,Boleto,Mídia paga,13,42.42,15,11.3,44.5,5,7,0,1,0,0
CLI09615,Essencial,Mensal,Débito automático,Mídia paga,19,49.9,0,5.0,9.0,5,10,0,0,1,0
CLI09616,Essencial,Mensal,Débito automático,Indicação,33,49.9,0,3.4,9.7,3,5,0,0,1,0
CLI09617,Essencial,Mensal,Cartão,Parceiro,13,44.91,10,4.9,5.8,3,10,1,1,0,0
CLI09618,Essencial,Mensal,Cartão,Mídia paga,5,47.4,5,5.0,47.2,5,8,0,0,0,0
CLI09619,Plus,Anual,Pix,Mídia paga,21,75.9,5,3.7,6.9,4,7,0,0,0,0
CLI09620,Plus,Mensal,Cartão,Mídia paga,37,79.9,0,5.4,4.9,2,7,1,0,1,0
CLI09621,Essencial,Anual,Cartão,Mídia paga,49,47.4,5,7.2,27.2,5,8,1,0,1,0
CLI09622,Plus,Mensal,Débito automático,Mídia paga,15,63.92,20,3.2,49.4,7,5,0,0,0,1
CLI09623,Premium,Mensal,Débito automático,Mídia paga,24,95.92,20,2.0,11.4,3,8,0,0,0,0
CLI09624,Plus,Anual,Cartão,Indicação,12,71.91,10,3.0,20.4,6,7,0,0,0,0
CLI09625,Plus,Anual,Cartão,Indicação,18,63.92,20,5.1,62.0,7,6,0,0,1,0
CLI09626,Plus,Mensal,Cartão,Indicação,6,71.91,10,6.8,17.5,4,4,0,1,0,0
CLI09627,Essencial,Mensal,Pix,Parceiro,9,49.9,0,2.1,28.5,5,8,0,0,0,0
CLI09628,Essencial,Anual,Boleto,Busca orgânica,9,44.91,10,4.4,30.1,3,7,0,0,1,0
CLI09629,Premium,Mensal,Cartão,Busca orgânica,50,95.92,20,9.1,44.8,8,7,0,0,1,0
CLI09630,Plus,Mensal,Cartão,Indicação,13,71.91,10,3.4,79.4,15,4,1,1,0,1
CLI09631,Plus,Mensal,Débito automático,Busca orgânica,41,71.91,10,12.1,6.6,4,7,1,0,0,0
CLI09632,Premium,Mensal,Cartão,Parceiro,9,107.91,10,2.3,23.8,5,7,1,2,0,0
CLI09633,Essencial,Anual,Pix,Mídia paga,25,49.9,0,0.9,26.2,5,6,0,0,1,0
CLI09634,Essencial,Mensal,Cartão,Indicação,31,49.9,0,2.1,35.5,9,6,1,0,1,1
CLI09635,Plus,Mensal,Boleto,Mídia paga,35,71.91,10,2.3,54.1,9,4,3,1,1,0
CLI09636,Essencial,Mensal,Débito automático,Parceiro,5,49.9,0,3.8,25.6,8,8,0,1,1,0
CLI09637,Plus,Mensal,Cartão,Mídia paga,36,75.9,5,2.7,26.8,10,8,0,0,0,0
CLI09638,Plus,Anual,Cartão,Mídia paga,39,79.9,0,3.8,44.9,7,4,0,3,0,0
CLI09639,Plus,Anual,Cartão,Mídia paga,2,79.9,0,2.8,60.7,16,3,1,2,0,1
CLI09640,Essencial,Mensal,Cartão,Mídia paga,12,49.9,0,2.9,66.0,10,6,1,0,1,1
CLI09641,Plus,Anual,Cartão,Mídia paga,37,75.9,5,4.5,8.4,4,7,0,0,1,0
CLI09642,Essencial,Mensal,Pix,Mídia paga,69,49.9,0,1.0,16.2,3,6,0,0,0,0
CLI09643,Premium,Mensal,Débito automático,Busca orgânica,37,95.92,20,4.2,23.9,4,8,0,1,0,0
CLI09644,Essencial,Mensal,Cartão,Indicação,3,39.92,20,3.3,26.0,12,5,1,1,1,1
CLI09645,Premium,Mensal,Cartão,Busca orgânica,35,119.9,0,3.9,16.5,7,7,1,0,0,0
CLI09646,Plus,Mensal,Débito automático,Indicação,9,79.9,0,7.7,5.5,5,8,1,0,0,0
CLI09647,Essencial,Anual,Cartão,Mídia paga,31,49.9,0,4.8,25.6,7,9,0,1,0,0
CLI09648,Plus,Mensal,Pix,Parceiro,37,71.91,10,18.2,20.6,5,6,0,0,0,0
CLI09649,Essencial,Mensal,Débito automático,Indicação,31,47.4,5,4.4,36.0,8,5,2,1,0,0
CLI09650,Essencial,Anual,Débito automático,Busca orgânica,44,49.9,0,0.8,49.7,8,6,1,0,1,0
CLI09651,Premium,Anual,Pix,Mídia paga,14,107.91,10,13.1,23.0,7,8,0,0,0,0
CLI09652,Plus,Mensal,Boleto,Indicação,38,79.9,0,1.9,56.1,13,4,1,0,0,0
CLI09653,Essencial,Mensal,Cartão,Busca orgânica,20,47.4,5,2.8,32.1,9,6,0,1,0,0
CLI09654,Plus,Anual,Cartão,Mídia paga,38,71.91,10,12.4,27.8,10,7,1,0,0,0
CLI09655,Premium,Mensal,Cartão,Busca orgânica,10,119.9,0,1.1,33.8,9,9,0,0,1,0
CLI09656,Plus,Mensal,Cartão,Mídia paga,15,67.92,15,0.8,31.9,8,7,0,0,1,0
CLI09657,Essencial,Mensal,Cartão,Mídia paga,42,49.9,0,7.3,6.1,2,7,1,3,0,0
CLI09658,Essencial,Mensal,Cartão,Mídia paga,24,47.4,5,1.3,48.7,9,5,1,0,0,0
CLI09659,Premium,Mensal,Débito automático,Busca orgânica,14,95.92,20,5.4,58.3,10,6,1,0,0,0
CLI09660,Essencial,Anual,Cartão,Indicação,43,39.92,20,1.4,34.8,8,7,0,0,0,0
CLI09661,Essencial,Mensal,Débito automático,Indicação,15,44.91,10,3.3,13.9,7,10,2,0,0,0
CLI09662,Plus,Anual,Cartão,Busca orgânica,34,71.91,10,1.4,9.1,1,6,0,0,0,0
CLI09663,Essencial,Mensal,Pix,Indicação,16,47.4,5,3.9,34.5,4,7,1,0,1,0
CLI09664,Premium,Mensal,Cartão,Mídia paga,69,119.9,0,4.6,22.6,6,6,2,0,0,0
CLI09665,Essencial,Mensal,Cartão,Busca orgânica,28,47.4,5,3.8,31.5,7,7,0,0,1,0
CLI09666,Plus,Mensal,Débito automático,Mídia paga,25,79.9,0,11.7,5.0,2,10,1,0,0,0
CLI09667,Premium,Mensal,Cartão,Mídia paga,48,101.92,15,9.1,22.2,6,9,0,1,0,0
CLI09668,Premium,Anual,Débito automático,Busca orgânica,15,119.9,0,24.1,14.5,6,7,0,0,0,0
CLI09669,Premium,Mensal,Débito automático,Busca orgânica,41,107.91,10,6.0,9.5,2,9,2,0,0,0
CLI09670,Premium,Mensal,Débito automático,Indicação,13,101.92,15,6.5,9.8,3,7,1,0,0,0
CLI09671,Essencial,Mensal,Pix,Mídia paga,24,49.9,0,1.8,33.3,5,7,1,0,0,0
CLI09672,Premium,Mensal,Débito automático,Busca orgânica,17,113.9,5,0.4,21.2,3,6,1,1,0,0
CLI09673,Premium,Mensal,Cartão,Busca orgânica,10,113.9,5,16.6,36.0,10,5,3,0,0,0
CLI09674,Plus,Mensal,Boleto,Mídia paga,10,79.9,0,10.9,63.5,14,5,0,0,0,0
CLI09675,Essencial,Mensal,Cartão,Busca orgânica,17,44.91,10,2.1,48.9,5,6,2,0,0,0
CLI09676,Essencial,Anual,Pix,Busca orgânica,39,47.4,5,4.5,29.6,5,6,3,0,1,0
CLI09677,Plus,Anual,Boleto,Busca orgânica,96,75.9,5,5.8,52.4,5,8,0,0,0,0
CLI09678,Plus,Mensal,Cartão,Busca orgânica,10,79.9,0,4.0,29.3,6,9,0,0,0,0
CLI09679,Essencial,Mensal,Débito automático,Mídia paga,23,47.4,5,2.0,9.5,5,6,0,1,1,0
CLI09680,Essencial,Mensal,Pix,Mídia paga,20,49.9,0,0.8,2.3,6,8,0,0,0,0
CLI09681,Plus,Mensal,Débito automático,Busca orgânica,40,71.91,10,4.3,27.3,9,4,2,0,0,0
CLI09682,Essencial,Anual,Cartão,Mídia paga,57,44.91,10,2.0,2.6,1,10,0,1,0,0
CLI09683,Premium,Mensal,Pix,Indicação,29,119.9,0,5.0,24.9,10,6,3,0,1,1
CLI09684,Essencial,Anual,Cartão,Busca orgânica,10,49.9,0,4.5,29.7,8,8,0,0,0,0
CLI09685,Essencial,Mensal,Cartão,Mídia paga,20,39.92,20,2.8,4.1,3,5,0,1,1,0
CLI09686,Essencial,Anual,Débito automático,Busca orgânica,35,47.4,5,5.4,9.8,4,6,0,0,1,0
CLI09687,Premium,Anual,Débito automático,Mídia paga,21,107.91,10,4.4,44.5,7,4,2,0,0,1
CLI09688,Premium,Anual,Débito automático,Busca orgânica,12,119.9,0,7.8,17.5,7,7,0,0,0,0
CLI09689,Essencial,Anual,Débito automático,Busca orgânica,25,49.9,0,0.7,22.0,4,9,0,0,0,0
CLI09690,Essencial,Mensal,Débito automático,Busca orgânica,21,49.9,0,2.6,5.6,3,8,2,0,1,0
CLI09691,Essencial,Mensal,Cartão,Mídia paga,30,44.91,10,4.0,61.7,8,4,0,0,0,0
CLI09692,Essencial,Mensal,Cartão,Indicação,41,47.4,5,3.1,21.8,7,7,0,0,0,0
CLI09693,Plus,Anual,Débito automático,Mídia paga,55,67.92,15,5.7,6.7,6,9,0,0,0,0
CLI09694,Essencial,Anual,Débito automático,Indicação,76,49.9,0,0.9,24.1,5,5,1,1,0,0
CLI09695,Plus,Mensal,Cartão,Indicação,96,75.9,5,2.4,52.1,5,8,0,1,0,0
CLI09696,Essencial,Anual,Cartão,Mídia paga,8,47.4,5,2.7,47.7,7,6,2,0,0,0
CLI09697,Plus,Mensal,Cartão,Busca orgânica,32,79.9,0,3.6,34.2,6,7,1,0,1,0
CLI09698,Essencial,Mensal,Débito automático,Busca orgânica,5,49.9,0,4.7,33.3,12,7,1,1,0,0
CLI09699,Essencial,Mensal,Cartão,Busca orgânica,29,47.4,5,0.8,38.4,5,7,3,0,0,0
CLI09700,Essencial,Mensal,Pix,Indicação,38,49.9,0,10.0,37.0,2,7,1,0,0,0
CLI09701,Essencial,Mensal,Débito automático,Mídia paga,9,42.42,15,2.3,62.9,12,5,1,0,1,1
CLI09702,Essencial,Anual,Boleto,Mídia paga,78,49.9,0,7.3,52.0,5,6,0,0,0,0
CLI09703,Premium,Mensal,Cartão,Indicação,9,101.92,15,2.3,3.3,6,7,2,0,0,0
CLI09704,Essencial,Mensal,Débito automático,Mídia paga,11,44.91,10,3.9,23.1,6,8,1,0,0,0
CLI09705,Essencial,Mensal,Débito automático,Indicação,39,42.42,15,7.6,1.5,5,6,1,0,0,0
CLI09706,Essencial,Mensal,Cartão,Mídia paga,33,44.91,10,4.2,51.9,10,7,0,0,0,0
CLI09707,Plus,Anual,Cartão,Mídia paga,33,71.91,10,4.4,22.2,7,7,0,1,1,0
CLI09708,Premium,Anual,Cartão,Parceiro,2,119.9,0,4.3,22.1,5,10,0,0,0,0
CLI09709,Plus,Mensal,Cartão,Mídia paga,35,79.9,0,0.6,5.6,2,8,0,1,1,0
CLI09710,Plus,Anual,Cartão,Mídia paga,31,71.91,10,7.9,3.3,6,8,0,1,0,0
CLI09711,Plus,Anual,Cartão,Parceiro,17,79.9,0,2.8,23.5,8,6,1,0,1,0
CLI09712,Essencial,Anual,Débito automático,Mídia paga,7,47.4,5,4.5,43.2,6,7,1,0,0,0
CLI09713,Premium,Mensal,Cartão,Mídia paga,25,119.9,0,12.3,16.5,5,9,0,0,0,0
CLI09714,Plus,Mensal,Cartão,Indicação,42,71.91,10,5.3,18.4,7,8,1,1,0,0
CLI09715,Essencial,Anual,Pix,Mídia paga,51,44.91,10,3.2,54.4,8,3,3,0,0,0
CLI09716,Plus,Mensal,Débito automático,Mídia paga,20,75.9,5,7.3,27.8,7,6,1,1,1,0
CLI09717,Essencial,Mensal,Boleto,Parceiro,56,49.9,0,6.4,62.2,9,5,0,0,0,0
CLI09718,Essencial,Mensal,Boleto,Mídia paga,6,44.91,10,1.6,2.4,4,10,1,0,0,0
CLI09719,Premium,Mensal,Débito automático,Busca orgânica,42,101.92,15,5.9,65.3,13,5,3,0,0,0
CLI09720,Essencial,Mensal,Cartão,Indicação,24,49.9,0,4.0,35.0,7,5,2,0,0,0
CLI09721,Plus,Anual,Pix,Busca orgânica,6,79.9,0,5.9,8.8,2,5,2,0,0,0
CLI09722,Premium,Mensal,Cartão,Busca orgânica,50,113.9,5,6.4,36.7,7,7,0,0,1,1
CLI09723,Plus,Mensal,Boleto,Mídia paga,25,75.9,5,6.5,6.7,4,8,1,0,1,0
CLI09724,Essencial,Anual,Cartão,Indicação,44,47.4,5,8.3,17.7,4,7,1,0,0,0
CLI09725,Plus,Mensal,Pix,Indicação,23,75.9,5,5.4,24.8,8,6,1,2,0,0
CLI09726,Plus,Mensal,Cartão,Busca orgânica,22,71.91,10,1.3,16.6,6,6,1,1,1,0
CLI09727,Essencial,Anual,Débito automático,Mídia paga,17,39.92,20,0.7,9.0,5,10,1,0,0,0
CLI09728,Essencial,Anual,Cartão,Busca orgânica,25,49.9,0,1.8,19.3,6,8,0,0,0,0
CLI09729,Plus,Anual,Débito automático,Indicação,34,79.9,0,4.9,6.4,7,4,3,0,0,0
CLI09730,Premium,Mensal,Boleto,Busca orgânica,24,95.92,20,11.6,26.3,3,5,1,2,0,1
CLI09731,Essencial,Mensal,Cartão,Indicação,9,39.92,20,2.5,27.5,2,6,1,0,1,0
CLI09732,Essencial,Anual,Débito automático,Mídia paga,32,47.4,5,5.5,49.9,15,7,0,1,0,0
CLI09733,Premium,Anual,Cartão,Mídia paga,32,113.9,5,10.2,27.0,11,8,1,2,0,0
CLI09734,Essencial,Mensal,Cartão,Indicação,9,47.4,5,1.7,3.9,7,8,0,1,0,0
CLI09735,Essencial,Anual,Cartão,Mídia paga,15,47.4,5,1.7,6.2,4,6,0,0,1,0
CLI09736,Plus,Mensal,Pix,Mídia paga,8,71.91,10,0.5,43.2,4,6,1,0,1,1
CLI09737,Essencial,Mensal,Cartão,Indicação,26,47.4,5,5.8,57.2,7,8,1,0,1,0
CLI09738,Essencial,Mensal,Débito automático,Indicação,38,44.91,10,2.0,9.7,4,8,0,0,0,0
CLI09739,Plus,Mensal,Débito automático,Indicação,35,71.91,10,3.3,67.8,9,3,2,0,0,0
CLI09740,Plus,Anual,Cartão,Indicação,6,79.9,0,5.4,46.4,6,8,0,0,0,0
CLI09741,Plus,Mensal,Cartão,Busca orgânica,25,71.91,10,1.0,22.1,6,6,0,0,0,0
CLI09742,Essencial,Anual,Cartão,Parceiro,11,47.4,5,2.2,40.7,6,8,0,0,1,0
CLI09743,Plus,Mensal,Cartão,Indicação,8,63.92,20,3.2,21.1,3,9,0,0,0,0
CLI09744,Plus,Anual,Boleto,Parceiro,25,75.9,5,0.9,15.7,8,8,1,0,1,0
CLI09745,Plus,Mensal,Cartão,Busca orgânica,17,71.91,10,5.0,22.1,7,5,1,0,0,1
CLI09746,Plus,Anual,Débito automático,Busca orgânica,71,79.9,0,10.0,8.5,5,7,0,0,1,0
CLI09747,Plus,Mensal,Boleto,Mídia paga,75,71.91,10,3.0,56.2,11,7,0,2,0,0
CLI09748,Premium,Anual,Cartão,Mídia paga,38,119.9,0,10.0,22.5,5,8,3,1,0,0
CLI09749,Premium,Mensal,Pix,Parceiro,16,107.91,10,3.8,40.9,8,10,1,0,0,0
CLI09750,Essencial,Mensal,Débito automático,Indicação,5,49.9,0,2.4,32.3,7,6,1,1,0,0
CLI09751,Premium,Anual,Pix,Busca orgânica,16,107.91,10,12.4,34.0,7,8,2,0,0,0
CLI09752,Premium,Mensal,Cartão,Indicação,42,113.9,5,2.9,59.3,8,6,1,1,0,0
CLI09753,Essencial,Anual,Débito automático,Indicação,18,42.42,15,2.6,15.5,3,6,1,1,1,0
CLI09754,Essencial,Mensal,Boleto,Indicação,6,49.9,0,7.6,4.9,2,6,1,0,0,0
CLI09755,Plus,Anual,Débito automático,Mídia paga,63,79.9,0,2.7,8.8,3,6,0,1,0,0
CLI09756,Essencial,Anual,Débito automático,Indicação,12,47.4,5,5.1,68.5,16,5,1,0,0,0
CLI09757,Plus,Anual,Débito automático,Mídia paga,13,79.9,0,7.8,11.5,8,6,0,0,0,0
CLI09758,Plus,Mensal,Pix,Mídia paga,54,79.9,0,6.6,11.6,10,8,1,0,0,0
CLI09759,Essencial,Mensal,Cartão,Busca orgânica,29,47.4,5,3.9,17.3,5,6,2,0,0,1
CLI09760,Essencial,Anual,Boleto,Busca orgânica,30,47.4,5,5.3,19.1,11,7,1,2,0,0
CLI09761,Premium,Mensal,Cartão,Mídia paga,30,107.91,10,1.2,4.2,3,8,2,1,0,1
CLI09762,Essencial,Anual,Débito automático,Indicação,11,49.9,0,6.9,17.8,6,8,0,0,1,0
CLI09763,Plus,Mensal,Cartão,Busca orgânica,37,79.9,0,5.0,9.4,8,7,0,2,0,0
CLI09764,Essencial,Mensal,Débito automático,Indicação,47,47.4,5,3.6,14.9,5,6,0,0,0,0
CLI09765,Essencial,Anual,Débito automático,Indicação,26,42.42,15,3.0,39.6,9,6,0,0,0,0
CLI09766,Plus,Mensal,Débito automático,Mídia paga,22,79.9,0,1.4,27.4,11,6,0,0,1,0
CLI09767,Essencial,Mensal,Cartão,Busca orgânica,57,44.91,10,7.9,29.4,5,6,0,2,0,0
CLI09768,Plus,Mensal,Pix,Busca orgânica,44,67.92,15,1.2,19.1,8,8,0,1,0,0
CLI09769,Plus,Anual,Cartão,Mídia paga,13,79.9,0,3.1,20.6,9,6,2,1,0,0
CLI09770,Essencial,Mensal,Cartão,Mídia paga,40,44.91,10,6.9,4.9,4,6,1,0,1,0
CLI09771,Essencial,Anual,Pix,Busca orgânica,22,49.9,0,5.5,46.7,9,4,0,0,1,0
CLI09772,Plus,Mensal,Boleto,Indicação,30,71.91,10,2.6,20.7,6,5,3,1,0,0
CLI09773,Plus,Mensal,Boleto,Indicação,73,79.9,0,1.5,34.2,4,5,2,0,0,0
CLI09774,Plus,Mensal,Pix,Busca orgânica,6,71.91,10,4.1,44.1,8,9,0,0,0,0
CLI09775,Plus,Mensal,Débito automático,Busca orgânica,3,67.92,15,1.6,12.4,4,7,0,0,0,0
CLI09776,Essencial,Mensal,Cartão,Mídia paga,15,49.9,0,0.6,45.3,9,9,0,1,0,0
CLI09777,Essencial,Mensal,Cartão,Indicação,22,44.91,10,4.4,2.3,0,7,0,0,0,0
CLI09778,Plus,Mensal,Débito automático,Mídia paga,13,75.9,5,18.5,36.0,8,7,0,2,0,0
CLI09779,Plus,Anual,Débito automático,Indicação,37,71.91,10,2.2,29.0,8,6,1,0,0,0
CLI09780,Plus,Mensal,Débito automático,Busca orgânica,34,79.9,0,9.5,7.2,4,6,0,0,0,0
CLI09781,Essencial,Mensal,Cartão,Mídia paga,25,49.9,0,4.3,30.1,1,4,1,1,1,1
CLI09782,Plus,Mensal,Cartão,Mídia paga,31,67.92,15,5.5,0.7,2,7,1,1,0,0
CLI09783,Plus,Mensal,Cartão,Busca orgânica,30,79.9,0,5.0,23.8,7,6,2,2,1,1
CLI09784,Essencial,Anual,Débito automático,Indicação,60,44.91,10,0.4,30.8,5,6,0,0,0,0
CLI09785,Plus,Anual,Cartão,Mídia paga,11,71.91,10,5.4,35.3,6,6,1,0,0,1
CLI09786,Plus,Anual,Cartão,Mídia paga,29,79.9,0,3.2,37.2,14,4,2,0,1,0
CLI09787,Essencial,Mensal,Pix,Busca orgânica,53,47.4,5,1.7,75.2,17,5,2,0,1,0
CLI09788,Essencial,Mensal,Cartão,Indicação,21,49.9,0,8.2,5.9,4,8,1,1,1,0
CLI09789,Essencial,Anual,Cartão,Busca orgânica,25,49.9,0,4.4,31.6,10,6,0,0,1,0
CLI09790,Premium,Anual,Débito automático,Mídia paga,43,101.92,15,2.8,3.3,6,7,2,0,1,0
CLI09791,Essencial,Mensal,Cartão,Busca orgânica,4,44.91,10,4.0,27.2,6,9,0,0,0,0
CLI09792,Essencial,Mensal,Pix,Indicação,48,49.9,0,2.5,33.4,7,6,1,0,0,0
CLI09793,Essencial,Anual,Boleto,Mídia paga,32,47.4,5,1.8,9.2,8,8,0,1,0,0
CLI09794,Essencial,Anual,Cartão,Mídia paga,40,44.91,10,1.9,6.8,2,6,1,0,0,0
CLI09795,Essencial,Mensal,Cartão,Mídia paga,38,49.9,0,4.3,42.6,4,8,2,1,1,0
CLI09796,Plus,Mensal,Débito automático,Indicação,7,79.9,0,9.7,14.0,10,6,1,0,1,1
CLI09797,Essencial,Anual,Pix,Indicação,8,47.4,5,2.7,10.2,9,5,2,0,0,0
CLI09798,Essencial,Anual,Boleto,Mídia paga,3,49.9,0,4.7,57.8,4,6,0,1,0,0
CLI09799,Essencial,Mensal,Cartão,Mídia paga,7,49.9,0,3.2,30.2,6,7,1,1,0,0
CLI09800,Essencial,Mensal,Débito automático,Busca orgânica,11,47.4,5,2.0,13.8,4,9,1,0,0,0
CLI09801,Essencial,Mensal,Pix,Busca orgânica,26,44.91,10,1.3,22.5,4,10,0,0,0,0
CLI09802,Plus,Anual,Cartão,Parceiro,55,71.91,10,3.2,5.5,3,7,1,1,0,1
CLI09803,Plus,Anual,Pix,Busca orgânica,20,71.91,10,3.5,18.6,7,5,3,0,0,0
CLI09804,Plus,Mensal,Cartão,Parceiro,24,71.91,10,1.1,46.4,6,5,1,1,0,0
CLI09805,Essencial,Mensal,Cartão,Busca orgânica,23,49.9,0,6.4,21.1,9,8,2,0,0,0
CLI09806,Premium,Anual,Cartão,Mídia paga,34,119.9,0,12.8,28.3,3,8,1,0,0,1
CLI09807,Plus,Mensal,Cartão,Indicação,15,71.91,10,5.2,21.2,5,8,1,0,0,0
CLI09808,Essencial,Mensal,Pix,Busca orgânica,24,49.9,0,7.5,38.0,8,5,0,0,1,0
CLI09809,Essencial,Mensal,Cartão,Parceiro,45,49.9,0,1.5,33.2,5,6,1,0,0,0
CLI09810,Plus,Mensal,Cartão,Mídia paga,57,79.9,0,1.7,3.6,5,9,1,0,0,0
CLI09811,Essencial,Anual,Cartão,Busca orgânica,54,47.4,5,4.5,12.9,6,9,0,0,0,0
CLI09812,Essencial,Mensal,Débito automático,Busca orgânica,49,47.4,5,1.9,46.6,8,6,1,0,1,0
CLI09813,Plus,Anual,Boleto,Indicação,52,79.9,0,12.8,4.9,3,7,0,2,1,0
CLI09814,Essencial,Anual,Cartão,Mídia paga,25,49.9,0,3.2,19.7,3,7,0,1,0,0
CLI09815,Premium,Mensal,Boleto,Indicação,15,95.92,20,11.4,69.2,17,4,2,0,1,1
CLI09816,Essencial,Anual,Débito automático,Busca orgânica,31,49.9,0,1.9,5.3,8,8,1,0,1,0
CLI09817,Essencial,Mensal,Boleto,Busca orgânica,34,47.4,5,1.9,52.5,8,5,0,3,1,1
CLI09818,Essencial,Anual,Pix,Mídia paga,20,49.9,0,4.9,13.6,4,7,1,0,0,0
CLI09819,Essencial,Mensal,Cartão,Busca orgânica,15,47.4,5,2.4,10.8,5,7,1,1,0,0
CLI09820,Premium,Anual,Débito automático,Parceiro,53,101.92,15,5.1,23.6,3,6,1,0,0,0
CLI09821,Plus,Mensal,Pix,Mídia paga,25,67.92,15,2.3,72.1,15,5,1,0,0,0
CLI09822,Premium,Mensal,Boleto,Parceiro,19,113.9,5,10.1,27.1,3,8,1,1,0,0
CLI09823,Plus,Mensal,Boleto,Busca orgânica,21,75.9,5,6.9,29.5,8,7,2,1,1,0
CLI09824,Essencial,Mensal,Pix,Busca orgânica,28,47.4,5,1.7,28.7,9,8,0,0,0,0
CLI09825,Essencial,Mensal,Pix,Parceiro,15,42.42,15,2.2,11.4,3,6,1,1,0,0
CLI09826,Essencial,Mensal,Cartão,Indicação,34,49.9,0,2.3,45.8,8,3,1,2,0,0
CLI09827,Premium,Mensal,Débito automático,Parceiro,1,95.92,20,3.9,35.7,3,6,1,0,0,0
CLI09828,Plus,Mensal,Débito automático,Indicação,9,71.91,10,6.4,41.7,9,5,2,0,0,1
CLI09829,Essencial,Anual,Débito automático,Mídia paga,19,47.4,5,3.9,69.8,9,4,2,0,0,0
CLI09830,Plus,Mensal,Cartão,Mídia paga,35,71.91,10,2.6,13.8,9,9,1,0,0,0
CLI09831,Plus,Mensal,Boleto,Mídia paga,19,63.92,20,12.9,15.1,6,8,0,0,1,0
CLI09832,Essencial,Anual,Cartão,Mídia paga,47,49.9,0,3.9,48.4,13,6,2,0,1,0
CLI09833,Plus,Anual,Cartão,Indicação,56,63.92,20,3.4,19.4,7,8,1,0,0,0
CLI09834,Plus,Mensal,Cartão,Busca orgânica,23,79.9,0,2.9,80.4,9,6,1,0,0,1
CLI09835,Premium,Mensal,Cartão,Busca orgânica,12,95.92,20,4.0,19.3,4,7,0,0,1,1
CLI09836,Essencial,Mensal,Cartão,Parceiro,23,49.9,0,0.8,2.7,7,9,0,1,1,0
CLI09837,Essencial,Mensal,Cartão,Busca orgânica,46,44.91,10,1.1,26.1,8,8,1,1,0,0
CLI09838,Plus,Anual,Cartão,Indicação,11,79.9,0,4.1,39.2,13,6,0,0,1,0
CLI09839,Premium,Mensal,Cartão,Busca orgânica,38,113.9,5,6.4,70.8,9,6,0,0,1,0
CLI09840,Premium,Anual,Cartão,Mídia paga,22,119.9,0,6.5,69.9,14,5,2,1,0,0
CLI09841,Plus,Anual,Boleto,Parceiro,39,79.9,0,2.5,20.0,9,9,1,0,0,0
CLI09842,Essencial,Anual,Pix,Parceiro,33,44.91,10,1.8,8.9,2,8,0,0,0,0
CLI09843,Essencial,Mensal,Cartão,Indicação,16,42.42,15,5.8,35.8,8,8,0,1,0,0
CLI09844,Plus,Anual,Pix,Mídia paga,23,71.91,10,3.4,12.0,6,7,2,0,0,0
CLI09845,Essencial,Anual,Pix,Busca orgânica,34,42.42,15,3.9,32.1,2,9,0,1,0,0
CLI09846,Plus,Anual,Pix,Mídia paga,44,79.9,0,5.6,10.5,2,7,0,0,0,0
CLI09847,Premium,Mensal,Cartão,Mídia paga,22,107.91,10,3.2,25.8,3,9,1,1,0,1
CLI09848,Essencial,Mensal,Débito automático,Busca orgânica,46,47.4,5,7.4,37.6,5,6,0,0,0,0
CLI09849,Essencial,Mensal,Cartão,Busca orgânica,78,42.42,15,16.7,15.1,3,8,1,1,0,0
CLI09850,Essencial,Mensal,Cartão,Busca orgânica,48,47.4,5,5.5,20.7,6,5,2,1,1,0
CLI09851,Essencial,Anual,Boleto,Busca orgânica,25,42.42,15,4.2,49.3,10,5,2,2,0,1
CLI09852,Plus,Anual,Cartão,Busca orgânica,24,67.92,15,8.1,27.1,5,8,3,0,0,0
CLI09853,Essencial,Mensal,Cartão,Busca orgânica,8,49.9,0,5.9,7.1,5,9,1,1,1,0
CLI09854,Essencial,Mensal,Cartão,Busca orgânica,22,44.91,10,3.7,16.6,6,7,1,0,0,0
CLI09855,Essencial,Mensal,Débito automático,Busca orgânica,38,42.42,15,4.7,7.0,3,6,0,0,0,0
CLI09856,Essencial,Anual,Cartão,Mídia paga,44,49.9,0,3.5,6.2,6,8,1,0,0,0
CLI09857,Plus,Anual,Cartão,Mídia paga,11,71.91,10,5.3,4.8,3,10,0,1,0,0
CLI09858,Plus,Mensal,Cartão,Parceiro,33,79.9,0,11.2,46.4,13,7,0,1,0,0
CLI09859,Plus,Mensal,Cartão,Busca orgânica,51,75.9,5,6.4,31.0,10,7,1,0,0,0
CLI09860,Plus,Anual,Pix,Mídia paga,11,71.91,10,7.1,13.0,6,7,1,1,0,0
CLI09861,Essencial,Anual,Cartão,Parceiro,30,49.9,0,4.1,9.0,2,8,1,0,1,0
CLI09862,Plus,Anual,Cartão,Busca orgânica,17,67.92,15,5.9,43.9,5,5,1,0,0,1
CLI09863,Essencial,Mensal,Cartão,Mídia paga,9,44.91,10,11.8,27.8,8,8,0,1,0,0
CLI09864,Premium,Mensal,Boleto,Parceiro,23,113.9,5,10.5,17.9,2,6,2,1,1,0
CLI09865,Essencial,Anual,Pix,Mídia paga,7,42.42,15,6.1,21.8,5,7,1,0,0,0
CLI09866,Essencial,Mensal,Cartão,Indicação,16,44.91,10,4.0,34.7,11,4,2,1,0,0
CLI09867,Essencial,Anual,Cartão,Indicação,26,49.9,0,4.6,75.1,15,4,2,1,1,1
CLI09868,Plus,Anual,Débito automático,Busca orgânica,44,71.91,10,10.0,25.0,10,7,0,0,0,0
CLI09869,Essencial,Mensal,Débito automático,Mídia paga,11,47.4,5,6.3,37.7,6,7,1,0,0,0
CLI09870,Premium,Mensal,Cartão,Mídia paga,21,119.9,0,4.2,55.4,12,6,2,0,0,1
CLI09871,Essencial,Anual,Cartão,Indicação,45,39.92,20,2.6,18.2,8,5,0,0,1,0
CLI09872,Premium,Anual,Pix,Busca orgânica,14,113.9,5,2.1,51.5,6,6,0,0,1,0
CLI09873,Plus,Mensal,Cartão,Busca orgânica,9,79.9,0,3.3,50.1,7,4,0,1,0,0
CLI09874,Essencial,Anual,Cartão,Mídia paga,55,42.42,15,1.0,30.1,5,8,1,0,0,0
CLI09875,Essencial,Mensal,Cartão,Busca orgânica,24,49.9,0,1.5,44.8,6,9,0,0,0,0
CLI09876,Essencial,Anual,Débito automático,Indicação,46,47.4,5,4.2,44.5,11,7,0,0,0,0
CLI09877,Premium,Anual,Cartão,Mídia paga,16,113.9,5,4.4,6.8,1,9,0,0,0,0
CLI09878,Premium,Mensal,Cartão,Indicação,39,107.91,10,7.9,11.7,3,8,0,0,0,0
CLI09879,Essencial,Anual,Cartão,Mídia paga,46,49.9,0,2.4,48.3,10,7,0,0,0,0
CLI09880,Essencial,Anual,Pix,Busca orgânica,17,44.91,10,6.4,13.7,6,8,0,1,1,0
CLI09881,Essencial,Anual,Pix,Busca orgânica,37,44.91,10,1.1,3.8,6,7,0,0,0,0
CLI09882,Essencial,Mensal,Débito automático,Mídia paga,15,49.9,0,3.1,1.5,3,5,2,0,1,0
CLI09883,Plus,Anual,Pix,Indicação,55,71.91,10,3.4,20.7,5,7,1,0,1,0
CLI09884,Essencial,Anual,Pix,Indicação,15,49.9,0,1.1,41.5,11,8,1,0,1,0
CLI09885,Essencial,Mensal,Pix,Parceiro,57,39.92,20,1.1,15.0,8,8,0,1,1,0
CLI09886,Premium,Mensal,Boleto,Mídia paga,33,95.92,20,6.9,7.1,5,9,2,0,1,0
CLI09887,Plus,Anual,Débito automático,Busca orgânica,21,71.91,10,4.9,12.2,6,6,0,0,1,0
CLI09888,Plus,Mensal,Cartão,Mídia paga,61,79.9,0,1.7,27.0,8,6,1,0,0,0
CLI09889,Essencial,Mensal,Débito automático,Busca orgânica,16,47.4,5,0.3,49.9,8,6,1,0,1,0
CLI09890,Premium,Anual,Cartão,Mídia paga,77,107.91,10,9.3,21.7,6,6,0,0,0,1
CLI09891,Plus,Mensal,Cartão,Mídia paga,37,79.9,0,4.4,4.3,4,10,0,1,0,0
CLI09892,Plus,Anual,Cartão,Indicação,10,79.9,0,8.8,24.9,8,5,1,0,0,0
CLI09893,Essencial,Mensal,Débito automático,Mídia paga,19,47.4,5,2.3,12.8,3,9,1,0,0,0
CLI09894,Premium,Mensal,Boleto,Busca orgânica,22,107.91,10,13.6,20.6,5,4,1,0,0,1
CLI09895,Plus,Anual,Débito automático,Busca orgânica,79,79.9,0,2.8,21.7,5,7,0,1,1,0
CLI09896,Premium,Anual,Débito automático,Busca orgânica,52,119.9,0,2.3,9.6,3,8,1,1,0,0
CLI09897,Plus,Mensal,Cartão,Parceiro,45,67.92,15,7.0,18.3,7,8,1,0,1,0
CLI09898,Plus,Anual,Boleto,Mídia paga,17,63.92,20,1.3,13.9,6,7,0,0,0,0
CLI09899,Plus,Anual,Cartão,Mídia paga,23,75.9,5,9.1,54.0,5,6,1,1,0,0
CLI09900,Premium,Anual,Boleto,Busca orgânica,38,107.91,10,5.9,30.6,8,5,2,0,1,0
CLI09901,Essencial,Mensal,Cartão,Busca orgânica,39,49.9,0,6.5,58.0,11,6,0,3,0,1
CLI09902,Essencial,Mensal,Cartão,Mídia paga,24,42.42,15,7.4,10.0,11,9,0,1,1,1
CLI09903,Plus,Anual,Pix,Indicação,22,67.92,15,4.3,13.5,2,6,2,0,0,0
CLI09904,Plus,Anual,Cartão,Parceiro,38,79.9,0,5.1,22.8,8,7,1,1,0,0
CLI09905,Plus,Mensal,Cartão,Mídia paga,62,71.91,10,6.2,69.2,12,5,1,2,0,0
CLI09906,Plus,Mensal,Débito automático,Parceiro,7,79.9,0,13.5,69.4,8,6,1,1,0,1
CLI09907,Plus,Mensal,Débito automático,Indicação,39,75.9,5,3.7,6.3,6,4,3,1,0,0
CLI09908,Plus,Mensal,Cartão,Busca orgânica,18,79.9,0,3.4,3.6,5,10,0,1,0,0
CLI09909,Essencial,Anual,Pix,Busca orgânica,13,42.42,15,5.9,15.0,4,10,0,0,0,0
CLI09910,Premium,Mensal,Pix,Parceiro,8,113.9,5,3.3,8.8,6,7,1,0,0,0
CLI09911,Essencial,Anual,Cartão,Indicação,14,42.42,15,0.7,40.1,11,7,1,0,0,1
CLI09912,Plus,Mensal,Cartão,Mídia paga,27,71.91,10,10.9,24.6,9,8,0,0,0,0
CLI09913,Premium,Mensal,Pix,Mídia paga,23,113.9,5,3.3,40.2,6,7,1,0,0,0
CLI09914,Essencial,Anual,Débito automático,Mídia paga,24,44.91,10,8.8,30.2,1,6,1,0,0,0
CLI09915,Essencial,Mensal,Cartão,Parceiro,24,49.9,0,4.1,22.7,8,7,1,0,0,0
CLI09916,Essencial,Mensal,Débito automático,Mídia paga,36,47.4,5,0.9,64.8,11,5,1,0,1,0
CLI09917,Plus,Mensal,Pix,Busca orgânica,38,79.9,0,2.7,34.1,10,4,2,2,0,1
CLI09918,Essencial,Mensal,Débito automático,Mídia paga,11,44.91,10,1.9,14.6,7,8,0,0,1,0
CLI09919,Essencial,Mensal,Débito automático,Busca orgânica,20,42.42,15,3.1,46.6,7,6,0,0,1,0
CLI09920,Premium,Anual,Pix,Mídia paga,75,107.91,10,12.0,13.7,11,4,3,0,1,0
CLI09921,Essencial,Mensal,Cartão,Busca orgânica,11,39.92,20,2.7,43.9,9,6,2,0,1,1
CLI09922,Plus,Mensal,Débito automático,Mídia paga,30,79.9,0,3.2,65.1,15,3,1,0,0,0
CLI09923,Plus,Anual,Pix,Busca orgânica,41,79.9,0,9.0,26.9,4,7,0,0,1,0
CLI09924,Essencial,Anual,Pix,Mídia paga,51,44.91,10,1.5,15.7,5,7,1,0,0,0
CLI09925,Essencial,Mensal,Pix,Busca orgânica,35,49.9,0,5.5,11.0,8,7,1,0,1,0
CLI09926,Premium,Mensal,Cartão,Mídia paga,21,113.9,5,10.8,23.8,9,9,1,0,0,0
CLI09927,Plus,Mensal,Pix,Indicação,16,71.91,10,6.4,21.1,2,7,0,0,0,0
CLI09928,Essencial,Mensal,Pix,Indicação,35,49.9,0,0.5,40.1,12,5,2,0,0,0
CLI09929,Plus,Mensal,Cartão,Parceiro,43,75.9,5,5.6,54.6,8,9,0,1,0,0
CLI09930,Plus,Anual,Cartão,Mídia paga,60,67.92,15,3.1,34.3,9,9,0,0,0,0
CLI09931,Essencial,Mensal,Débito automático,Indicação,54,49.9,0,2.5,20.0,9,6,0,1,1,0
CLI09932,Plus,Mensal,Cartão,Mídia paga,46,71.91,10,1.4,12.9,4,8,0,1,0,0
CLI09933,Plus,Anual,Débito automático,Mídia paga,9,63.92,20,0.6,18.8,5,9,0,1,0,0
CLI09934,Essencial,Mensal,Cartão,Mídia paga,11,44.91,10,3.0,4.0,5,8,2,1,0,0
CLI09935,Premium,Mensal,Pix,Busca orgânica,96,107.91,10,7.3,5.6,5,7,0,0,0,0
CLI09936,Essencial,Anual,Cartão,Mídia paga,24,49.9,0,3.6,14.2,3,10,1,0,0,0
CLI09937,Essencial,Mensal,Débito automático,Indicação,32,49.9,0,2.3,6.0,2,8,0,0,0,0
CLI09938,Essencial,Mensal,Pix,Mídia paga,4,44.91,10,1.0,29.1,3,9,1,1,0,0
CLI09939,Plus,Mensal,Cartão,Busca orgânica,47,75.9,5,1.7,6.3,3,8,0,2,0,1
CLI09940,Plus,Mensal,Boleto,Mídia paga,28,71.91,10,15.7,42.1,8,7,1,1,1,0
CLI09941,Premium,Mensal,Cartão,Busca orgânica,27,119.9,0,3.5,49.8,10,8,2,1,0,0
CLI09942,Essencial,Mensal,Cartão,Indicação,94,49.9,0,5.9,38.2,9,8,1,1,0,0
CLI09943,Plus,Mensal,Débito automático,Parceiro,35,75.9,5,0.6,7.7,3,5,2,2,1,1
CLI09944,Plus,Mensal,Pix,Mídia paga,23,79.9,0,4.7,25.9,5,6,0,1,0,1
CLI09945,Essencial,Mensal,Débito automático,Parceiro,27,47.4,5,3.3,10.4,3,6,1,1,0,0
CLI09946,Essencial,Anual,Boleto,Mídia paga,17,49.9,0,2.8,27.6,4,8,1,0,1,0
CLI09947,Plus,Anual,Débito automático,Indicação,12,79.9,0,6.4,6.4,3,6,2,0,1,0
CLI09948,Essencial,Mensal,Cartão,Mídia paga,24,47.4,5,0.3,17.8,5,5,1,0,1,1
CLI09949,Plus,Mensal,Cartão,Busca orgânica,7,71.91,10,4.8,3.5,2,7,0,1,0,0
CLI09950,Plus,Anual,Débito automático,Busca orgânica,20,71.91,10,3.4,66.2,7,3,3,0,1,0
CLI09951,Essencial,Mensal,Cartão,Busca orgânica,3,49.9,0,2.3,27.5,8,7,0,0,1,0
CLI09952,Premium,Mensal,Pix,Indicação,46,113.9,5,4.4,24.6,10,6,1,0,1,0
CLI09953,Plus,Anual,Boleto,Indicação,81,71.91,10,5.8,28.7,2,7,0,0,0,0
CLI09954,Plus,Mensal,Débito automático,Indicação,24,79.9,0,3.5,18.4,6,7,0,0,1,0
CLI09955,Plus,Mensal,Cartão,Mídia paga,13,79.9,0,3.6,44.7,6,6,1,0,1,1
CLI09956,Plus,Mensal,Débito automático,Parceiro,30,71.91,10,3.1,12.1,6,9,0,1,1,0
CLI09957,Plus,Mensal,Cartão,Busca orgânica,50,75.9,5,15.8,3.9,5,7,0,3,1,0
CLI09958,Essencial,Mensal,Boleto,Indicação,15,39.92,20,0.4,29.5,4,9,0,0,0,0
CLI09959,Essencial,Mensal,Pix,Indicação,39,44.91,10,3.0,2.6,3,6,1,1,0,0
CLI09960,Essencial,Anual,Pix,Mídia paga,8,49.9,0,1.9,11.9,8,7,0,0,0,0
CLI09961,Essencial,Mensal,Cartão,Busca orgânica,30,44.91,10,1.9,5.3,5,8,1,0,1,0
CLI09962,Essencial,Anual,Cartão,Mídia paga,41,49.9,0,0.7,40.4,9,4,2,1,1,0
CLI09963,Essencial,Mensal,Cartão,Indicação,7,44.91,10,1.0,4.1,6,7,0,1,0,0
CLI09964,Premium,Mensal,Débito automático,Mídia paga,41,101.92,15,9.4,27.3,8,8,1,1,0,0
CLI09965,Essencial,Mensal,Pix,Mídia paga,22,49.9,0,6.4,39.4,7,5,0,0,0,0
CLI09966,Essencial,Mensal,Débito automático,Indicação,65,49.9,0,0.9,6.4,5,10,0,0,0,0
CLI09967,Essencial,Mensal,Cartão,Parceiro,29,49.9,0,4.0,23.4,4,10,0,0,0,0
CLI09968,Plus,Mensal,Cartão,Busca orgânica,43,79.9,0,5.9,61.0,8,7,0,0,1,0
CLI09969,Essencial,Mensal,Pix,Indicação,75,49.9,0,3.6,16.8,5,7,1,0,0,0
CLI09970,Plus,Mensal,Débito automático,Mídia paga,22,79.9,0,4.5,77.7,13,5,1,0,1,1
CLI09971,Plus,Mensal,Pix,Busca orgânica,5,75.9,5,7.8,22.4,6,5,1,0,1,0
CLI09972,Essencial,Mensal,Cartão,Parceiro,13,39.92,20,1.4,31.3,2,5,0,0,0,0
CLI09973,Premium,Mensal,Cartão,Busca orgânica,26,119.9,0,3.0,20.6,10,8,2,2,0,0
CLI09974,Essencial,Mensal,Débito automático,Parceiro,96,49.9,0,3.9,26.7,9,7,0,0,1,0
CLI09975,Plus,Anual,Boleto,Mídia paga,64,79.9,0,6.7,30.7,6,5,0,1,0,0
CLI09976,Essencial,Anual,Débito automático,Mídia paga,16,44.91,10,3.0,26.9,6,8,0,1,1,0
CLI09977,Plus,Mensal,Débito automático,Indicação,22,63.92,20,4.7,78.8,15,6,1,1,0,1
CLI09978,Premium,Mensal,Pix,Indicação,40,113.9,5,10.8,54.1,12,8,1,0,0,0
CLI09979,Essencial,Mensal,Débito automático,Mídia paga,56,42.42,15,6.5,3.2,4,6,1,0,0,0
CLI09980,Essencial,Mensal,Débito automático,Mídia paga,7,42.42,15,10.4,69.1,11,6,2,1,0,1
CLI09981,Essencial,Mensal,Cartão,Parceiro,40,49.9,0,1.4,24.5,9,8,2,1,0,0
CLI09982,Essencial,Mensal,Cartão,Busca orgânica,27,49.9,0,1.4,80.2,19,5,1,1,0,0
CLI09983,Premium,Anual,Débito automático,Mídia paga,6,95.92,20,24.4,40.9,10,6,1,0,1,0
CLI09984,Plus,Anual,Débito automático,Parceiro,19,71.91,10,4.8,5.2,2,9,0,0,0,0
CLI09985,Plus,Mensal,Débito automático,Mídia paga,17,71.91,10,6.7,14.2,9,7,0,0,1,0
CLI09986,Premium,Mensal,Cartão,Busca orgânica,16,113.9,5,4.1,53.6,9,6,2,1,0,0
CLI09987,Premium,Mensal,Débito automático,Mídia paga,56,119.9,0,10.4,49.9,4,6,1,0,0,0
CLI09988,Plus,Mensal,Cartão,Busca orgânica,34,79.9,0,1.3,7.1,1,7,0,0,0,0
CLI09989,Essencial,Mensal,Cartão,Busca orgânica,20,47.4,5,1.0,29.8,5,7,0,0,0,1
CLI09990,Essencial,Mensal,Pix,Indicação,16,44.91,10,8.0,34.3,8,5,3,2,0,0
CLI09991,Essencial,Mensal,Pix,Parceiro,30,49.9,0,5.3,45.7,8,7,2,0,1,0
CLI09992,Essencial,Mensal,Cartão,Parceiro,19,44.91,10,2.0,16.1,5,8,0,0,0,0
CLI09993,Essencial,Anual,Pix,Mídia paga,41,44.91,10,5.4,24.4,7,6,0,1,1,0
CLI09994,Essencial,Mensal,Débito automático,Busca orgânica,23,39.92,20,3.0,34.6,4,6,2,1,0,0
CLI09995,Essencial,Anual,Cartão,Mídia paga,4,44.91,10,1.1,69.3,10,6,4,0,1,1
CLI09996,Essencial,Mensal,Cartão,Busca orgânica,7,39.92,20,3.6,34.1,7,9,2,2,1,0
CLI09997,Essencial,Mensal,Débito automático,Busca orgânica,15,49.9,0,3.1,17.2,6,9,0,0,0,0
CLI09998,Essencial,Mensal,Boleto,Mídia paga,23,42.42,15,1.8,63.9,9,9,2,0,0,0
CLI09999,Essencial,Mensal,Débito automático,Indicação,34,44.91,10,1.3,44.2,9,5,2,0,0,0
CLI10000,Plus,Mensal,Cartão,Indicação,32,75.9,5,8.1,11.6,5,6,3,1,0,0
CLI10001,Plus,Mensal,Pix,Mídia paga,69,79.9,0,5.0,51.7,8,7,3,0,0,1
CLI10002,Plus,Mensal,Débito automático,Mídia paga,2,79.9,0,4.9,63.1,12,6,1,0,0,1
CLI10003,Essencial,Mensal,Cartão,Busca orgânica,1,49.9,0,1.0,19.5,5,6,1,3,1,1
CLI10004,Essencial,Mensal,Pix,Mídia paga,6,49.9,0,2.2,21.5,5,9,0,0,0,0
CLI10005,Essencial,Anual,Cartão,Parceiro,12,47.4,5,3.6,10.0,3,9,1,0,0,0
CLI10006,Essencial,Mensal,Débito automático,Indicação,43,44.91,10,1.3,4.5,6,7,0,0,0,0
CLI10007,Essencial,Anual,Cartão,Mídia paga,30,49.9,0,6.1,40.8,5,8,0,0,0,0
CLI10008,Premium,Anual,Cartão,Mídia paga,6,119.9,0,16.5,9.3,7,8,2,1,0,0
CLI10009,Essencial,Mensal,Cartão,Busca orgânica,12,49.9,0,4.8,1.5,6,10,1,0,0,0
CLI10010,Essencial,Anual,Cartão,Indicação,13,39.92,20,5.1,28.9,9,6,2,1,0,1
CLI10011,Plus,Mensal,Cartão,Busca orgânica,11,79.9,0,4.9,13.1,2,7,0,0,0,0
CLI10012,Plus,Mensal,Cartão,Mídia paga,19,75.9,5,8.7,12.6,3,6,2,1,0,0
CLI10013,Essencial,Mensal,Pix,Busca orgânica,15,49.9,0,4.4,34.5,11,6,1,1,0,1
CLI10014,Essencial,Mensal,Cartão,Indicação,16,47.4,5,3.8,8.3,5,8,0,1,0,0
CLI10015,Premium,Mensal,Cartão,Indicação,7,119.9,0,8.9,5.0,4,7,1,0,1,0
CLI10016,Essencial,Mensal,Cartão,Mídia paga,33,42.42,15,2.7,45.4,6,9,0,1,0,0
CLI10017,Plus,Mensal,Boleto,Busca orgânica,23,75.9,5,14.7,11.3,6,6,1,1,0,0
CLI10018,Plus,Mensal,Cartão,Indicação,14,79.9,0,1.6,67.6,9,5,0,2,0,0
CLI10019,Essencial,Anual,Pix,Parceiro,9,49.9,0,4.8,46.1,9,5,1,0,0,0
CLI10020,Plus,Mensal,Cartão,Busca orgânica,18,63.92,20,1.4,43.4,9,4,3,0,1,1
CLI10021,Essencial,Mensal,Cartão,Mídia paga,5,49.9,0,2.8,12.9,2,6,4,0,0,0
CLI10022,Essencial,Mensal,Débito automático,Indicação,30,47.4,5,3.8,42.4,12,5,1,1,0,0
CLI10023,Essencial,Anual,Débito automático,Busca orgânica,32,42.42,15,2.4,26.4,4,8,1,0,0,0
CLI10024,Premium,Anual,Pix,Busca orgânica,23,95.92,20,6.7,14.3,3,10,0,0,0,0
CLI10025,Essencial,Anual,Cartão,Mídia paga,67,39.92,20,0.6,13.1,9,6,1,0,1,0
CLI10026,Essencial,Mensal,Cartão,Mídia paga,33,49.9,0,3.1,22.2,9,6,1,1,1,0
CLI10027,Premium,Mensal,Cartão,Busca orgânica,40,113.9,5,4.1,15.2,4,8,1,1,0,0
CLI10028,Essencial,Mensal,Cartão,Mídia paga,31,44.91,10,3.8,22.6,4,7,2,1,0,0
CLI10029,Premium,Anual,Boleto,Mídia paga,32,107.91,10,5.1,42.9,4,7,0,0,0,0
CLI10030,Plus,Mensal,Cartão,Busca orgânica,26,75.9,5,1.3,3.6,3,7,0,0,1,0
CLI10031,Plus,Anual,Cartão,Busca orgânica,39,75.9,5,4.2,31.2,5,10,1,0,0,0
CLI10032,Plus,Mensal,Cartão,Busca orgânica,25,79.9,0,2.4,48.5,8,6,0,0,0,0
CLI10033,Plus,Anual,Cartão,Indicação,9,71.91,10,4.9,22.6,11,6,0,0,0,0
CLI10034,Essencial,Mensal,Cartão,Mídia paga,42,44.91,10,1.5,22.4,6,7,0,1,1,0
CLI10035,Premium,Mensal,Cartão,Mídia paga,31,95.92,20,3.9,10.9,4,9,1,0,1,0
CLI10036,Premium,Mensal,Boleto,Mídia paga,10,107.91,10,4.6,14.0,5,7,1,0,0,0
CLI10037,Premium,Mensal,Pix,Mídia paga,22,101.92,15,10.8,7.1,5,9,0,0,0,0
CLI10038,Plus,Anual,Cartão,Mídia paga,6,63.92,20,2.7,16.0,4,7,1,1,0,0
CLI10039,Plus,Mensal,Cartão,Mídia paga,55,79.9,0,2.5,17.9,7,9,0,3,0,0
CLI10040,Plus,Anual,Pix,Parceiro,29,79.9,0,2.3,60.1,11,8,0,0,1,0
CLI10041,Essencial,Mensal,Cartão,Mídia paga,8,39.92,20,2.4,14.9,4,7,1,2,0,0
CLI10042,Plus,Mensal,Boleto,Mídia paga,20,71.91,10,15.2,5.8,7,7,0,1,0,0
CLI10043,Plus,Mensal,Pix,Mídia paga,10,79.9,0,6.4,40.8,9,8,0,0,1,0
CLI10044,Plus,Mensal,Pix,Busca orgânica,15,75.9,5,13.1,73.3,10,7,2,0,0,0
CLI10045,Essencial,Anual,Débito automático,Mídia paga,32,47.4,5,2.5,72.3,8,4,3,0,1,0
CLI10046,Plus,Mensal,Cartão,Mídia paga,41,79.9,0,4.2,64.3,13,7,0,1,0,0
CLI10047,Plus,Mensal,Cartão,Indicação,8,67.92,15,4.8,45.1,8,4,0,1,0,0
CLI10048,Essencial,Mensal,Pix,Busca orgânica,55,49.9,0,3.7,4.3,2,7,0,1,1,0
CLI10049,Premium,Anual,Cartão,Indicação,48,113.9,5,8.2,20.1,9,9,0,1,0,0
CLI10050,Plus,Anual,Cartão,Busca orgânica,17,67.92,15,1.4,9.1,7,9,0,0,1,0
CLI10051,Essencial,Anual,Boleto,Busca orgânica,13,42.42,15,2.5,50.0,13,7,0,1,0,0
CLI10052,Essencial,Mensal,Débito automático,Busca orgânica,38,49.9,0,2.0,24.4,5,8,1,1,0,0
CLI10053,Plus,Mensal,Cartão,Mídia paga,94,79.9,0,8.1,28.0,7,8,0,0,0,0
CLI10054,Essencial,Mensal,Boleto,Mídia paga,23,49.9,0,4.0,7.2,7,3,2,0,0,0
CLI10055,Premium,Anual,Cartão,Busca orgânica,16,119.9,0,4.5,62.3,8,6,1,1,0,1
CLI10056,Essencial,Mensal,Débito automático,Indicação,14,49.9,0,4.1,53.3,10,4,0,0,0,0
CLI10057,Essencial,Anual,Cartão,Busca orgânica,1,44.91,10,4.5,45.8,10,9,0,0,0,0
CLI10058,Essencial,Anual,Pix,Busca orgânica,12,49.9,0,4.8,0.7,5,8,0,0,1,0
CLI10059,Plus,Anual,Débito automático,Mídia paga,1,79.9,0,2.4,51.0,6,9,0,0,0,0
CLI10060,Premium,Anual,Cartão,Mídia paga,43,119.9,0,6.9,1.6,4,8,4,0,1,0
CLI10061,Premium,Mensal,Boleto,Indicação,52,119.9,0,4.4,7.1,4,8,0,0,0,0
CLI10062,Plus,Mensal,Cartão,Busca orgânica,17,79.9,0,3.8,45.5,11,5,0,1,1,1
CLI10063,Plus,Mensal,Boleto,Parceiro,21,75.9,5,2.4,6.1,10,8,0,0,0,0
CLI10064,Essencial,Mensal,Cartão,Parceiro,12,47.4,5,4.5,40.6,7,7,0,1,0,0
CLI10065,Plus,Anual,Cartão,Mídia paga,12,71.91,10,7.3,16.9,4,7,1,1,1,0
CLI10066,Premium,Mensal,Cartão,Busca orgânica,22,113.9,5,6.9,7.5,6,5,1,3,0,0
CLI10067,Essencial,Anual,Cartão,Indicação,28,47.4,5,4.8,48.5,10,4,1,0,0,0
CLI10068,Premium,Anual,Pix,Busca orgânica,69,101.92,15,2.7,11.0,2,9,0,0,1,0
CLI10069,Essencial,Mensal,Pix,Busca orgânica,6,44.91,10,6.7,7.2,7,7,0,0,1,0
CLI10070,Essencial,Mensal,Débito automático,Mídia paga,20,47.4,5,1.9,35.3,5,8,1,0,0,1
CLI10071,Plus,Mensal,Pix,Indicação,27,71.91,10,6.7,41.3,9,10,0,0,0,0
CLI10072,Premium,Mensal,Pix,Parceiro,18,119.9,0,4.0,19.2,6,8,2,0,0,1
CLI10073,Essencial,Anual,Cartão,Mídia paga,33,39.92,20,7.2,27.6,5,8,0,0,0,0
CLI10074,Plus,Anual,Débito automático,Parceiro,45,71.91,10,5.1,8.3,1,6,1,1,0,0
CLI10075,Essencial,Anual,Boleto,Mídia paga,19,44.91,10,4.1,7.6,3,9,1,1,1,0
CLI10076,Plus,Mensal,Cartão,Busca orgânica,21,71.91,10,4.1,41.5,5,6,0,1,0,0
CLI10077,Plus,Anual,Cartão,Mídia paga,15,79.9,0,6.7,6.1,2,7,0,0,0,0
CLI10078,Essencial,Mensal,Cartão,Mídia paga,35,49.9,0,5.5,41.5,8,5,1,0,1,1
CLI10079,Plus,Anual,Cartão,Indicação,11,75.9,5,9.8,49.8,9,7,1,1,0,0
CLI10080,Plus,Anual,Pix,Indicação,43,71.91,10,1.5,50.0,7,8,0,0,0,0
CLI10081,Plus,Anual,Cartão,Busca orgânica,13,67.92,15,0.7,12.0,2,8,0,1,0,0
CLI10082,Essencial,Mensal,Débito automático,Busca orgânica,29,47.4,5,0.9,35.6,10,9,0,0,0,0
CLI10083,Essencial,Anual,Cartão,Mídia paga,29,49.9,0,4.1,6.1,3,9,0,0,0,0
CLI10084,Premium,Mensal,Cartão,Busca orgânica,57,113.9,5,4.9,37.6,5,6,0,1,0,0
CLI10085,Plus,Mensal,Cartão,Busca orgânica,5,79.9,0,5.0,8.9,3,7,0,1,0,0
CLI10086,Plus,Mensal,Cartão,Mídia paga,46,71.91,10,2.3,15.3,3,8,1,1,0,0
CLI10087,Plus,Mensal,Débito automático,Mídia paga,11,71.91,10,3.6,6.5,5,5,0,1,1,0
CLI10088,Premium,Mensal,Boleto,Indicação,45,119.9,0,11.2,47.8,5,6,0,1,0,1
CLI10089,Essencial,Mensal,Cartão,Mídia paga,10,49.9,0,2.3,11.5,5,8,1,2,0,1
CLI10090,Plus,Anual,Cartão,Parceiro,24,71.91,10,2.3,25.7,6,8,1,1,0,0
CLI10091,Plus,Anual,Débito automático,Busca orgânica,16,63.92,20,10.5,46.9,8,6,2,0,0,0
CLI10092,Essencial,Anual,Débito automático,Mídia paga,42,47.4,5,8.3,54.4,12,7,1,0,0,0
CLI10093,Essencial,Anual,Débito automático,Indicação,9,44.91,10,0.6,28.0,7,7,0,0,1,0
CLI10094,Plus,Mensal,Cartão,Mídia paga,6,75.9,5,5.9,39.3,11,8,1,0,0,0
CLI10095,Premium,Anual,Pix,Mídia paga,27,119.9,0,10.8,2.7,6,7,1,0,0,0
CLI10096,Plus,Mensal,Cartão,Indicação,10,71.91,10,1.7,31.5,7,6,0,1,1,0
CLI10097,Essencial,Mensal,Cartão,Mídia paga,32,39.92,20,2.7,29.7,11,8,0,2,0,0
CLI10098,Premium,Anual,Boleto,Indicação,29,119.9,0,8.4,27.5,6,8,1,0,0,0
CLI10099,Essencial,Anual,Cartão,Mídia paga,23,47.4,5,1.0,36.4,7,6,1,1,1,0
CLI10100,Essencial,Mensal,Cartão,Busca orgânica,24,49.9,0,2.0,12.6,4,10,0,1,0,0
CLI10101,Premium,Anual,Cartão,Busca orgânica,32,107.91,10,5.5,12.9,7,10,0,1,0,0
CLI10102,Plus,Mensal,Cartão,Parceiro,21,79.9,0,6.5,16.8,5,10,1,0,0,0
CLI10103,Premium,Anual,Boleto,Mídia paga,14,119.9,0,2.3,37.1,9,5,0,0,1,0
CLI10104,Plus,Mensal,Cartão,Indicação,20,71.91,10,4.0,40.1,9,7,2,0,0,1
CLI10105,Plus,Mensal,Pix,Mídia paga,20,71.91,10,4.3,14.4,7,6,4,1,0,0
CLI10106,Essencial,Anual,Débito automático,Indicação,24,49.9,0,2.8,47.1,4,4,2,0,0,0
CLI10107,Essencial,Mensal,Cartão,Parceiro,81,44.91,10,11.9,51.4,9,5,0,0,0,0
CLI10108,Premium,Mensal,Cartão,Indicação,20,101.92,15,4.2,15.9,4,9,0,0,1,0
CLI10109,Premium,Anual,Cartão,Busca orgânica,56,113.9,5,6.4,37.2,8,8,0,1,0,0
CLI10110,Essencial,Anual,Cartão,Busca orgânica,46,44.91,10,5.9,41.3,7,5,1,1,0,0
CLI10111,Essencial,Mensal,Cartão,Mídia paga,11,47.4,5,4.8,44.9,6,5,3,0,0,0
CLI10112,Essencial,Anual,Pix,Busca orgânica,9,49.9,0,2.8,25.2,6,6,1,1,0,0
CLI10113,Essencial,Mensal,Cartão,Busca orgânica,27,49.9,0,3.9,59.7,8,6,0,0,0,0
CLI10114,Premium,Mensal,Pix,Mídia paga,45,119.9,0,7.3,8.9,2,6,0,0,0,0
CLI10115,Essencial,Anual,Boleto,Indicação,22,44.91,10,5.2,33.1,7,7,1,0,1,0
CLI10116,Essencial,Mensal,Cartão,Mídia paga,27,49.9,0,1.3,34.3,6,6,2,1,0,1
CLI10117,Premium,Mensal,Cartão,Indicação,26,113.9,5,8.3,16.8,5,9,0,1,0,0
CLI10118,Plus,Anual,Cartão,Mídia paga,65,71.91,10,2.4,53.7,16,8,1,1,0,0
CLI10119,Essencial,Anual,Cartão,Mídia paga,42,49.9,0,6.5,23.2,6,8,2,0,0,0
CLI10120,Essencial,Mensal,Cartão,Mídia paga,16,49.9,0,1.7,71.6,6,7,1,0,0,0
CLI10121,Essencial,Mensal,Pix,Busca orgânica,7,44.91,10,2.2,43.8,9,5,0,1,0,0
CLI10122,Essencial,Anual,Cartão,Mídia paga,23,49.9,0,1.5,75.7,9,4,1,1,1,1
CLI10123,Essencial,Anual,Cartão,Mídia paga,22,49.9,0,1.3,63.0,7,7,1,1,0,0
CLI10124,Essencial,Mensal,Cartão,Parceiro,96,47.4,5,3.2,22.6,5,6,0,0,0,0
CLI10125,Essencial,Mensal,Débito automático,Indicação,24,39.92,20,1.4,35.3,9,5,2,1,0,0
CLI10126,Essencial,Mensal,Cartão,Mídia paga,25,47.4,5,2.5,66.7,13,6,0,0,0,0
CLI10127,Essencial,Mensal,Débito automático,Mídia paga,19,49.9,0,4.7,7.5,5,9,1,0,0,0
CLI10128,Premium,Mensal,Pix,Parceiro,18,107.91,10,6.9,16.1,4,6,1,0,1,0
CLI10129,Essencial,Mensal,Cartão,Busca orgânica,42,49.9,0,1.6,19.6,4,7,1,1,0,0
CLI10130,Essencial,Anual,Pix,Busca orgânica,40,49.9,0,3.6,22.9,5,5,2,0,1,0
CLI10131,Premium,Anual,Cartão,Mídia paga,20,113.9,5,3.3,15.5,4,9,0,0,0,0
CLI10132,Essencial,Mensal,Débito automático,Busca orgânica,35,44.91,10,0.8,18.6,3,5,1,2,0,0
CLI10133,Plus,Mensal,Cartão,Mídia paga,26,63.92,20,2.5,37.0,10,8,1,1,1,0
CLI10134,Premium,Mensal,Pix,Busca orgânica,28,107.91,10,1.9,23.2,7,4,2,1,0,0
CLI10135,Plus,Mensal,Pix,Parceiro,12,71.91,10,1.9,40.8,12,8,1,0,1,0
CLI10136,Essencial,Mensal,Pix,Busca orgânica,37,42.42,15,4.5,54.2,13,4,1,0,0,0
CLI10137,Plus,Anual,Débito automático,Busca orgânica,20,79.9,0,4.0,19.5,8,8,1,0,0,0
CLI10138,Plus,Mensal,Cartão,Mídia paga,52,75.9,5,5.6,9.4,1,6,1,0,0,0
CLI10139,Essencial,Anual,Pix,Indicação,8,39.92,20,1.9,55.2,9,7,0,0,0,0
CLI10140,Essencial,Mensal,Cartão,Indicação,19,47.4,5,3.6,24.8,5,5,1,1,0,0
CLI10141,Essencial,Mensal,Cartão,Mídia paga,8,49.9,0,1.2,5.8,7,8,2,0,0,0
CLI10142,Premium,Anual,Cartão,Busca orgânica,44,95.92,20,5.3,4.8,6,8,1,0,0,0
CLI10143,Essencial,Anual,Pix,Indicação,30,49.9,0,2.0,60.7,10,7,0,0,1,0
CLI10144,Essencial,Mensal,Pix,Mídia paga,8,49.9,0,4.6,45.3,3,7,1,0,0,0
CLI10145,Plus,Anual,Débito automático,Busca orgânica,26,71.91,10,11.6,26.2,7,7,0,0,1,0
CLI10146,Premium,Mensal,Pix,Parceiro,21,119.9,0,3.4,39.8,8,7,0,0,0,0
CLI10147,Essencial,Anual,Débito automático,Mídia paga,19,47.4,5,2.1,33.4,8,7,0,1,1,0
CLI10148,Essencial,Mensal,Débito automático,Parceiro,24,49.9,0,2.6,10.2,5,10,0,1,0,0
CLI10149,Essencial,Mensal,Cartão,Mídia paga,74,49.9,0,1.6,35.0,7,4,1,0,1,0
CLI10150,Plus,Anual,Débito automático,Parceiro,75,79.9,0,3.2,4.1,3,9,1,1,0,0
CLI10151,Plus,Anual,Cartão,Busca orgânica,27,79.9,0,5.1,28.0,7,7,2,0,0,0
CLI10152,Premium,Anual,Cartão,Mídia paga,21,113.9,5,17.2,33.4,7,10,1,0,0,0
CLI10153,Essencial,Mensal,Boleto,Parceiro,7,42.42,15,2.7,22.0,7,7,0,0,1,0
CLI10154,Essencial,Anual,Cartão,Mídia paga,27,49.9,0,1.1,32.3,6,7,0,1,0,0
CLI10155,Essencial,Mensal,Boleto,Parceiro,76,44.91,10,1.3,62.8,10,7,2,0,0,0
CLI10156,Essencial,Mensal,Débito automático,Mídia paga,32,42.42,15,2.3,30.8,8,5,1,0,0,0
CLI10157,Plus,Mensal,Débito automático,Indicação,19,75.9,5,5.2,14.8,2,9,0,0,0,0
CLI10158,Plus,Mensal,Pix,Busca orgânica,11,63.92,20,3.7,36.3,6,7,2,0,0,0
CLI10159,Essencial,Mensal,Pix,Busca orgânica,25,44.91,10,6.0,14.2,3,8,0,1,1,0
CLI10160,Plus,Anual,Cartão,Mídia paga,70,63.92,20,5.0,14.8,14,7,0,1,0,0
CLI10161,Essencial,Mensal,Cartão,Parceiro,20,49.9,0,4.5,5.6,2,9,0,0,0,0
CLI10162,Plus,Mensal,Débito automático,Mídia paga,50,71.91,10,5.7,22.6,7,7,3,0,0,0
CLI10163,Essencial,Mensal,Cartão,Indicação,22,49.9,0,6.6,6.7,5,9,1,1,1,0
CLI10164,Plus,Anual,Pix,Busca orgânica,4,67.92,15,5.0,33.5,6,6,0,0,0,0
CLI10165,Essencial,Mensal,Boleto,Indicação,6,49.9,0,2.0,33.0,10,10,0,0,0,0
CLI10166,Premium,Mensal,Cartão,Busca orgânica,38,119.9,0,15.8,48.1,15,6,0,1,0,0
CLI10167,Premium,Anual,Débito automático,Parceiro,26,113.9,5,3.4,11.5,10,8,0,0,1,0
CLI10168,Premium,Anual,Cartão,Busca orgânica,47,119.9,0,5.6,8.6,13,9,1,0,1,0
CLI10169,Premium,Anual,Cartão,Mídia paga,23,119.9,0,13.0,24.8,5,4,1,0,1,1
CLI10170,Essencial,Mensal,Pix,Mídia paga,49,49.9,0,5.4,39.7,4,6,0,1,0,0
CLI10171,Plus,Anual,Pix,Mídia paga,36,79.9,0,3.3,27.7,8,7,3,0,0,0
CLI10172,Essencial,Mensal,Débito automático,Indicação,8,49.9,0,6.7,40.4,5,5,1,0,1,1
CLI10173,Premium,Anual,Cartão,Indicação,20,119.9,0,7.1,35.2,6,6,1,0,0,0
CLI10174,Essencial,Mensal,Cartão,Indicação,15,49.9,0,5.0,26.5,7,7,1,1,0,0
CLI10175,Essencial,Mensal,Débito automático,Busca orgânica,11,44.91,10,2.3,18.9,6,7,0,0,0,0
CLI10176,Plus,Mensal,Pix,Indicação,22,79.9,0,3.0,39.7,6,7,0,0,0,0
CLI10177,Essencial,Anual,Pix,Busca orgânica,49,44.91,10,1.7,18.7,6,8,1,0,0,0
CLI10178,Plus,Mensal,Cartão,Mídia paga,16,75.9,5,0.9,3.6,5,7,0,1,1,0
CLI10179,Essencial,Mensal,Boleto,Busca orgânica,10,47.4,5,4.3,22.9,7,4,0,1,1,0
CLI10180,Plus,Mensal,Boleto,Mídia paga,43,75.9,5,7.7,32.6,9,5,1,2,1,0
CLI10181,Premium,Anual,Pix,Busca orgânica,26,113.9,5,6.1,9.6,1,6,1,1,0,0
CLI10182,Plus,Mensal,Cartão,Indicação,5,75.9,5,4.2,87.1,14,4,0,1,1,1
CLI10183,Essencial,Anual,Boleto,Indicação,34,47.4,5,0.6,29.3,5,6,2,0,0,0
CLI10184,Essencial,Mensal,Boleto,Busca orgânica,34,49.9,0,3.2,39.2,10,8,0,0,0,1
CLI10185,Essencial,Anual,Pix,Busca orgânica,23,49.9,0,7.6,19.1,10,6,1,0,1,0
CLI10186,Essencial,Mensal,Pix,Mídia paga,8,49.9,0,2.9,44.7,7,4,3,0,0,1
CLI10187,Plus,Mensal,Cartão,Busca orgânica,15,75.9,5,3.4,25.3,7,7,1,0,1,0
CLI10188,Essencial,Mensal,Cartão,Indicação,18,47.4,5,2.6,13.1,5,8,1,0,1,0
CLI10189,Essencial,Mensal,Débito automático,Busca orgânica,23,44.91,10,4.6,10.5,7,9,1,0,0,0
CLI10190,Essencial,Anual,Débito automático,Indicação,10,47.4,5,2.3,59.0,7,8,1,0,1,0
CLI10191,Premium,Anual,Pix,Mídia paga,40,107.91,10,6.9,66.9,12,8,2,0,0,1
CLI10192,Essencial,Mensal,Débito automático,Mídia paga,77,44.91,10,5.7,46.8,6,9,0,0,0,0
CLI10193,Essencial,Mensal,Cartão,Mídia paga,12,49.9,0,3.0,2.4,8,9,0,0,0,0
CLI10194,Plus,Mensal,Débito automático,Mídia paga,15,75.9,5,8.1,6.2,6,9,0,1,0,0
CLI10195,Essencial,Mensal,Cartão,Busca orgânica,14,49.9,0,2.5,24.4,7,7,0,0,0,0
CLI10196,Premium,Anual,Boleto,Indicação,96,119.9,0,7.4,42.5,5,7,1,0,0,0
CLI10197,Essencial,Mensal,Cartão,Mídia paga,29,42.42,15,2.0,40.3,9,6,2,0,0,0
CLI10198,Plus,Mensal,Cartão,Mídia paga,50,67.92,15,5.1,81.1,17,5,2,0,1,0
CLI10199,Plus,Mensal,Pix,Mídia paga,32,79.9,0,8.8,23.0,3,8,0,1,0,0
CLI10200,Plus,Anual,Cartão,Mídia paga,8,71.91,10,7.3,15.7,5,7,0,0,0,0
CLI10201,Plus,Anual,Cartão,Mídia paga,11,67.92,15,5.3,6.4,2,7,0,0,0,0
CLI10202,Plus,Anual,Débito automático,Mídia paga,14,79.9,0,5.0,58.4,10,5,0,0,1,0
CLI10203,Essencial,Mensal,Cartão,Mídia paga,15,47.4,5,5.4,32.6,5,6,2,0,0,0
CLI10204,Plus,Mensal,Débito automático,Parceiro,40,79.9,0,4.9,31.3,9,9,1,1,0,0
CLI10205,Plus,Mensal,Cartão,Indicação,96,75.9,5,6.6,47.4,5,6,0,0,1,1
CLI10206,Plus,Anual,Cartão,Indicação,21,79.9,0,4.9,18.2,5,7,1,0,0,0
CLI10207,Plus,Mensal,Cartão,Mídia paga,27,79.9,0,7.6,53.4,12,5,1,1,1,0
CLI10208,Essencial,Anual,Pix,Busca orgânica,24,49.9,0,2.8,20.1,5,7,0,0,0,0
CLI10209,Essencial,Mensal,Cartão,Busca orgânica,7,39.92,20,2.6,24.3,7,6,0,0,0,0
CLI10210,Essencial,Anual,Cartão,Mídia paga,59,49.9,0,2.6,44.0,10,5,1,1,1,0
CLI10211,Essencial,Mensal,Cartão,Busca orgânica,36,49.9,0,2.6,16.4,2,9,0,0,0,0
CLI10212,Essencial,Anual,Cartão,Busca orgânica,22,44.91,10,3.0,76.4,15,5,0,0,0,1
CLI10213,Essencial,Mensal,Pix,Indicação,84,44.91,10,1.1,21.9,8,6,2,0,0,0
CLI10214,Plus,Anual,Pix,Busca orgânica,5,79.9,0,1.9,18.5,7,6,0,0,1,0
CLI10215,Plus,Mensal,Cartão,Mídia paga,42,75.9,5,1.1,12.7,3,8,1,0,0,0
CLI10216,Plus,Anual,Cartão,Busca orgânica,23,75.9,5,1.0,45.1,10,6,1,0,1,0
CLI10217,Plus,Anual,Boleto,Indicação,18,79.9,0,4.2,71.5,6,3,3,1,0,0
CLI10218,Essencial,Mensal,Cartão,Mídia paga,17,44.91,10,0.4,24.8,4,10,0,0,0,0
CLI10219,Essencial,Mensal,Boleto,Parceiro,21,39.92,20,2.4,34.3,13,5,0,0,1,1
CLI10220,Plus,Mensal,Cartão,Indicação,19,79.9,0,8.5,15.4,6,5,2,1,0,0
CLI10221,Plus,Mensal,Boleto,Busca orgânica,33,79.9,0,2.5,0.4,6,9,1,1,0,0
CLI10222,Plus,Mensal,Cartão,Indicação,29,79.9,0,2.9,21.9,8,9,0,1,0,0
CLI10223,Plus,Mensal,Pix,Busca orgânica,56,67.92,15,5.8,17.2,4,6,0,0,0,0
CLI10224,Plus,Mensal,Cartão,Mídia paga,19,71.91,10,7.9,0.6,3,9,1,2,0,0
CLI10225,Plus,Mensal,Boleto,Busca orgânica,69,71.91,10,4.8,25.6,9,7,1,2,0,0
CLI10226,Plus,Mensal,Cartão,Busca orgânica,65,67.92,15,5.5,4.2,5,7,2,0,0,0
CLI10227,Plus,Mensal,Débito automático,Parceiro,16,79.9,0,4.7,40.1,7,7,2,0,1,1
CLI10228,Essencial,Anual,Cartão,Busca orgânica,13,42.42,15,3.3,63.4,14,5,1,0,0,0
CLI10229,Essencial,Mensal,Pix,Busca orgânica,42,42.42,15,7.4,33.5,11,8,1,0,1,0
CLI10230,Essencial,Anual,Débito automático,Parceiro,32,44.91,10,3.7,38.4,10,8,1,0,1,0
CLI10231,Plus,Anual,Pix,Busca orgânica,15,75.9,5,4.1,41.3,12,7,0,0,0,0
CLI10232,Plus,Mensal,Pix,Indicação,32,67.92,15,4.3,7.6,6,7,0,0,0,0
CLI10233,Essencial,Anual,Débito automático,Indicação,15,49.9,0,11.9,4.0,5,9,1,0,0,0
CLI10234,Essencial,Mensal,Pix,Parceiro,29,49.9,0,6.0,31.9,7,8,0,0,0,0
CLI10235,Plus,Mensal,Cartão,Parceiro,26,79.9,0,3.5,54.9,4,4,2,0,0,0
CLI10236,Essencial,Mensal,Cartão,Busca orgânica,17,49.9,0,0.6,30.8,16,6,1,1,0,1
CLI10237,Premium,Anual,Débito automático,Mídia paga,71,107.91,10,12.8,6.3,2,10,0,0,0,0
CLI10238,Essencial,Mensal,Cartão,Indicação,74,47.4,5,3.9,11.6,8,10,0,1,0,0
CLI10239,Essencial,Mensal,Pix,Indicação,20,47.4,5,10.8,51.5,6,8,0,0,0,0
CLI10240,Essencial,Mensal,Cartão,Parceiro,61,47.4,5,10.5,35.7,13,6,1,0,1,0
CLI10241,Essencial,Mensal,Boleto,Busca orgânica,14,49.9,0,2.8,41.1,9,4,1,2,0,0
CLI10242,Essencial,Mensal,Pix,Indicação,5,49.9,0,1.8,10.0,4,7,0,0,1,0
CLI10243,Essencial,Mensal,Cartão,Busca orgânica,22,49.9,0,2.8,39.9,12,4,0,0,0,0
CLI10244,Essencial,Mensal,Débito automático,Mídia paga,21,44.91,10,2.5,31.3,7,9,0,1,1,0
CLI10245,Essencial,Anual,Débito automático,Mídia paga,9,49.9,0,3.1,14.5,7,9,0,0,0,0
CLI10246,Plus,Mensal,Cartão,Mídia paga,15,79.9,0,9.9,15.6,6,8,0,0,0,0
CLI10247,Essencial,Mensal,Cartão,Mídia paga,62,47.4,5,2.4,23.8,6,8,1,0,1,0
CLI10248,Essencial,Mensal,Cartão,Mídia paga,27,47.4,5,2.7,9.7,5,7,0,1,1,1
CLI10249,Essencial,Anual,Cartão,Parceiro,65,44.91,10,1.6,9.5,5,7,1,1,0,0
CLI10250,Premium,Anual,Cartão,Mídia paga,33,113.9,5,7.5,19.0,2,7,0,0,0,0
CLI10251,Plus,Mensal,Cartão,Mídia paga,40,75.9,5,1.2,6.4,6,6,0,0,0,0
CLI10252,Premium,Anual,Cartão,Parceiro,34,107.91,10,1.9,7.0,6,8,0,1,0,0
CLI10253,Premium,Anual,Cartão,Busca orgânica,31,119.9,0,5.5,58.2,8,6,1,2,0,1
CLI10254,Essencial,Anual,Cartão,Busca orgânica,20,47.4,5,3.3,25.8,7,6,0,0,0,0
CLI10255,Plus,Anual,Cartão,Mídia paga,37,75.9,5,6.4,15.6,9,7,0,0,0,0
CLI10256,Essencial,Anual,Pix,Parceiro,38,49.9,0,3.7,24.9,8,7,0,0,0,0
CLI10257,Premium,Mensal,Cartão,Busca orgânica,46,95.92,20,10.8,32.0,5,6,3,0,1,0
CLI10258,Essencial,Mensal,Cartão,Mídia paga,52,42.42,15,7.4,64.6,14,7,1,0,1,0
CLI10259,Essencial,Mensal,Débito automático,Mídia paga,67,44.91,10,4.7,20.7,3,7,1,0,1,0
CLI10260,Premium,Mensal,Pix,Busca orgânica,32,107.91,10,12.2,67.5,13,4,2,0,0,1
CLI10261,Premium,Mensal,Boleto,Busca orgânica,35,101.92,15,19.2,11.7,12,7,0,0,0,0
CLI10262,Premium,Anual,Boleto,Indicação,30,119.9,0,18.7,11.8,6,7,2,0,0,0
CLI10263,Essencial,Anual,Pix,Indicação,65,47.4,5,1.4,73.0,9,5,2,0,0,0
CLI10264,Essencial,Anual,Débito automático,Busca orgânica,32,49.9,0,5.3,59.5,9,5,1,0,0,1
CLI10265,Essencial,Anual,Cartão,Busca orgânica,32,42.42,15,2.1,15.0,2,7,2,0,1,0
CLI10266,Essencial,Anual,Débito automático,Mídia paga,36,44.91,10,4.1,67.5,12,7,0,1,1,0
CLI10267,Plus,Anual,Pix,Indicação,36,75.9,5,2.0,16.8,6,6,0,0,0,0
CLI10268,Essencial,Mensal,Débito automático,Indicação,30,47.4,5,1.1,31.3,4,6,0,0,1,0
CLI10269,Plus,Mensal,Cartão,Mídia paga,17,75.9,5,8.6,18.8,7,6,0,1,0,0
CLI10270,Essencial,Mensal,Boleto,Indicação,17,49.9,0,2.0,19.6,3,10,1,0,0,0
CLI10271,Plus,Mensal,Cartão,Parceiro,9,75.9,5,6.2,18.6,5,8,0,1,0,0
CLI10272,Premium,Mensal,Débito automático,Busca orgânica,22,119.9,0,7.6,43.8,12,7,1,0,1,0
CLI10273,Plus,Mensal,Boleto,Mídia paga,9,79.9,0,4.4,16.1,13,8,1,0,0,0
CLI10274,Essencial,Mensal,Débito automático,Busca orgânica,4,49.9,0,4.7,10.2,5,9,1,0,0,0
CLI10275,Essencial,Mensal,Cartão,Parceiro,50,49.9,0,7.2,23.7,4,8,0,0,0,0
CLI10276,Essencial,Anual,Cartão,Busca orgânica,17,47.4,5,4.0,25.8,3,7,1,2,1,0
CLI10277,Plus,Mensal,Pix,Parceiro,2,79.9,0,3.0,65.0,14,4,2,0,0,1
CLI10278,Plus,Anual,Pix,Busca orgânica,53,79.9,0,4.3,23.3,4,7,0,1,0,0
CLI10279,Essencial,Mensal,Cartão,Mídia paga,12,47.4,5,3.5,21.5,4,7,0,1,0,0
CLI10280,Premium,Anual,Débito automático,Indicação,22,119.9,0,9.1,11.1,7,6,0,0,0,0
CLI10281,Plus,Anual,Boleto,Busca orgânica,49,79.9,0,5.3,4.8,2,5,1,5,0,1
CLI10282,Premium,Anual,Cartão,Busca orgânica,38,113.9,5,7.0,2.9,4,9,0,0,0,0
CLI10283,Essencial,Mensal,Cartão,Mídia paga,7,42.42,15,2.1,48.3,7,7,2,0,0,0
CLI10284,Premium,Mensal,Débito automático,Busca orgânica,10,119.9,0,6.7,16.5,9,10,0,0,0,0
CLI10285,Essencial,Mensal,Pix,Mídia paga,26,49.9,0,1.5,29.9,9,6,1,1,1,0
CLI10286,Essencial,Mensal,Boleto,Busca orgânica,11,44.91,10,5.1,4.0,4,7,0,0,0,0
CLI10287,Premium,Anual,Débito automático,Indicação,33,95.92,20,7.0,8.8,2,10,0,0,0,0
CLI10288,Premium,Mensal,Cartão,Mídia paga,28,95.92,20,12.4,43.6,9,6,1,1,1,1
CLI10289,Plus,Mensal,Pix,Busca orgânica,72,75.9,5,5.2,40.0,4,7,0,0,0,0
CLI10290,Essencial,Anual,Débito automático,Busca orgânica,27,49.9,0,2.8,16.1,9,9,0,0,0,0
CLI10291,Essencial,Mensal,Cartão,Parceiro,16,44.91,10,6.4,31.4,5,9,1,0,0,0
CLI10292,Plus,Anual,Cartão,Indicação,13,71.91,10,7.0,65.5,10,4,0,1,1,1
CLI10293,Premium,Mensal,Pix,Mídia paga,16,113.9,5,5.8,19.7,6,10,0,0,0,0
CLI10294,Essencial,Mensal,Cartão,Indicação,54,49.9,0,1.6,47.5,10,6,1,0,1,0
CLI10295,Essencial,Mensal,Boleto,Mídia paga,26,49.9,0,1.1,31.8,10,6,1,0,0,1
CLI10296,Plus,Mensal,Cartão,Mídia paga,22,75.9,5,2.9,8.7,7,8,1,1,0,1
CLI10297,Plus,Anual,Cartão,Mídia paga,31,79.9,0,0.9,35.9,9,6,0,1,0,1
CLI10298,Essencial,Anual,Boleto,Mídia paga,8,47.4,5,1.6,18.8,6,10,0,0,0,0
CLI10299,Plus,Mensal,Cartão,Indicação,32,67.92,15,10.4,41.9,8,6,1,1,0,0
CLI10300,Premium,Mensal,Cartão,Busca orgânica,22,113.9,5,7.7,33.5,12,4,2,1,0,0
CLI10301,Essencial,Anual,Cartão,Busca orgânica,21,49.9,0,4.3,6.4,2,7,0,0,1,0
CLI10302,Plus,Mensal,Boleto,Mídia paga,65,71.91,10,2.9,39.7,7,7,0,3,0,0
CLI10303,Plus,Mensal,Boleto,Busca orgânica,21,79.9,0,3.6,8.6,8,7,0,1,0,0
CLI10304,Plus,Mensal,Cartão,Busca orgânica,24,79.9,0,5.9,62.3,11,5,2,0,1,0
CLI10305,Premium,Anual,Débito automático,Busca orgânica,15,119.9,0,4.2,23.2,8,7,1,0,1,0
CLI10306,Plus,Mensal,Débito automático,Mídia paga,40,67.92,15,2.9,39.4,6,7,2,1,1,0
CLI10307,Plus,Mensal,Cartão,Busca orgânica,96,75.9,5,2.5,15.7,2,9,0,1,1,0
CLI10308,Essencial,Anual,Cartão,Parceiro,10,49.9,0,5.5,32.0,4,5,0,0,0,0
CLI10309,Plus,Anual,Débito automático,Parceiro,24,75.9,5,7.2,11.2,3,8,0,0,0,0
CLI10310,Essencial,Anual,Cartão,Busca orgânica,14,49.9,0,8.7,5.9,9,9,0,0,0,0
CLI10311,Essencial,Anual,Pix,Parceiro,50,49.9,0,1.1,22.8,7,5,1,0,0,0
CLI10312,Plus,Anual,Cartão,Mídia paga,51,67.92,15,3.0,12.6,6,8,1,0,1,0
CLI10313,Plus,Anual,Pix,Indicação,18,63.92,20,6.9,11.9,3,7,0,0,0,0
CLI10314,Premium,Anual,Cartão,Mídia paga,31,107.91,10,20.4,68.5,14,8,0,0,0,0
CLI10315,Plus,Mensal,Cartão,Busca orgânica,25,79.9,0,8.5,19.1,3,8,0,1,0,0
CLI10316,Premium,Mensal,Cartão,Mídia paga,19,119.9,0,1.8,70.4,12,5,1,0,1,0
CLI10317,Essencial,Anual,Boleto,Parceiro,44,49.9,0,8.7,18.3,8,6,2,1,0,0
CLI10318,Plus,Anual,Cartão,Mídia paga,17,79.9,0,9.0,31.2,4,6,0,0,1,0
CLI10319,Premium,Mensal,Cartão,Mídia paga,33,95.92,20,6.2,53.2,12,6,1,2,0,1
CLI10320,Essencial,Mensal,Cartão,Mídia paga,12,49.9,0,5.0,15.4,5,6,0,0,0,0
CLI10321,Plus,Anual,Cartão,Busca orgânica,92,71.91,10,11.1,11.5,6,9,0,0,0,0
CLI10322,Plus,Mensal,Débito automático,Busca orgânica,25,79.9,0,3.9,13.5,5,7,0,1,1,0
CLI10323,Essencial,Anual,Cartão,Mídia paga,18,44.91,10,5.2,28.3,6,8,0,0,0,0
CLI10324,Plus,Mensal,Pix,Mídia paga,18,67.92,15,14.4,23.4,2,7,0,0,0,0
CLI10325,Essencial,Mensal,Pix,Mídia paga,23,49.9,0,0.9,22.4,6,7,0,1,0,0
CLI10326,Essencial,Anual,Débito automático,Indicação,23,49.9,0,5.2,8.0,8,9,1,0,0,0
CLI10327,Essencial,Anual,Débito automático,Indicação,8,47.4,5,6.8,46.0,9,8,0,0,0,0
CLI10328,Essencial,Anual,Cartão,Busca orgânica,51,49.9,0,2.5,11.8,5,7,0,0,0,0
CLI10329,Essencial,Anual,Débito automático,Mídia paga,17,49.9,0,2.1,15.5,5,10,0,0,0,0
CLI10330,Premium,Mensal,Débito automático,Busca orgânica,79,101.92,15,2.2,39.2,8,5,0,0,0,0
CLI10331,Essencial,Anual,Boleto,Busca orgânica,32,47.4,5,1.9,35.8,4,7,0,1,0,1
CLI10332,Premium,Mensal,Boleto,Parceiro,16,113.9,5,1.6,53.6,11,3,4,2,0,1
CLI10333,Plus,Mensal,Débito automático,Mídia paga,39,71.91,10,1.8,52.9,8,8,0,1,0,0
CLI10334,Essencial,Mensal,Cartão,Busca orgânica,26,49.9,0,2.2,20.1,8,5,1,0,0,0
CLI10335,Essencial,Mensal,Cartão,Mídia paga,80,44.91,10,1.2,75.7,11,5,0,0,0,0
CLI10336,Premium,Mensal,Débito automático,Busca orgânica,32,119.9,0,6.0,53.8,11,4,1,0,1,0
CLI10337,Plus,Mensal,Boleto,Mídia paga,51,79.9,0,4.4,31.5,4,6,1,0,0,0
CLI10338,Premium,Mensal,Cartão,Busca orgânica,39,101.92,15,1.8,6.9,4,6,3,1,0,0
CLI10339,Essencial,Mensal,Pix,Busca orgânica,13,42.42,15,3.2,6.5,0,10,0,0,0,0
CLI10340,Plus,Mensal,Cartão,Mídia paga,78,79.9,0,6.2,25.6,8,8,0,0,0,0
CLI10341,Plus,Mensal,Cartão,Busca orgânica,9,75.9,5,9.2,27.8,9,8,0,0,1,0
CLI10342,Premium,Anual,Cartão,Mídia paga,24,107.91,10,14.3,45.8,14,8,1,0,1,0
CLI10343,Essencial,Mensal,Cartão,Busca orgânica,33,49.9,0,6.1,15.5,7,7,1,0,1,1
CLI10344,Premium,Anual,Débito automático,Indicação,4,119.9,0,8.0,0.2,4,10,1,0,0,0
CLI10345,Essencial,Mensal,Cartão,Parceiro,16,44.91,10,3.7,19.2,7,7,2,1,0,0
CLI10346,Premium,Anual,Pix,Busca orgânica,30,107.91,10,9.2,11.2,7,7,0,0,0,0
CLI10347,Plus,Anual,Pix,Busca orgânica,31,71.91,10,3.6,43.0,3,8,0,0,0,0
CLI10348,Plus,Anual,Débito automático,Busca orgânica,87,79.9,0,4.5,13.4,0,7,1,0,0,0
CLI10349,Essencial,Anual,Cartão,Busca orgânica,55,47.4,5,1.9,8.0,2,7,1,0,0,0
CLI10350,Premium,Anual,Cartão,Mídia paga,18,119.9,0,4.5,4.9,7,7,0,0,0,0
CLI10351,Essencial,Mensal,Débito automático,Busca orgânica,4,44.91,10,2.5,71.2,10,5,1,0,1,1
CLI10352,Plus,Mensal,Débito automático,Parceiro,7,75.9,5,1.1,12.5,4,8,0,1,0,0
CLI10353,Plus,Mensal,Cartão,Busca orgânica,25,75.9,5,7.9,25.0,7,8,0,0,0,0
CLI10354,Plus,Anual,Cartão,Busca orgânica,42,79.9,0,4.3,5.7,2,8,1,2,0,0
CLI10355,Plus,Anual,Boleto,Busca orgânica,15,75.9,5,7.2,18.2,3,9,2,2,0,0
CLI10356,Plus,Mensal,Cartão,Indicação,85,75.9,5,3.0,53.1,9,6,3,0,0,0
CLI10357,Plus,Anual,Cartão,Indicação,26,79.9,0,3.7,7.4,4,8,1,0,0,0
CLI10358,Plus,Mensal,Boleto,Indicação,22,79.9,0,4.4,18.7,9,7,2,0,1,0
CLI10359,Plus,Anual,Débito automático,Indicação,92,71.91,10,4.5,2.9,3,9,0,0,1,0
CLI10360,Plus,Mensal,Cartão,Mídia paga,81,79.9,0,3.0,41.2,10,8,0,0,0,0
CLI10361,Premium,Mensal,Débito automático,Mídia paga,52,113.9,5,9.4,18.4,6,9,0,0,0,0
CLI10362,Plus,Anual,Cartão,Busca orgânica,20,79.9,0,1.1,60.4,16,4,0,0,0,0
CLI10363,Essencial,Mensal,Débito automático,Busca orgânica,87,49.9,0,4.7,11.2,5,10,0,1,0,0
CLI10364,Plus,Anual,Pix,Mídia paga,57,79.9,0,1.0,56.0,10,5,1,0,0,0
CLI10365,Essencial,Anual,Pix,Indicação,25,49.9,0,5.5,6.3,2,5,1,0,1,0
CLI10366,Essencial,Mensal,Boleto,Busca orgânica,72,44.91,10,0.6,24.0,6,9,0,0,0,0
CLI10367,Plus,Mensal,Débito automático,Parceiro,19,71.91,10,3.3,1.4,7,8,0,1,0,0
CLI10368,Essencial,Mensal,Cartão,Indicação,9,49.9,0,3.5,49.9,16,5,1,0,0,0
CLI10369,Plus,Mensal,Débito automático,Indicação,21,79.9,0,3.7,14.3,4,7,1,0,0,0
CLI10370,Premium,Anual,Débito automático,Busca orgânica,8,119.9,0,1.0,8.6,5,10,0,0,0,0
CLI10371,Essencial,Mensal,Pix,Busca orgânica,27,42.42,15,1.1,21.2,2,7,0,0,0,0
CLI10372,Essencial,Mensal,Cartão,Mídia paga,26,49.9,0,4.2,14.5,7,6,1,0,0,0
CLI10373,Essencial,Mensal,Cartão,Busca orgânica,16,39.92,20,2.5,6.0,5,10,1,0,1,0
CLI10374,Essencial,Mensal,Boleto,Busca orgânica,56,47.4,5,4.6,44.7,13,6,3,1,1,0
CLI10375,Plus,Mensal,Cartão,Busca orgânica,32,63.92,20,5.1,2.2,11,8,3,0,1,0
CLI10376,Plus,Mensal,Pix,Mídia paga,18,79.9,0,3.3,34.8,10,7,0,0,0,0
CLI10377,Plus,Mensal,Pix,Busca orgânica,22,63.92,20,2.3,64.8,12,4,1,0,0,0
CLI10378,Essencial,Anual,Cartão,Busca orgânica,44,42.42,15,7.3,27.9,6,6,2,1,0,0
CLI10379,Plus,Mensal,Cartão,Indicação,54,79.9,0,5.1,23.9,7,10,0,0,0,0
CLI10380,Essencial,Mensal,Cartão,Indicação,30,39.92,20,2.8,15.2,3,10,0,2,0,0
CLI10381,Plus,Mensal,Cartão,Parceiro,14,79.9,0,11.6,42.7,7,4,1,1,0,1
CLI10382,Plus,Mensal,Boleto,Busca orgânica,23,79.9,0,8.1,37.2,6,7,1,2,0,0
CLI10383,Essencial,Mensal,Cartão,Indicação,41,49.9,0,8.6,29.6,4,6,0,2,0,0
CLI10384,Plus,Anual,Cartão,Parceiro,63,79.9,0,7.7,56.4,13,7,1,0,0,1
CLI10385,Plus,Anual,Pix,Parceiro,20,71.91,10,7.0,47.3,4,8,1,0,0,0
CLI10386,Essencial,Mensal,Boleto,Indicação,12,44.91,10,3.8,12.3,5,6,1,0,1,0
CLI10387,Plus,Mensal,Cartão,Busca orgânica,47,79.9,0,6.2,36.6,3,9,0,1,0,0
CLI10388,Plus,Mensal,Cartão,Parceiro,61,79.9,0,1.4,13.7,5,8,0,0,1,0
CLI10389,Essencial,Mensal,Débito automático,Indicação,29,49.9,0,1.3,41.7,11,5,0,0,0,0
CLI10390,Essencial,Anual,Pix,Busca orgânica,15,44.91,10,1.1,6.3,4,10,0,1,1,0
CLI10391,Plus,Mensal,Pix,Busca orgânica,21,79.9,0,5.3,13.6,2,7,0,0,1,0
CLI10392,Premium,Anual,Cartão,Mídia paga,30,113.9,5,7.1,6.3,5,8,0,0,0,0
CLI10393,Plus,Mensal,Débito automático,Busca orgânica,17,75.9,5,6.1,15.8,2,9,0,0,0,0
CLI10394,Plus,Mensal,Pix,Busca orgânica,10,71.91,10,6.8,29.3,7,6,1,0,1,1
CLI10395,Plus,Anual,Débito automático,Mídia paga,17,71.91,10,7.2,25.9,5,6,1,1,0,0
CLI10396,Essencial,Mensal,Boleto,Mídia paga,20,39.92,20,3.9,44.0,6,8,0,1,1,0
CLI10397,Essencial,Anual,Débito automático,Indicação,20,44.91,10,4.1,45.5,13,7,0,0,0,0
CLI10398,Essencial,Anual,Cartão,Indicação,3,49.9,0,2.3,60.2,14,2,4,0,1,1
CLI10399,Premium,Mensal,Débito automático,Mídia paga,96,101.92,15,2.1,12.1,8,10,2,0,0,0
CLI10400,Plus,Mensal,Pix,Busca orgânica,18,75.9,5,3.4,16.7,6,9,0,0,0,0
CLI10401,Premium,Mensal,Cartão,Mídia paga,11,119.9,0,14.2,20.9,3,8,0,1,0,0
CLI10402,Essencial,Mensal,Cartão,Indicação,22,47.4,5,1.2,2.8,7,7,1,1,1,0
CLI10403,Plus,Anual,Cartão,Mídia paga,58,79.9,0,3.2,11.8,8,10,0,0,1,0
CLI10404,Plus,Mensal,Boleto,Busca orgânica,56,79.9,0,7.4,71.6,14,6,0,2,0,0
CLI10405,Essencial,Mensal,Débito automático,Busca orgânica,50,49.9,0,1.0,8.7,3,9,0,0,0,0
CLI10406,Essencial,Anual,Débito automático,Indicação,74,49.9,0,5.9,29.4,12,7,1,1,1,1
CLI10407,Plus,Anual,Débito automático,Indicação,14,79.9,0,0.6,65.4,10,6,0,0,0,0
CLI10408,Plus,Anual,Pix,Mídia paga,10,71.91,10,3.7,35.0,10,7,1,0,0,0
CLI10409,Plus,Mensal,Débito automático,Mídia paga,41,75.9,5,6.1,11.9,3,9,0,1,0,0
CLI10410,Essencial,Mensal,Cartão,Mídia paga,20,47.4,5,6.5,61.3,9,6,0,1,0,0
CLI10411,Plus,Mensal,Cartão,Mídia paga,48,75.9,5,3.7,50.5,11,5,1,1,1,0
CLI10412,Essencial,Anual,Pix,Busca orgânica,54,49.9,0,5.2,27.2,9,5,1,0,1,0
CLI10413,Essencial,Anual,Débito automático,Mídia paga,33,44.91,10,3.6,77.2,8,7,1,0,1,0
CLI10414,Plus,Anual,Débito automático,Indicação,25,75.9,5,6.9,40.3,5,6,1,0,0,0
CLI10415,Essencial,Mensal,Boleto,Mídia paga,68,49.9,0,3.5,31.3,6,6,1,0,1,0
CLI10416,Premium,Anual,Débito automático,Busca orgânica,31,113.9,5,7.3,31.6,4,9,0,0,1,0
CLI10417,Plus,Anual,Cartão,Indicação,18,79.9,0,9.5,6.3,1,9,0,0,1,0
CLI10418,Essencial,Mensal,Cartão,Mídia paga,25,44.91,10,2.8,8.2,6,6,0,0,1,0
CLI10419,Essencial,Mensal,Cartão,Parceiro,29,49.9,0,4.2,37.9,14,7,0,0,0,0
CLI10420,Plus,Mensal,Débito automático,Busca orgânica,5,79.9,0,1.2,53.6,12,5,3,1,1,1
CLI10421,Essencial,Mensal,Pix,Mídia paga,79,49.9,0,4.3,21.4,5,7,1,0,0,0
CLI10422,Essencial,Mensal,Cartão,Busca orgânica,15,47.4,5,1.0,11.5,9,9,0,1,0,0
CLI10423,Essencial,Mensal,Pix,Busca orgânica,7,44.91,10,1.2,5.5,5,8,0,0,1,0
CLI10424,Essencial,Mensal,Débito automático,Busca orgânica,30,49.9,0,5.1,3.7,7,8,0,0,0,0
CLI10425,Plus,Anual,Cartão,Indicação,34,79.9,0,6.5,35.7,7,7,0,2,0,0
CLI10426,Plus,Anual,Pix,Indicação,16,75.9,5,2.1,22.3,8,7,1,0,0,0
CLI10427,Essencial,Anual,Cartão,Mídia paga,20,42.42,15,1.8,26.3,7,8,2,1,0,0
CLI10428,Plus,Anual,Pix,Busca orgânica,30,71.91,10,2.0,2.9,2,7,1,0,1,0
CLI10429,Essencial,Mensal,Débito automático,Busca orgânica,29,42.42,15,7.5,9.8,5,6,1,1,1,1
CLI10430,Plus,Anual,Cartão,Indicação,47,71.91,10,8.3,30.1,6,9,0,0,0,0
CLI10431,Essencial,Mensal,Débito automático,Indicação,31,47.4,5,1.4,43.7,7,5,1,0,1,0
CLI10432,Plus,Anual,Débito automático,Mídia paga,6,75.9,5,5.3,23.7,8,7,1,0,0,0
CLI10433,Essencial,Anual,Cartão,Mídia paga,24,47.4,5,2.4,4.9,3,7,0,0,0,0
CLI10434,Plus,Anual,Boleto,Busca orgânica,39,63.92,20,2.2,15.3,4,8,2,0,0,0
CLI10435,Essencial,Mensal,Débito automático,Mídia paga,17,44.91,10,2.2,56.2,15,5,2,0,0,0
CLI10436,Premium,Mensal,Pix,Mídia paga,24,113.9,5,6.1,51.0,10,6,0,0,1,0
CLI10437,Essencial,Mensal,Cartão,Indicação,45,44.91,10,1.0,34.3,3,5,0,0,1,0
CLI10438,Premium,Mensal,Cartão,Indicação,30,95.92,20,3.8,28.8,6,8,0,0,0,0
CLI10439,Premium,Mensal,Cartão,Busca orgânica,39,119.9,0,12.6,50.4,11,7,1,0,0,0
CLI10440,Essencial,Mensal,Cartão,Busca orgânica,33,39.92,20,5.7,39.7,6,7,1,1,0,0
CLI10441,Essencial,Mensal,Pix,Indicação,23,49.9,0,3.7,62.9,14,6,2,0,1,0
CLI10442,Essencial,Anual,Boleto,Busca orgânica,94,49.9,0,3.1,8.8,6,6,1,1,1,0
CLI10443,Premium,Anual,Cartão,Indicação,13,119.9,0,4.5,6.8,6,4,2,0,1,0
CLI10444,Plus,Anual,Débito automático,Busca orgânica,7,79.9,0,7.1,21.0,2,9,1,0,0,0
CLI10445,Plus,Mensal,Pix,Busca orgânica,27,75.9,5,1.7,32.4,8,6,1,0,0,0
CLI10446,Essencial,Mensal,Débito automático,Parceiro,23,49.9,0,3.1,41.2,8,7,0,0,0,0
CLI10447,Premium,Mensal,Débito automático,Mídia paga,27,119.9,0,0.9,14.2,5,8,0,0,0,0
CLI10448,Essencial,Anual,Cartão,Parceiro,51,49.9,0,2.1,6.6,4,6,1,0,0,0
CLI10449,Essencial,Mensal,Pix,Mídia paga,14,49.9,0,3.6,31.6,8,7,0,0,0,0
CLI10450,Essencial,Anual,Cartão,Parceiro,3,44.91,10,8.5,59.7,10,4,0,0,0,0
CLI10451,Plus,Mensal,Cartão,Indicação,96,79.9,0,5.6,29.0,10,6,1,0,0,0
CLI10452,Premium,Mensal,Pix,Busca orgânica,23,101.92,15,9.0,16.0,8,10,0,0,0,0
CLI10453,Plus,Mensal,Cartão,Mídia paga,38,79.9,0,10.2,57.5,10,8,0,0,0,0
CLI10454,Essencial,Mensal,Cartão,Busca orgânica,24,47.4,5,2.6,39.4,6,6,2,1,1,0
CLI10455,Essencial,Mensal,Cartão,Indicação,20,42.42,15,1.3,57.8,12,6,1,1,1,0
CLI10456,Plus,Anual,Cartão,Mídia paga,24,79.9,0,2.9,5.5,4,8,0,0,1,0
CLI10457,Plus,Mensal,Cartão,Parceiro,40,71.91,10,6.1,4.6,6,10,0,0,0,0
CLI10458,Essencial,Mensal,Cartão,Busca orgânica,50,47.4,5,2.3,40.3,8,6,1,0,0,0
CLI10459,Essencial,Mensal,Cartão,Busca orgânica,67,44.91,10,5.1,21.3,6,8,1,1,0,0
CLI10460,Plus,Anual,Débito automático,Indicação,43,63.92,20,5.4,33.2,8,10,1,0,0,0
CLI10461,Premium,Anual,Débito automático,Indicação,24,119.9,0,2.9,56.7,5,5,2,0,0,0
CLI10462,Plus,Anual,Boleto,Mídia paga,92,71.91,10,3.6,25.3,8,7,1,1,0,0
CLI10463,Essencial,Mensal,Boleto,Busca orgânica,39,44.91,10,6.3,21.8,5,8,0,0,1,0
CLI10464,Plus,Anual,Débito automático,Indicação,44,75.9,5,4.7,37.0,6,9,1,0,0,0
CLI10465,Essencial,Mensal,Débito automático,Mídia paga,67,49.9,0,6.6,16.4,6,8,0,0,0,0
CLI10466,Premium,Anual,Cartão,Busca orgânica,27,119.9,0,2.5,4.2,3,9,1,1,0,0
CLI10467,Essencial,Anual,Cartão,Mídia paga,64,47.4,5,17.3,13.0,1,7,0,2,0,0
CLI10468,Essencial,Mensal,Boleto,Mídia paga,7,44.91,10,3.1,11.4,6,8,1,1,1,0
CLI10469,Plus,Mensal,Boleto,Mídia paga,25,75.9,5,8.3,21.1,7,9,0,0,0,0
CLI10470,Essencial,Mensal,Pix,Parceiro,72,49.9,0,8.0,23.6,3,5,4,0,0,1
CLI10471,Essencial,Mensal,Pix,Parceiro,56,49.9,0,6.5,10.0,5,7,0,0,0,0
CLI10472,Plus,Mensal,Cartão,Indicação,35,79.9,0,4.2,25.9,7,8,1,1,0,0
CLI10473,Plus,Mensal,Cartão,Busca orgânica,11,79.9,0,7.5,23.8,7,8,0,2,0,0
CLI10474,Premium,Mensal,Pix,Parceiro,5,119.9,0,14.0,68.8,10,6,0,0,0,0
CLI10475,Essencial,Anual,Cartão,Mídia paga,26,44.91,10,5.3,22.7,4,7,0,1,1,0
CLI10476,Essencial,Mensal,Pix,Busca orgânica,24,47.4,5,1.5,6.6,4,8,0,0,0,0
CLI10477,Plus,Mensal,Débito automático,Mídia paga,49,71.91,10,7.1,45.5,11,8,0,0,0,0
CLI10478,Essencial,Mensal,Débito automático,Mídia paga,30,49.9,0,3.5,0.6,1,7,0,0,0,0
CLI10479,Essencial,Mensal,Débito automático,Busca orgânica,54,49.9,0,2.4,27.2,7,6,2,0,0,0
CLI10480,Premium,Mensal,Cartão,Busca orgânica,34,119.9,0,13.7,7.7,4,9,0,0,0,0
CLI10481,Premium,Anual,Cartão,Mídia paga,13,119.9,0,2.1,54.0,13,7,2,0,0,0
CLI10482,Essencial,Mensal,Pix,Mídia paga,37,42.42,15,5.4,22.1,3,9,0,0,0,0
CLI10483,Plus,Anual,Pix,Parceiro,29,63.92,20,4.4,6.5,6,7,1,0,0,0
CLI10484,Plus,Anual,Boleto,Mídia paga,26,79.9,0,9.2,10.2,4,9,0,0,0,0
CLI10485,Essencial,Mensal,Cartão,Indicação,30,39.92,20,2.4,26.3,5,7,1,2,0,0
CLI10486,Plus,Mensal,Cartão,Busca orgânica,35,79.9,0,7.7,13.3,7,5,1,2,0,0
CLI10487,Essencial,Mensal,Cartão,Busca orgânica,27,44.91,10,1.8,18.7,5,6,2,1,0,0
CLI10488,Essencial,Mensal,Pix,Busca orgânica,8,49.9,0,3.5,21.7,3,6,0,1,0,0
CLI10489,Premium,Anual,Cartão,Mídia paga,9,107.91,10,6.3,46.5,9,9,1,0,0,0
CLI10490,Plus,Anual,Cartão,Indicação,20,67.92,15,7.2,13.5,4,7,0,0,0,0
CLI10491,Essencial,Anual,Cartão,Busca orgânica,60,42.42,15,3.4,46.2,13,4,0,1,0,0
CLI10492,Essencial,Mensal,Cartão,Mídia paga,31,42.42,15,3.3,15.6,6,9,1,0,1,0
CLI10493,Premium,Anual,Débito automático,Mídia paga,27,119.9,0,3.9,68.4,12,5,1,0,1,1
CLI10494,Essencial,Mensal,Cartão,Busca orgânica,90,44.91,10,6.6,74.6,9,7,1,1,0,1
CLI10495,Premium,Anual,Débito automático,Indicação,34,119.9,0,12.9,59.3,5,4,1,1,1,1
CLI10496,Premium,Anual,Pix,Busca orgânica,27,119.9,0,15.9,61.8,7,6,1,0,0,1
CLI10497,Essencial,Mensal,Cartão,Mídia paga,22,49.9,0,3.4,48.3,8,7,0,0,1,0
CLI10498,Plus,Anual,Cartão,Mídia paga,19,79.9,0,2.5,16.3,6,5,2,2,0,0
CLI10499,Plus,Mensal,Cartão,Busca orgânica,6,75.9,5,3.3,25.0,8,8,0,1,0,0
CLI10500,Plus,Mensal,Cartão,Busca orgânica,27,71.91,10,8.7,4.2,3,8,1,0,1,0
CLI10501,Essencial,Mensal,Pix,Mídia paga,10,47.4,5,5.6,31.8,9,10,3,0,0,0
CLI10502,Essencial,Mensal,Boleto,Busca orgânica,15,42.42,15,0.6,44.6,7,8,1,0,0,0
CLI10503,Essencial,Mensal,Cartão,Mídia paga,10,49.9,0,0.7,28.5,5,7,0,1,0,0
CLI10504,Plus,Anual,Cartão,Indicação,86,67.92,15,1.7,2.4,4,9,0,0,0,0
CLI10505,Plus,Mensal,Débito automático,Busca orgânica,33,71.91,10,3.4,23.0,7,8,2,0,0,0
CLI10506,Plus,Anual,Pix,Busca orgânica,63,79.9,0,3.5,14.7,3,7,2,0,0,0
CLI10507,Plus,Mensal,Cartão,Mídia paga,47,71.91,10,4.9,15.9,5,7,1,0,1,1
CLI10508,Essencial,Anual,Pix,Busca orgânica,23,47.4,5,2.1,35.5,8,5,1,0,1,0
CLI10509,Essencial,Anual,Cartão,Busca orgânica,17,49.9,0,2.4,24.4,4,9,0,0,1,0
CLI10510,Plus,Anual,Cartão,Mídia paga,23,63.92,20,5.1,6.4,6,7,0,1,1,0
CLI10511,Plus,Mensal,Boleto,Indicação,13,79.9,0,5.6,21.2,6,6,1,1,0,0
CLI10512,Plus,Anual,Pix,Indicação,3,67.92,15,3.7,57.5,9,7,0,0,0,1
CLI10513,Essencial,Mensal,Cartão,Indicação,7,44.91,10,1.2,35.0,11,7,0,0,1,0
CLI10514,Essencial,Anual,Boleto,Busca orgânica,41,44.91,10,6.2,26.7,8,6,2,0,0,0
CLI10515,Premium,Mensal,Cartão,Busca orgânica,8,119.9,0,4.2,12.2,3,7,2,1,0,0
CLI10516,Essencial,Mensal,Cartão,Indicação,15,42.42,15,6.6,43.1,11,6,0,0,0,0
CLI10517,Essencial,Mensal,Boleto,Indicação,22,47.4,5,7.1,31.0,6,8,0,2,0,0
CLI10518,Plus,Mensal,Débito automático,Parceiro,10,67.92,15,7.2,6.2,3,8,0,0,0,0
CLI10519,Plus,Mensal,Débito automático,Busca orgânica,39,75.9,5,9.6,2.1,2,9,0,0,0,0
CLI10520,Premium,Mensal,Cartão,Mídia paga,53,107.91,10,7.1,37.9,8,4,0,1,1,0
CLI10521,Premium,Mensal,Cartão,Mídia paga,8,119.9,0,6.8,21.5,7,8,2,0,0,0
CLI10522,Plus,Anual,Boleto,Indicação,8,71.91,10,7.2,22.0,6,7,1,2,0,0
CLI10523,Essencial,Anual,Cartão,Busca orgânica,17,39.92,20,3.4,38.7,7,7,0,1,0,0
CLI10524,Plus,Mensal,Débito automático,Mídia paga,43,79.9,0,2.9,61.6,8,5,0,0,1,1
CLI10525,Premium,Anual,Débito automático,Indicação,43,119.9,0,7.3,44.4,12,6,1,1,0,0
CLI10526,Essencial,Mensal,Cartão,Indicação,7,44.91,10,2.9,34.8,14,6,2,0,1,0
CLI10527,Premium,Anual,Débito automático,Busca orgânica,35,113.9,5,14.1,33.5,7,7,2,1,1,0
CLI10528,Plus,Mensal,Boleto,Busca orgânica,23,79.9,0,3.4,18.9,6,9,0,0,0,0
CLI10529,Essencial,Mensal,Débito automático,Busca orgânica,57,39.92,20,0.3,43.3,13,6,0,0,1,0
CLI10530,Plus,Mensal,Cartão,Busca orgânica,12,79.9,0,10.0,24.7,3,8,0,0,0,0
CLI10531,Plus,Anual,Pix,Busca orgânica,10,67.92,15,1.4,20.2,7,7,1,1,0,0
CLI10532,Essencial,Anual,Cartão,Busca orgânica,45,49.9,0,1.1,8.9,2,7,1,0,0,0
CLI10533,Essencial,Anual,Cartão,Mídia paga,7,44.91,10,2.4,17.5,9,8,0,0,0,0
CLI10534,Plus,Mensal,Boleto,Indicação,29,79.9,0,2.0,11.9,3,8,0,1,0,0
CLI10535,Essencial,Anual,Boleto,Mídia paga,24,44.91,10,2.6,29.1,8,5,2,3,0,0
CLI10536,Essencial,Mensal,Cartão,Mídia paga,18,44.91,10,2.5,18.6,10,6,0,0,1,1
CLI10537,Plus,Anual,Débito automático,Busca orgânica,21,79.9,0,11.9,28.6,4,8,0,0,0,0
CLI10538,Plus,Mensal,Boleto,Busca orgânica,29,79.9,0,4.0,8.3,4,8,0,1,0,0
CLI10539,Plus,Anual,Pix,Busca orgânica,4,71.91,10,12.6,48.9,6,4,2,0,1,1
CLI10540,Premium,Anual,Cartão,Busca orgânica,13,119.9,0,1.3,30.5,6,6,3,0,1,0
CLI10541,Premium,Mensal,Cartão,Indicação,5,119.9,0,10.6,20.8,5,9,1,0,0,1
CLI10542,Plus,Anual,Pix,Mídia paga,2,79.9,0,3.5,23.1,5,6,1,1,0,0
CLI10543,Essencial,Mensal,Boleto,Mídia paga,6,47.4,5,5.7,1.3,8,9,0,1,0,0
CLI10544,Plus,Mensal,Cartão,Busca orgânica,24,79.9,0,9.2,47.8,5,6,0,0,1,0
CLI10545,Essencial,Mensal,Cartão,Parceiro,39,44.91,10,4.4,60.8,10,3,1,1,0,0
CLI10546,Premium,Anual,Débito automático,Parceiro,52,107.91,10,15.5,31.5,9,7,1,0,0,0
CLI10547,Plus,Mensal,Débito automático,Busca orgânica,50,79.9,0,4.6,5.0,4,8,0,0,0,0
CLI10548,Essencial,Mensal,Boleto,Mídia paga,29,47.4,5,6.7,20.8,8,7,0,0,1,0
CLI10549,Plus,Anual,Débito automático,Indicação,3,75.9,5,3.7,2.5,4,10,0,1,0,0
CLI10550,Plus,Mensal,Pix,Mídia paga,7,79.9,0,3.7,41.0,6,5,0,2,0,0
CLI10551,Premium,Anual,Boleto,Mídia paga,38,107.91,10,12.2,0.7,3,9,1,1,0,0
CLI10552,Essencial,Mensal,Pix,Busca orgânica,11,49.9,0,1.4,11.5,5,6,0,0,0,0
CLI10553,Premium,Mensal,Pix,Busca orgânica,51,107.91,10,7.6,7.6,3,6,0,0,1,0
CLI10554,Essencial,Anual,Cartão,Mídia paga,14,42.42,15,4.3,30.1,9,4,1,0,0,0
CLI10555,Plus,Mensal,Cartão,Busca orgânica,36,71.91,10,9.2,21.0,3,8,1,1,1,0
CLI10556,Premium,Mensal,Cartão,Mídia paga,35,119.9,0,4.5,57.0,13,5,2,3,0,0
CLI10557,Essencial,Mensal,Boleto,Parceiro,60,47.4,5,5.7,14.6,11,9,1,0,0,0
CLI10558,Essencial,Anual,Cartão,Busca orgânica,25,42.42,15,1.8,29.7,3,7,0,0,0,0
CLI10559,Plus,Mensal,Cartão,Indicação,25,71.91,10,7.2,2.0,8,8,1,1,0,0
CLI10560,Premium,Anual,Boleto,Mídia paga,27,113.9,5,5.3,0.6,3,6,0,1,0,0
CLI10561,Essencial,Anual,Débito automático,Mídia paga,50,47.4,5,2.4,16.8,5,9,0,0,0,0
CLI10562,Plus,Mensal,Débito automático,Busca orgânica,12,71.91,10,8.0,7.5,4,8,0,0,1,0
CLI10563,Plus,Mensal,Débito automático,Indicação,21,79.9,0,1.5,39.4,13,9,1,0,0,0
CLI10564,Essencial,Mensal,Cartão,Mídia paga,26,44.91,10,4.0,16.7,4,8,2,1,0,0
CLI10565,Plus,Mensal,Cartão,Indicação,7,75.9,5,1.3,12.3,6,7,0,1,1,0
CLI10566,Essencial,Mensal,Débito automático,Busca orgânica,19,49.9,0,2.8,56.1,6,10,0,0,0,0
CLI10567,Essencial,Mensal,Boleto,Busca orgânica,35,42.42,15,1.6,28.9,9,8,1,0,1,0
CLI10568,Premium,Mensal,Cartão,Mídia paga,9,113.9,5,5.2,37.3,6,7,0,1,0,0
CLI10569,Essencial,Anual,Cartão,Mídia paga,43,44.91,10,2.1,18.6,7,7,1,0,0,0
CLI10570,Premium,Mensal,Cartão,Mídia paga,27,113.9,5,4.7,1.8,1,7,0,2,1,0
CLI10571,Plus,Mensal,Pix,Mídia paga,55,67.92,15,2.2,51.6,7,10,0,1,0,0
CLI10572,Plus,Mensal,Cartão,Indicação,55,75.9,5,3.0,1.0,4,10,0,0,1,0
CLI10573,Essencial,Mensal,Cartão,Mídia paga,70,44.91,10,0.8,2.1,2,8,1,1,0,0
CLI10574,Essencial,Mensal,Cartão,Mídia paga,27,47.4,5,6.1,39.1,10,4,1,0,0,0
CLI10575,Plus,Anual,Pix,Mídia paga,39,71.91,10,2.2,40.4,12,3,2,0,1,1
CLI10576,Plus,Mensal,Pix,Mídia paga,29,71.91,10,7.0,52.2,13,6,1,0,1,0
CLI10577,Plus,Mensal,Cartão,Indicação,21,63.92,20,5.4,8.3,4,7,1,0,1,0
CLI10578,Essencial,Anual,Cartão,Busca orgânica,24,44.91,10,0.1,21.4,4,9,1,0,0,0
CLI10579,Essencial,Mensal,Cartão,Mídia paga,17,49.9,0,5.9,69.8,6,5,0,1,0,1
CLI10580,Essencial,Anual,Pix,Indicação,10,42.42,15,4.2,10.0,2,8,0,0,1,0
CLI10581,Plus,Mensal,Cartão,Indicação,26,71.91,10,5.9,6.4,3,8,1,0,0,0
CLI10582,Essencial,Anual,Boleto,Parceiro,31,44.91,10,2.9,17.0,4,7,1,0,0,0
CLI10583,Plus,Anual,Cartão,Parceiro,17,71.91,10,8.7,41.1,7,8,0,0,0,1
CLI10584,Plus,Anual,Débito automático,Busca orgânica,18,75.9,5,3.8,51.3,11,4,3,1,0,1
CLI10585,Essencial,Mensal,Cartão,Indicação,71,44.91,10,4.3,6.0,4,8,0,1,1,0
CLI10586,Plus,Mensal,Pix,Busca orgânica,20,63.92,20,6.1,22.0,5,9,0,0,0,0
CLI10587,Plus,Anual,Débito automático,Indicação,8,71.91,10,5.2,40.0,8,6,0,1,0,0
CLI10588,Premium,Mensal,Cartão,Indicação,25,107.91,10,2.3,25.3,7,7,0,1,1,0
CLI10589,Essencial,Mensal,Cartão,Indicação,24,44.91,10,4.0,34.2,4,6,2,0,0,1
CLI10590,Plus,Mensal,Cartão,Mídia paga,24,71.91,10,3.4,19.5,5,9,0,0,0,0
CLI10591,Essencial,Mensal,Pix,Busca orgânica,27,44.91,10,7.3,18.2,6,9,0,0,0,0
CLI10592,Plus,Mensal,Boleto,Indicação,19,63.92,20,8.5,19.3,11,6,1,0,0,0
CLI10593,Plus,Mensal,Pix,Mídia paga,14,71.91,10,8.3,15.5,4,7,1,0,1,0
CLI10594,Essencial,Anual,Débito automático,Indicação,4,49.9,0,2.6,58.3,6,6,0,0,0,0
CLI10595,Plus,Mensal,Cartão,Parceiro,10,79.9,0,14.2,10.0,4,9,0,0,0,0
CLI10596,Essencial,Mensal,Cartão,Busca orgânica,36,49.9,0,3.1,52.9,7,6,1,0,0,0
CLI10597,Essencial,Mensal,Débito automático,Indicação,70,44.91,10,2.1,27.4,4,7,0,1,0,0
CLI10598,Plus,Anual,Cartão,Busca orgânica,14,79.9,0,4.6,37.0,5,5,1,0,1,0
CLI10599,Essencial,Mensal,Cartão,Indicação,19,42.42,15,2.1,13.8,4,10,0,1,0,0
CLI10600,Premium,Anual,Cartão,Indicação,25,119.9,0,7.9,23.0,9,7,2,1,0,0
CLI10601,Plus,Anual,Cartão,Parceiro,85,67.92,15,4.3,8.7,6,9,0,0,0,0
CLI10602,Plus,Mensal,Boleto,Mídia paga,25,67.92,15,14.6,24.8,9,8,0,1,0,0
CLI10603,Premium,Mensal,Cartão,Parceiro,91,95.92,20,1.8,26.6,6,10,1,0,0,0
CLI10604,Plus,Mensal,Cartão,Mídia paga,4,79.9,0,8.6,16.3,10,6,0,0,1,0
CLI10605,Essencial,Mensal,Cartão,Indicação,5,47.4,5,9.1,28.6,9,5,0,1,1,0
CLI10606,Essencial,Mensal,Cartão,Parceiro,64,44.91,10,1.9,41.1,9,5,1,1,1,1
CLI10607,Essencial,Mensal,Cartão,Mídia paga,10,42.42,15,4.9,7.2,6,8,0,1,0,0
CLI10608,Premium,Anual,Cartão,Busca orgânica,21,113.9,5,4.7,37.5,8,6,3,0,0,1
CLI10609,Premium,Mensal,Cartão,Mídia paga,20,119.9,0,5.0,41.4,7,9,0,0,0,1
CLI10610,Plus,Mensal,Cartão,Mídia paga,6,79.9,0,12.3,46.5,9,7,0,0,0,0
CLI10611,Essencial,Mensal,Débito automático,Mídia paga,22,47.4,5,2.3,33.4,7,8,1,1,0,0
CLI10612,Essencial,Mensal,Pix,Mídia paga,96,44.91,10,4.4,2.1,6,7,1,0,0,0
CLI10613,Premium,Mensal,Débito automático,Parceiro,48,95.92,20,15.3,27.4,5,7,0,0,0,0
CLI10614,Essencial,Anual,Cartão,Mídia paga,7,47.4,5,7.1,43.5,9,6,0,0,0,0
CLI10615,Plus,Anual,Cartão,Parceiro,6,63.92,20,6.4,17.2,10,8,0,0,0,0
CLI10616,Essencial,Anual,Boleto,Mídia paga,37,44.91,10,4.5,10.6,4,8,0,1,0,0
CLI10617,Essencial,Mensal,Cartão,Busca orgânica,73,47.4,5,1.0,19.0,4,6,0,0,0,0
CLI10618,Plus,Mensal,Cartão,Mídia paga,89,79.9,0,7.5,4.8,5,8,0,0,0,0
CLI10619,Premium,Mensal,Cartão,Mídia paga,34,113.9,5,4.2,22.7,8,6,0,2,1,0
CLI10620,Plus,Mensal,Cartão,Indicação,7,75.9,5,4.4,14.8,6,7,2,0,0,0
CLI10621,Plus,Mensal,Pix,Mídia paga,34,79.9,0,9.4,19.6,5,5,2,0,0,0
CLI10622,Essencial,Mensal,Pix,Busca orgânica,10,42.42,15,3.0,1.6,9,8,0,0,0,0
CLI10623,Premium,Mensal,Cartão,Busca orgânica,31,119.9,0,13.3,40.7,6,7,0,2,1,1
CLI10624,Plus,Mensal,Pix,Mídia paga,43,63.92,20,2.3,78.3,12,6,1,0,0,0
CLI10625,Plus,Mensal,Cartão,Parceiro,14,79.9,0,1.6,37.7,13,8,1,2,0,0
CLI10626,Plus,Mensal,Cartão,Indicação,60,79.9,0,2.0,31.2,6,8,1,0,0,0
CLI10627,Essencial,Mensal,Débito automático,Mídia paga,22,44.91,10,0.4,16.2,6,9,0,0,0,0
CLI10628,Essencial,Mensal,Débito automático,Indicação,21,39.92,20,0.7,30.5,11,6,2,0,1,0
CLI10629,Premium,Mensal,Cartão,Mídia paga,14,119.9,0,12.5,16.6,3,9,1,1,1,0
CLI10630,Plus,Mensal,Cartão,Mídia paga,36,79.9,0,16.0,13.4,4,7,0,2,0,0
CLI10631,Essencial,Mensal,Débito automático,Parceiro,41,44.91,10,6.1,31.7,11,6,0,0,0,1
CLI10632,Essencial,Anual,Cartão,Busca orgânica,2,39.92,20,2.6,18.0,8,9,0,0,0,0
CLI10633,Premium,Mensal,Boleto,Mídia paga,63,113.9,5,4.4,29.5,4,8,0,0,1,0
CLI10634,Plus,Mensal,Débito automático,Mídia paga,20,71.91,10,9.3,30.8,6,10,0,0,0,0
CLI10635,Plus,Mensal,Cartão,Indicação,30,79.9,0,1.4,56.8,12,4,1,0,0,0
CLI10636,Essencial,Mensal,Débito automático,Busca orgânica,21,49.9,0,2.4,28.1,3,8,0,2,0,0
CLI10637,Premium,Mensal,Cartão,Mídia paga,33,119.9,0,23.2,5.2,2,10,0,0,0,0
CLI10638,Premium,Mensal,Cartão,Indicação,44,107.91,10,20.0,22.3,5,8,0,0,1,0
CLI10639,Plus,Mensal,Boleto,Mídia paga,25,67.92,15,2.9,51.9,4,6,0,2,0,1
CLI10640,Essencial,Anual,Débito automático,Busca orgânica,20,49.9,0,3.0,40.3,11,5,1,0,1,0
CLI10641,Plus,Anual,Pix,Busca orgânica,24,71.91,10,2.2,26.5,3,8,0,0,0,0
CLI10642,Premium,Mensal,Débito automático,Busca orgânica,34,107.91,10,6.7,3.6,3,6,0,0,0,0
CLI10643,Plus,Mensal,Cartão,Indicação,26,79.9,0,5.8,17.3,6,8,0,2,0,0
CLI10644,Premium,Anual,Débito automático,Busca orgânica,33,119.9,0,6.9,14.5,3,9,0,0,0,0
CLI10645,Plus,Mensal,Boleto,Mídia paga,29,67.92,15,10.2,10.6,7,7,2,2,0,0
CLI10646,Essencial,Anual,Débito automático,Mídia paga,25,49.9,0,1.4,42.4,6,6,1,0,1,1
CLI10647,Plus,Anual,Cartão,Busca orgânica,24,79.9,0,5.6,16.2,5,9,1,0,0,0
CLI10648,Plus,Mensal,Cartão,Mídia paga,24,79.9,0,3.6,26.3,6,5,1,1,0,0
CLI10649,Essencial,Mensal,Boleto,Indicação,20,44.91,10,3.8,27.2,4,5,1,0,0,0
CLI10650,Essencial,Mensal,Cartão,Indicação,15,47.4,5,0.8,15.2,7,7,1,1,0,0
CLI10651,Plus,Anual,Boleto,Busca orgânica,21,63.92,20,3.1,8.1,9,7,2,1,0,1
CLI10652,Essencial,Mensal,Cartão,Indicação,25,44.91,10,0.9,42.7,7,6,2,2,0,0
CLI10653,Plus,Anual,Cartão,Indicação,40,79.9,0,5.5,14.3,3,9,0,1,0,0
CLI10654,Essencial,Mensal,Cartão,Mídia paga,42,49.9,0,2.1,47.3,11,6,1,0,1,0
CLI10655,Essencial,Anual,Pix,Parceiro,67,42.42,15,0.7,40.8,8,6,1,0,1,0
CLI10656,Essencial,Anual,Cartão,Busca orgânica,32,44.91,10,3.2,27.8,11,8,0,0,1,0
CLI10657,Plus,Mensal,Cartão,Busca orgânica,3,71.91,10,4.9,30.4,9,3,0,1,1,0
CLI10658,Plus,Mensal,Boleto,Mídia paga,23,75.9,5,3.4,49.5,6,9,0,0,0,0
CLI10659,Essencial,Mensal,Cartão,Mídia paga,24,49.9,0,4.7,38.6,3,5,1,0,1,0
CLI10660,Plus,Anual,Pix,Busca orgânica,19,75.9,5,7.8,12.0,4,8,0,0,0,0
CLI10661,Essencial,Anual,Cartão,Mídia paga,3,49.9,0,7.3,58.6,6,6,1,0,0,0
CLI10662,Plus,Mensal,Pix,Parceiro,41,71.91,10,11.2,11.4,5,8,0,1,0,0
CLI10663,Premium,Anual,Pix,Indicação,29,101.92,15,11.2,9.8,7,7,1,0,0,0
CLI10664,Plus,Mensal,Débito automático,Indicação,19,67.92,15,7.7,13.3,1,7,0,0,0,0
CLI10665,Essencial,Mensal,Cartão,Mídia paga,10,49.9,0,4.8,18.4,10,6,0,0,0,1
CLI10666,Plus,Anual,Pix,Indicação,25,75.9,5,2.4,9.9,2,8,0,0,1,0
CLI10667,Essencial,Mensal,Cartão,Busca orgânica,96,44.91,10,5.0,9.0,3,9,1,1,1,0
CLI10668,Essencial,Anual,Pix,Mídia paga,29,47.4,5,1.3,8.1,2,5,2,0,0,0
CLI10669,Essencial,Mensal,Cartão,Mídia paga,26,44.91,10,5.8,28.6,7,6,0,0,0,0
CLI10670,Essencial,Mensal,Pix,Mídia paga,11,47.4,5,6.6,40.2,5,7,0,0,1,0
CLI10671,Essencial,Mensal,Cartão,Mídia paga,35,49.9,0,1.9,58.7,12,5,1,0,0,0
CLI10672,Plus,Mensal,Débito automático,Busca orgânica,17,79.9,0,4.4,38.5,8,7,0,1,0,0
CLI10673,Essencial,Mensal,Cartão,Mídia paga,36,44.91,10,3.4,2.4,6,5,3,2,1,0
CLI10674,Plus,Anual,Pix,Mídia paga,5,71.91,10,6.3,43.6,8,7,1,0,1,0
CLI10675,Premium,Mensal,Cartão,Mídia paga,12,119.9,0,10.5,32.0,3,7,0,0,0,0
CLI10676,Plus,Mensal,Débito automático,Busca orgânica,16,79.9,0,10.0,10.8,10,8,0,1,0,0
CLI10677,Plus,Mensal,Boleto,Mídia paga,21,79.9,0,5.4,31.5,14,6,0,0,0,1
CLI10678,Plus,Mensal,Cartão,Mídia paga,65,63.92,20,3.1,23.3,6,7,1,1,0,0
CLI10679,Essencial,Mensal,Cartão,Busca orgânica,54,49.9,0,3.6,44.6,15,4,2,1,0,0
CLI10680,Essencial,Anual,Pix,Busca orgânica,32,47.4,5,2.2,33.7,6,9,1,0,0,0
CLI10681,Plus,Anual,Cartão,Busca orgânica,11,71.91,10,3.1,35.5,4,6,0,1,1,1
CLI10682,Premium,Mensal,Cartão,Busca orgânica,11,119.9,0,5.7,36.5,8,6,0,2,1,1
CLI10683,Plus,Mensal,Cartão,Indicação,50,79.9,0,2.2,9.5,0,10,0,0,0,0
CLI10684,Premium,Mensal,Cartão,Indicação,20,101.92,15,9.0,6.7,4,10,1,0,1,0
CLI10685,Plus,Mensal,Débito automático,Indicação,15,71.91,10,7.6,56.3,9,6,3,0,1,0
CLI10686,Plus,Anual,Cartão,Indicação,18,75.9,5,16.3,54.7,13,5,1,0,0,0
CLI10687,Premium,Mensal,Pix,Mídia paga,23,107.91,10,5.5,61.3,6,6,0,0,0,0
CLI10688,Premium,Anual,Cartão,Mídia paga,30,107.91,10,2.9,36.8,10,8,0,1,0,0
CLI10689,Plus,Mensal,Cartão,Mídia paga,22,79.9,0,10.0,15.2,2,7,3,0,0,0
CLI10690,Premium,Anual,Pix,Mídia paga,4,95.92,20,7.3,4.5,2,5,0,1,0,1
CLI10691,Premium,Anual,Débito automático,Busca orgânica,27,119.9,0,0.5,36.1,8,7,3,0,0,0
CLI10692,Plus,Anual,Débito automático,Mídia paga,32,75.9,5,3.7,13.9,2,7,0,0,1,0
CLI10693,Essencial,Anual,Cartão,Mídia paga,31,49.9,0,2.8,18.8,2,9,0,0,0,0
CLI10694,Essencial,Mensal,Cartão,Mídia paga,22,47.4,5,2.2,35.4,13,6,0,1,0,0
CLI10695,Plus,Anual,Cartão,Mídia paga,10,71.91,10,9.1,28.4,5,8,1,1,0,0
CLI10696,Essencial,Mensal,Pix,Indicação,7,47.4,5,2.0,15.4,4,10,2,0,0,0
CLI10697,Plus,Mensal,Débito automático,Mídia paga,18,71.91,10,14.1,24.2,11,7,0,0,0,0
CLI10698,Plus,Mensal,Débito automático,Mídia paga,41,79.9,0,7.1,49.1,9,4,1,1,0,0
CLI10699,Premium,Mensal,Débito automático,Indicação,15,107.91,10,6.3,9.6,6,7,3,0,0,0
CLI10700,Premium,Anual,Cartão,Busca orgânica,96,119.9,0,1.2,6.1,5,7,1,1,1,0
CLI10701,Plus,Mensal,Boleto,Busca orgânica,46,63.92,20,5.4,26.1,5,7,1,0,0,0
CLI10702,Essencial,Mensal,Boleto,Busca orgânica,19,44.91,10,4.5,2.2,6,8,0,0,1,0
CLI10703,Essencial,Mensal,Cartão,Parceiro,18,49.9,0,1.8,7.5,5,10,0,0,0,0
CLI10704,Plus,Mensal,Cartão,Mídia paga,21,79.9,0,3.4,12.1,5,7,0,0,0,0
CLI10705,Essencial,Anual,Débito automático,Indicação,25,49.9,0,4.9,14.4,6,8,0,0,0,0
CLI10706,Plus,Anual,Pix,Busca orgânica,9,79.9,0,6.2,20.9,13,7,1,0,0,0
CLI10707,Premium,Mensal,Cartão,Mídia paga,16,107.91,10,4.4,12.6,8,8,0,0,0,0
CLI10708,Plus,Mensal,Cartão,Mídia paga,64,79.9,0,4.5,46.2,10,6,0,2,0,1
CLI10709,Plus,Mensal,Pix,Busca orgânica,35,79.9,0,2.0,57.5,10,7,1,0,0,0
CLI10710,Plus,Mensal,Débito automático,Indicação,20,75.9,5,3.3,7.1,6,10,0,0,0,0
CLI10711,Premium,Mensal,Débito automático,Parceiro,32,119.9,0,5.4,24.5,6,9,0,0,0,0
CLI10712,Essencial,Anual,Boleto,Busca orgânica,21,49.9,0,2.3,42.2,7,8,3,0,0,0
CLI10713,Plus,Mensal,Cartão,Indicação,44,71.91,10,2.1,14.0,8,9,1,0,0,0
CLI10714,Essencial,Mensal,Débito automático,Indicação,79,42.42,15,8.8,48.5,9,7,2,1,0,0
CLI10715,Plus,Anual,Cartão,Mídia paga,25,75.9,5,1.7,15.8,7,7,2,1,0,0
CLI10716,Essencial,Mensal,Pix,Mídia paga,9,44.91,10,3.6,16.6,4,8,0,0,0,0
CLI10717,Plus,Anual,Boleto,Busca orgânica,11,67.92,15,10.7,12.6,4,10,2,0,1,0
CLI10718,Plus,Mensal,Débito automático,Busca orgânica,50,79.9,0,2.8,54.3,11,6,1,0,1,0
CLI10719,Essencial,Mensal,Débito automático,Parceiro,77,44.91,10,0.5,42.5,13,7,0,0,1,0
CLI10720,Plus,Mensal,Cartão,Busca orgânica,15,67.92,15,4.9,15.2,5,8,1,1,0,0
CLI10721,Essencial,Mensal,Cartão,Busca orgânica,15,44.91,10,2.2,27.4,6,6,0,0,1,0
CLI10722,Essencial,Anual,Débito automático,Busca orgânica,35,47.4,5,2.2,14.8,6,6,0,0,0,0
CLI10723,Essencial,Mensal,Cartão,Indicação,9,47.4,5,5.1,24.6,6,7,0,0,1,0
CLI10724,Essencial,Mensal,Cartão,Parceiro,35,49.9,0,5.1,12.1,6,7,1,0,0,0
CLI10725,Premium,Anual,Débito automático,Indicação,39,107.91,10,5.2,18.6,5,7,0,1,0,0
CLI10726,Premium,Mensal,Cartão,Indicação,14,107.91,10,4.5,41.2,12,8,1,0,0,0
CLI10727,Plus,Mensal,Cartão,Indicação,5,71.91,10,5.3,78.5,7,7,0,0,0,0
CLI10728,Plus,Anual,Cartão,Indicação,13,67.92,15,2.8,6.9,4,7,0,0,0,0
CLI10729,Plus,Mensal,Cartão,Busca orgânica,41,79.9,0,4.0,22.3,6,9,0,0,0,0
CLI10730,Premium,Anual,Cartão,Parceiro,33,113.9,5,6.1,25.6,4,6,1,2,1,1
CLI10731,Plus,Mensal,Cartão,Indicação,23,79.9,0,12.7,28.6,7,7,0,1,1,0
CLI10732,Essencial,Anual,Pix,Indicação,51,44.91,10,2.0,15.0,7,8,0,0,0,0
CLI10733,Plus,Mensal,Cartão,Busca orgânica,31,79.9,0,3.9,24.1,5,8,0,0,0,0
CLI10734,Premium,Mensal,Pix,Parceiro,29,119.9,0,10.3,11.8,6,9,1,0,0,0
CLI10735,Essencial,Anual,Débito automático,Parceiro,7,49.9,0,5.4,11.6,6,9,0,1,1,0
CLI10736,Plus,Mensal,Pix,Parceiro,33,75.9,5,3.8,11.9,5,6,0,0,0,0
CLI10737,Essencial,Mensal,Pix,Indicação,41,42.42,15,0.4,46.0,10,7,2,0,0,0
CLI10738,Essencial,Mensal,Pix,Mídia paga,75,49.9,0,6.0,12.2,7,7,1,0,0,0
CLI10739,Plus,Mensal,Pix,Mídia paga,16,67.92,15,9.0,11.4,6,9,0,0,0,0
CLI10740,Essencial,Mensal,Cartão,Indicação,23,44.91,10,3.8,22.6,3,7,0,0,1,0
CLI10741,Premium,Mensal,Boleto,Mídia paga,57,101.92,15,1.6,48.2,14,6,0,1,0,0
CLI10742,Plus,Mensal,Cartão,Mídia paga,38,71.91,10,3.4,7.1,3,8,0,1,1,0
CLI10743,Essencial,Anual,Pix,Mídia paga,36,47.4,5,1.6,9.8,6,8,1,0,0,0
CLI10744,Plus,Anual,Pix,Indicação,11,75.9,5,2.8,37.7,5,7,1,0,0,0
CLI10745,Plus,Anual,Débito automático,Busca orgânica,23,79.9,0,4.3,13.4,7,8,2,0,0,0
CLI10746,Plus,Mensal,Pix,Mídia paga,40,75.9,5,12.6,15.7,7,7,0,0,1,0
CLI10747,Plus,Mensal,Cartão,Indicação,13,75.9,5,3.2,28.3,7,7,0,0,0,0
CLI10748,Premium,Mensal,Cartão,Indicação,27,107.91,10,12.7,20.5,12,7,1,0,0,1
CLI10749,Essencial,Mensal,Débito automático,Mídia paga,22,47.4,5,6.0,65.5,17,7,1,0,0,0
CLI10750,Essencial,Mensal,Cartão,Indicação,37,49.9,0,1.1,18.9,6,7,0,1,0,0
CLI10751,Essencial,Anual,Boleto,Indicação,31,49.9,0,0.7,28.7,9,6,3,1,0,0
CLI10752,Essencial,Anual,Débito automático,Indicação,4,44.91,10,2.3,27.5,8,7,1,1,0,1
CLI10753,Plus,Mensal,Cartão,Indicação,22,75.9,5,6.8,36.8,7,7,1,0,0,0
CLI10754,Essencial,Mensal,Cartão,Busca orgânica,69,49.9,0,5.9,47.0,10,8,0,0,1,0
CLI10755,Plus,Mensal,Boleto,Mídia paga,47,71.91,10,9.7,18.9,3,7,1,0,0,1
CLI10756,Plus,Mensal,Cartão,Mídia paga,21,75.9,5,5.1,3.7,3,7,0,2,0,0
CLI10757,Premium,Mensal,Cartão,Indicação,43,119.9,0,12.0,11.1,4,6,1,0,0,0
CLI10758,Plus,Anual,Cartão,Mídia paga,19,79.9,0,1.6,27.7,1,5,1,0,1,0
CLI10759,Premium,Mensal,Cartão,Indicação,37,119.9,0,2.6,11.2,5,7,1,0,1,0
CLI10760,Premium,Mensal,Pix,Indicação,15,119.9,0,5.6,27.1,7,6,1,0,1,1
CLI10761,Essencial,Anual,Débito automático,Mídia paga,81,44.91,10,4.1,10.8,9,5,1,0,1,0
CLI10762,Plus,Anual,Débito automático,Parceiro,22,71.91,10,3.7,15.5,3,5,2,0,1,0
CLI10763,Essencial,Anual,Cartão,Busca orgânica,27,39.92,20,2.3,0.3,2,5,2,0,1,0
CLI10764,Premium,Mensal,Pix,Mídia paga,51,119.9,0,5.8,35.0,5,6,0,1,1,0
CLI10765,Plus,Mensal,Cartão,Busca orgânica,26,79.9,0,5.0,18.6,3,8,0,0,1,0
CLI10766,Essencial,Anual,Pix,Mídia paga,29,44.91,10,8.8,20.8,5,7,0,1,1,0
CLI10767,Essencial,Anual,Cartão,Mídia paga,29,47.4,5,1.1,42.0,11,7,2,0,0,1
CLI10768,Essencial,Anual,Boleto,Busca orgânica,33,47.4,5,2.0,78.9,12,3,3,3,0,1
CLI10769,Plus,Mensal,Débito automático,Mídia paga,11,79.9,0,3.4,10.3,6,7,2,1,0,1
CLI10770,Plus,Anual,Débito automático,Mídia paga,35,79.9,0,10.9,7.7,5,5,1,0,1,0
CLI10771,Essencial,Mensal,Pix,Parceiro,18,44.91,10,8.8,6.9,3,8,0,0,0,0
CLI10772,Essencial,Mensal,Pix,Busca orgânica,16,44.91,10,7.4,5.8,7,9,1,0,0,1
CLI10773,Essencial,Mensal,Cartão,Parceiro,21,49.9,0,2.5,37.1,9,7,0,0,1,0
CLI10774,Plus,Mensal,Débito automático,Mídia paga,9,67.92,15,3.4,49.6,7,8,0,0,0,0
CLI10775,Essencial,Mensal,Boleto,Busca orgânica,21,44.91,10,3.8,16.2,6,7,1,2,1,0
CLI10776,Essencial,Mensal,Boleto,Busca orgânica,10,49.9,0,9.4,73.9,7,3,2,1,1,1
CLI10777,Premium,Anual,Pix,Parceiro,3,113.9,5,8.6,60.0,9,6,1,0,0,0
CLI10778,Plus,Mensal,Débito automático,Mídia paga,43,79.9,0,5.6,10.6,5,6,2,0,1,0
CLI10779,Plus,Mensal,Cartão,Busca orgânica,21,67.92,15,4.1,2.3,4,7,0,0,0,0
CLI10780,Plus,Anual,Cartão,Indicação,30,79.9,0,6.0,5.3,3,9,1,0,0,0
CLI10781,Plus,Mensal,Débito automático,Busca orgânica,38,67.92,15,1.0,50.1,7,8,0,0,1,0
CLI10782,Plus,Mensal,Boleto,Indicação,59,71.91,10,7.8,6.8,3,6,0,2,1,0
CLI10783,Essencial,Anual,Débito automático,Indicação,21,49.9,0,3.3,15.3,5,7,0,0,1,0
CLI10784,Essencial,Mensal,Débito automático,Mídia paga,26,42.42,15,5.6,15.1,9,10,1,0,0,0
CLI10785,Premium,Mensal,Cartão,Busca orgânica,36,101.92,15,7.1,38.1,8,6,2,0,1,0
CLI10786,Premium,Mensal,Débito automático,Indicação,6,107.91,10,16.1,15.1,4,7,0,0,0,0
CLI10787,Plus,Mensal,Pix,Busca orgânica,19,75.9,5,2.4,29.1,6,8,0,0,0,0
CLI10788,Essencial,Mensal,Pix,Indicação,25,44.91,10,1.1,15.3,3,9,1,1,1,0
CLI10789,Essencial,Anual,Cartão,Mídia paga,16,44.91,10,2.0,15.5,6,8,0,1,1,0
CLI10790,Essencial,Mensal,Pix,Busca orgânica,16,49.9,0,2.1,12.0,8,9,1,0,0,0
CLI10791,Premium,Mensal,Cartão,Parceiro,14,113.9,5,11.3,16.4,9,6,3,0,0,0
CLI10792,Plus,Anual,Débito automático,Mídia paga,96,63.92,20,8.0,30.3,8,7,2,0,0,0
CLI10793,Plus,Mensal,Boleto,Mídia paga,25,71.91,10,12.7,34.5,3,7,0,2,0,0
CLI10794,Premium,Mensal,Débito automático,Busca orgânica,13,119.9,0,2.6,20.0,6,9,0,0,1,0
CLI10795,Essencial,Mensal,Cartão,Mídia paga,21,42.42,15,3.9,20.2,8,8,0,1,1,0
CLI10796,Plus,Mensal,Cartão,Mídia paga,12,79.9,0,7.4,20.3,6,9,2,0,0,0
CLI10797,Essencial,Anual,Pix,Parceiro,26,44.91,10,0.7,67.2,13,6,1,0,0,0
CLI10798,Essencial,Anual,Débito automático,Mídia paga,30,49.9,0,1.6,10.9,5,7,0,1,0,0
CLI10799,Premium,Mensal,Cartão,Parceiro,59,119.9,0,6.3,17.1,4,7,1,0,1,0
CLI10800,Premium,Mensal,Pix,Mídia paga,8,113.9,5,1.8,20.4,4,7,0,0,0,0
CLI10801,Essencial,Mensal,Débito automático,Parceiro,47,49.9,0,6.4,20.1,7,9,0,0,0,0
CLI10802,Essencial,Anual,Cartão,Mídia paga,26,39.92,20,7.9,34.4,5,6,1,0,0,0
CLI10803,Plus,Mensal,Débito automático,Indicação,41,63.92,20,11.5,50.7,10,8,1,0,0,1
CLI10804,Essencial,Anual,Débito automático,Mídia paga,48,49.9,0,2.8,45.5,6,5,1,0,0,0
CLI10805,Plus,Mensal,Débito automático,Parceiro,55,63.92,20,0.6,23.3,8,7,0,0,0,0
CLI10806,Plus,Mensal,Boleto,Parceiro,10,63.92,20,2.1,7.6,8,6,1,1,0,0
CLI10807,Essencial,Anual,Débito automático,Parceiro,38,49.9,0,2.3,23.8,5,7,1,0,0,0
CLI10808,Essencial,Anual,Pix,Busca orgânica,13,49.9,0,1.3,3.6,6,9,0,0,0,0
CLI10809,Essencial,Mensal,Pix,Mídia paga,13,47.4,5,5.2,20.2,7,7,1,0,1,0
CLI10810,Premium,Mensal,Cartão,Busca orgânica,33,119.9,0,1.1,23.7,3,5,0,1,0,0
CLI10811,Essencial,Anual,Cartão,Mídia paga,35,47.4,5,2.0,23.9,7,7,2,0,1,0
CLI10812,Plus,Anual,Pix,Busca orgânica,40,75.9,5,2.8,15.7,2,8,0,0,0,0
CLI10813,Essencial,Mensal,Cartão,Busca orgânica,18,44.91,10,8.0,55.9,11,4,3,0,0,1
CLI10814,Plus,Anual,Cartão,Busca orgânica,31,71.91,10,2.9,24.8,6,7,0,0,0,0
CLI10815,Essencial,Anual,Débito automático,Busca orgânica,33,47.4,5,3.3,50.1,12,9,1,0,0,0
CLI10816,Essencial,Mensal,Cartão,Busca orgânica,22,47.4,5,3.3,40.1,8,7,0,0,0,0
CLI10817,Plus,Mensal,Cartão,Mídia paga,52,63.92,20,4.9,37.7,5,6,1,1,0,0
CLI10818,Plus,Mensal,Débito automático,Indicação,5,79.9,0,8.2,11.8,4,8,0,1,1,0
CLI10819,Essencial,Anual,Cartão,Mídia paga,12,49.9,0,2.9,43.0,13,8,2,0,0,0
CLI10820,Essencial,Mensal,Pix,Indicação,51,49.9,0,5.2,16.1,6,6,0,1,1,0
CLI10821,Premium,Mensal,Cartão,Indicação,33,107.91,10,3.6,16.4,4,5,0,1,0,0
CLI10822,Essencial,Anual,Débito automático,Indicação,93,49.9,0,3.5,19.4,8,9,1,1,1,0
CLI10823,Essencial,Mensal,Pix,Indicação,39,44.91,10,1.9,20.7,10,8,0,0,0,0
CLI10824,Essencial,Anual,Pix,Mídia paga,15,49.9,0,2.1,32.7,3,6,0,1,1,0
CLI10825,Essencial,Mensal,Cartão,Mídia paga,48,47.4,5,2.4,24.0,8,9,1,0,0,0
CLI10826,Plus,Anual,Débito automático,Mídia paga,54,71.91,10,8.3,26.2,7,9,0,0,0,0
CLI10827,Plus,Mensal,Cartão,Mídia paga,32,79.9,0,1.1,26.8,3,5,1,0,1,0
CLI10828,Plus,Mensal,Pix,Mídia paga,11,71.91,10,1.2,78.3,11,6,0,0,0,0
CLI10829,Plus,Mensal,Cartão,Mídia paga,31,75.9,5,4.4,20.2,6,6,0,0,0,0
CLI10830,Essencial,Mensal,Cartão,Busca orgânica,19,44.91,10,6.0,47.0,11,7,0,0,1,0
CLI10831,Plus,Anual,Cartão,Indicação,16,67.92,15,6.0,40.8,9,4,2,1,0,0
CLI10832,Essencial,Anual,Cartão,Mídia paga,29,49.9,0,8.5,7.9,5,10,0,2,1,0
CLI10833,Essencial,Mensal,Cartão,Busca orgânica,6,49.9,0,3.1,8.2,4,8,0,0,0,0
CLI10834,Plus,Mensal,Cartão,Parceiro,23,79.9,0,0.7,8.3,11,7,2,0,0,0
CLI10835,Essencial,Anual,Débito automático,Parceiro,16,39.92,20,4.8,20.7,7,8,1,0,0,0
CLI10836,Essencial,Mensal,Pix,Busca orgânica,11,44.91,10,10.5,19.4,6,8,0,0,0,0
CLI10837,Essencial,Anual,Pix,Parceiro,20,39.92,20,2.5,14.6,6,7,1,0,1,0
CLI10838,Plus,Mensal,Cartão,Indicação,18,63.92,20,7.7,51.4,9,6,1,1,1,0
CLI10839,Essencial,Mensal,Cartão,Mídia paga,48,42.42,15,4.3,24.4,1,5,0,0,1,0
CLI10840,Plus,Mensal,Boleto,Mídia paga,25,79.9,0,5.2,7.7,4,7,1,0,1,0
CLI10841,Plus,Mensal,Cartão,Mídia paga,34,75.9,5,4.7,19.4,5,9,0,0,0,0
CLI10842,Plus,Anual,Débito automático,Busca orgânica,58,79.9,0,5.4,20.0,6,5,1,1,0,1
CLI10843,Essencial,Anual,Débito automático,Busca orgânica,16,47.4,5,11.5,20.3,8,8,3,1,0,0
CLI10844,Plus,Anual,Cartão,Indicação,26,75.9,5,1.0,60.9,4,4,1,0,1,1
CLI10845,Essencial,Anual,Débito automático,Busca orgânica,37,42.42,15,3.2,14.1,5,9,0,0,0,0
CLI10846,Premium,Anual,Débito automático,Busca orgânica,28,107.91,10,2.0,25.5,9,8,0,0,0,0
CLI10847,Plus,Anual,Débito automático,Busca orgânica,23,71.91,10,6.6,7.9,11,7,0,0,0,0
CLI10848,Essencial,Anual,Pix,Mídia paga,21,44.91,10,1.6,24.9,7,7,1,0,0,0
CLI10849,Plus,Anual,Cartão,Busca orgânica,32,75.9,5,3.2,1.9,1,7,1,0,0,0
CLI10850,Plus,Mensal,Pix,Indicação,14,79.9,0,1.6,6.6,4,7,0,0,0,0
CLI10851,Essencial,Mensal,Cartão,Indicação,13,42.42,15,5.4,7.3,5,10,0,0,0,0
CLI10852,Essencial,Mensal,Cartão,Parceiro,65,49.9,0,4.8,49.7,8,8,1,1,0,0
CLI10853,Plus,Mensal,Pix,Mídia paga,5,75.9,5,3.9,40.0,3,8,1,0,1,0
CLI10854,Plus,Mensal,Cartão,Busca orgânica,14,79.9,0,4.9,8.7,7,8,0,0,1,0
CLI10855,Premium,Mensal,Débito automático,Busca orgânica,39,107.91,10,0.6,49.7,9,7,0,0,0,0
CLI10856,Essencial,Mensal,Boleto,Indicação,49,47.4,5,4.0,14.5,2,6,2,1,0,0
CLI10857,Plus,Mensal,Cartão,Busca orgânica,9,67.92,15,4.1,37.4,9,10,1,0,1,0
CLI10858,Plus,Anual,Cartão,Mídia paga,52,79.9,0,2.2,29.3,2,9,0,1,0,0
CLI10859,Plus,Anual,Pix,Indicação,96,79.9,0,10.7,7.6,4,8,1,0,0,0
CLI10860,Plus,Mensal,Cartão,Indicação,60,79.9,0,3.5,35.7,15,6,0,0,1,0
CLI10861,Essencial,Anual,Cartão,Mídia paga,24,47.4,5,0.4,35.1,7,7,1,0,0,0
CLI10862,Plus,Anual,Boleto,Mídia paga,24,71.91,10,13.7,20.8,7,10,0,1,0,0
CLI10863,Essencial,Anual,Cartão,Busca orgânica,30,44.91,10,2.8,5.5,9,7,0,0,0,0
CLI10864,Essencial,Mensal,Cartão,Mídia paga,12,49.9,0,2.2,15.0,4,7,0,0,0,0
CLI10865,Plus,Mensal,Cartão,Parceiro,18,79.9,0,18.4,36.3,8,9,1,0,0,0
CLI10866,Essencial,Mensal,Cartão,Parceiro,23,49.9,0,4.7,26.7,6,6,0,0,0,0
CLI10867,Essencial,Anual,Débito automático,Busca orgânica,42,44.91,10,3.7,40.7,3,3,3,1,0,0
CLI10868,Essencial,Mensal,Débito automático,Busca orgânica,40,44.91,10,1.4,60.5,13,7,1,0,1,0
CLI10869,Plus,Anual,Cartão,Mídia paga,11,63.92,20,7.7,14.1,6,8,1,0,0,0
CLI10870,Premium,Anual,Cartão,Parceiro,22,119.9,0,4.2,13.4,4,9,0,0,0,0
CLI10871,Essencial,Anual,Boleto,Mídia paga,9,49.9,0,4.1,17.6,3,7,0,0,0,0
CLI10872,Essencial,Mensal,Débito automático,Parceiro,54,47.4,5,3.1,15.2,6,8,0,1,0,0
CLI10873,Plus,Anual,Pix,Mídia paga,21,71.91,10,1.7,54.2,5,8,0,0,0,0
CLI10874,Essencial,Anual,Cartão,Indicação,31,44.91,10,6.2,24.9,4,6,0,1,1,0
CLI10875,Premium,Mensal,Pix,Busca orgânica,25,101.92,15,26.0,14.8,3,5,0,1,1,0
CLI10876,Plus,Anual,Cartão,Parceiro,39,79.9,0,4.8,37.5,4,7,0,0,0,0
CLI10877,Essencial,Mensal,Cartão,Indicação,11,42.42,15,2.8,26.8,2,6,0,0,0,0
CLI10878,Plus,Mensal,Débito automático,Mídia paga,7,71.91,10,5.9,52.4,6,7,0,0,0,0
CLI10879,Essencial,Anual,Cartão,Busca orgânica,8,49.9,0,4.4,43.9,9,5,5,0,0,0
CLI10880,Plus,Mensal,Débito automático,Busca orgânica,11,63.92,20,3.2,1.8,6,8,1,0,0,0
CLI10881,Essencial,Mensal,Débito automático,Mídia paga,10,49.9,0,3.5,19.3,6,5,1,0,1,1
CLI10882,Premium,Anual,Débito automático,Busca orgânica,15,119.9,0,7.7,50.8,10,8,0,1,1,0
CLI10883,Plus,Mensal,Pix,Parceiro,17,75.9,5,4.6,20.5,5,6,1,0,1,1
CLI10884,Premium,Mensal,Cartão,Busca orgânica,5,113.9,5,10.5,32.6,3,9,1,2,1,1
CLI10885,Premium,Mensal,Débito automático,Mídia paga,25,113.9,5,11.9,23.2,5,7,3,2,1,1
CLI10886,Essencial,Mensal,Débito automático,Indicação,33,44.91,10,3.7,54.3,11,8,0,0,0,0
CLI10887,Plus,Mensal,Cartão,Busca orgânica,10,79.9,0,8.6,28.0,7,6,1,0,1,0
CLI10888,Premium,Mensal,Boleto,Indicação,27,101.92,15,11.2,7.9,4,10,0,1,0,0
CLI10889,Essencial,Anual,Boleto,Indicação,12,47.4,5,2.2,33.5,8,9,0,0,0,0
CLI10890,Essencial,Mensal,Débito automático,Mídia paga,51,49.9,0,2.7,9.5,4,8,1,0,0,0
CLI10891,Essencial,Mensal,Cartão,Busca orgânica,32,39.92,20,6.8,0.7,4,8,0,0,0,0
CLI10892,Essencial,Mensal,Débito automático,Indicação,57,42.42,15,5.8,34.0,6,8,0,0,0,0
CLI10893,Premium,Mensal,Cartão,Mídia paga,66,119.9,0,4.3,39.5,8,8,0,0,1,0
CLI10894,Plus,Mensal,Cartão,Mídia paga,4,75.9,5,3.3,9.1,2,9,0,0,1,0
CLI10895,Plus,Mensal,Cartão,Parceiro,25,79.9,0,1.5,45.1,7,5,1,0,0,0
CLI10896,Premium,Mensal,Débito automático,Mídia paga,54,113.9,5,8.3,12.0,5,7,1,1,0,0
CLI10897,Essencial,Mensal,Pix,Mídia paga,46,49.9,0,1.6,37.5,9,5,1,0,0,0
CLI10898,Plus,Mensal,Cartão,Busca orgânica,14,79.9,0,2.9,7.2,4,9,1,0,0,0
CLI10899,Essencial,Mensal,Cartão,Parceiro,17,49.9,0,1.4,24.1,5,7,1,2,0,1
CLI10900,Essencial,Mensal,Cartão,Busca orgânica,24,47.4,5,3.5,21.9,10,8,0,0,0,0
CLI10901,Essencial,Mensal,Cartão,Busca orgânica,58,49.9,0,1.7,47.3,7,7,1,2,0,0
CLI10902,Essencial,Mensal,Pix,Busca orgânica,46,47.4,5,2.0,1.7,4,8,1,0,0,0
CLI10903,Essencial,Mensal,Cartão,Busca orgânica,63,49.9,0,3.4,40.5,7,6,0,0,0,0
CLI10904,Plus,Anual,Cartão,Mídia paga,51,79.9,0,5.4,2.8,7,9,2,0,0,0
CLI10905,Essencial,Mensal,Cartão,Busca orgânica,25,49.9,0,2.5,7.8,2,9,1,2,1,0
CLI10906,Essencial,Mensal,Débito automático,Indicação,83,44.91,10,3.8,44.4,7,7,1,0,0,0
CLI10907,Plus,Mensal,Pix,Mídia paga,8,79.9,0,0.8,36.9,4,7,2,1,0,0
CLI10908,Essencial,Mensal,Débito automático,Mídia paga,22,44.91,10,3.0,2.8,5,10,0,0,0,0
CLI10909,Plus,Mensal,Cartão,Parceiro,23,63.92,20,4.7,3.7,3,8,0,1,0,0
CLI10910,Premium,Mensal,Cartão,Mídia paga,50,95.92,20,8.4,22.8,5,7,0,1,0,0
CLI10911,Plus,Mensal,Cartão,Busca orgânica,18,79.9,0,6.1,16.3,10,7,0,3,1,0
CLI10912,Plus,Mensal,Cartão,Busca orgânica,73,63.92,20,2.5,17.9,8,9,2,0,0,0
CLI10913,Plus,Mensal,Cartão,Indicação,37,67.92,15,8.4,14.3,6,9,0,0,0,0
CLI10914,Plus,Anual,Débito automático,Indicação,20,79.9,0,20.3,43.8,8,7,1,0,0,0
CLI10915,Premium,Anual,Cartão,Parceiro,11,95.92,20,5.2,8.0,5,9,2,0,0,0
CLI10916,Premium,Mensal,Cartão,Mídia paga,3,95.92,20,10.7,46.6,9,6,0,0,0,0
CLI10917,Essencial,Anual,Cartão,Busca orgânica,4,44.91,10,2.7,35.3,9,7,1,2,1,0
CLI10918,Plus,Mensal,Cartão,Busca orgânica,22,71.91,10,2.2,19.2,4,5,2,1,0,0
CLI10919,Plus,Mensal,Pix,Parceiro,96,63.92,20,11.7,12.4,5,9,1,0,0,0
CLI10920,Essencial,Mensal,Cartão,Busca orgânica,36,49.9,0,2.4,19.7,2,6,1,0,1,0
CLI10921,Plus,Anual,Cartão,Busca orgânica,43,71.91,10,14.8,24.0,4,9,1,0,0,0
CLI10922,Plus,Mensal,Débito automático,Indicação,14,67.92,15,2.8,10.6,3,5,0,1,0,0
CLI10923,Plus,Anual,Cartão,Busca orgânica,14,75.9,5,8.2,37.1,3,6,1,0,0,0
CLI10924,Essencial,Anual,Cartão,Busca orgânica,5,49.9,0,6.1,48.2,6,4,2,2,0,1
CLI10925,Essencial,Mensal,Débito automático,Mídia paga,52,47.4,5,1.3,1.2,3,8,0,0,0,0
CLI10926,Essencial,Mensal,Cartão,Busca orgânica,3,39.92,20,1.3,27.6,4,7,0,2,0,0
CLI10927,Plus,Mensal,Débito automático,Busca orgânica,28,71.91,10,2.7,10.2,3,9,1,0,1,0
CLI10928,Premium,Anual,Débito automático,Busca orgânica,24,113.9,5,3.9,38.7,8,6,2,0,0,0
CLI10929,Premium,Mensal,Cartão,Busca orgânica,25,119.9,0,14.3,11.5,3,8,0,0,0,0
CLI10930,Essencial,Mensal,Cartão,Busca orgânica,59,44.91,10,13.7,16.5,4,7,1,0,1,0
CLI10931,Essencial,Mensal,Cartão,Busca orgânica,27,49.9,0,2.4,33.9,4,5,0,1,0,0
CLI10932,Plus,Anual,Débito automático,Busca orgânica,13,63.92,20,2.2,48.0,8,6,3,0,0,0
CLI10933,Plus,Anual,Cartão,Indicação,46,75.9,5,4.5,1.6,4,10,1,1,1,0
CLI10934,Plus,Mensal,Débito automático,Parceiro,51,71.91,10,10.8,53.4,9,3,3,0,1,0
CLI10935,Essencial,Mensal,Cartão,Busca orgânica,14,39.92,20,1.8,42.3,5,6,0,1,1,0
CLI10936,Essencial,Mensal,Débito automático,Mídia paga,12,44.91,10,1.0,14.0,5,7,0,0,0,0
CLI10937,Plus,Mensal,Boleto,Parceiro,18,75.9,5,4.8,23.0,7,7,1,0,0,0
CLI10938,Plus,Mensal,Cartão,Indicação,16,75.9,5,5.7,33.0,4,6,1,1,0,0
CLI10939,Essencial,Anual,Cartão,Indicação,37,42.42,15,2.2,23.7,8,8,0,1,0,0
CLI10940,Premium,Mensal,Pix,Indicação,19,95.92,20,13.1,2.8,6,8,2,0,0,0
CLI10941,Plus,Mensal,Pix,Parceiro,29,75.9,5,4.2,43.1,9,6,1,1,0,0
CLI10942,Premium,Mensal,Cartão,Busca orgânica,96,119.9,0,11.0,30.7,8,7,1,0,1,0
CLI10943,Plus,Mensal,Pix,Busca orgânica,22,71.91,10,0.9,4.0,6,9,1,0,0,0
CLI10944,Essencial,Mensal,Débito automático,Indicação,17,49.9,0,1.8,43.1,8,6,2,0,0,0
CLI10945,Premium,Anual,Boleto,Indicação,61,113.9,5,6.6,9.1,3,8,1,1,0,0
CLI10946,Premium,Mensal,Débito automático,Mídia paga,96,119.9,0,6.5,9.2,6,7,2,0,0,0
CLI10947,Premium,Mensal,Pix,Mídia paga,64,101.92,15,11.8,24.0,3,8,0,0,0,0
CLI10948,Plus,Mensal,Cartão,Busca orgânica,24,79.9,0,8.1,52.3,8,4,0,1,1,1
CLI10949,Plus,Mensal,Cartão,Busca orgânica,45,75.9,5,3.3,22.3,5,5,1,1,0,0
CLI10950,Essencial,Anual,Pix,Mídia paga,70,39.92,20,1.8,45.4,11,8,2,1,0,0
CLI10951,Essencial,Anual,Pix,Mídia paga,17,49.9,0,3.0,31.7,4,5,1,0,0,0
CLI10952,Premium,Anual,Débito automático,Busca orgânica,30,107.91,10,7.6,58.0,5,9,0,0,0,0
CLI10953,Essencial,Anual,Cartão,Mídia paga,15,49.9,0,1.9,76.1,16,2,3,0,1,0
CLI10954,Plus,Anual,Cartão,Mídia paga,10,79.9,0,8.4,11.8,3,8,0,1,1,0
CLI10955,Premium,Mensal,Cartão,Busca orgânica,40,119.9,0,9.7,4.7,5,9,0,0,0,0
CLI10956,Premium,Mensal,Pix,Indicação,22,107.91,10,3.9,48.7,5,6,2,0,1,0
CLI10957,Premium,Anual,Cartão,Busca orgânica,12,107.91,10,2.7,25.4,10,6,1,2,1,0
CLI10958,Plus,Mensal,Cartão,Indicação,12,67.92,15,9.2,23.0,4,7,0,1,0,0
CLI10959,Plus,Mensal,Cartão,Indicação,50,79.9,0,13.4,45.3,8,8,0,1,0,0
CLI10960,Premium,Anual,Cartão,Mídia paga,40,119.9,0,9.3,46.5,9,6,1,0,0,0
CLI10961,Essencial,Mensal,Cartão,Mídia paga,42,47.4,5,3.6,18.1,6,9,0,1,0,0
CLI10962,Essencial,Mensal,Boleto,Mídia paga,17,49.9,0,5.4,18.3,4,6,1,0,0,0
CLI10963,Premium,Mensal,Débito automático,Mídia paga,59,113.9,5,14.5,45.6,9,7,0,0,0,0
CLI10964,Plus,Mensal,Cartão,Parceiro,53,63.92,20,4.9,29.8,10,9,1,0,0,0
CLI10965,Plus,Mensal,Débito automático,Mídia paga,62,71.91,10,0.7,44.0,3,6,0,1,0,0
CLI10966,Essencial,Mensal,Pix,Parceiro,10,47.4,5,4.1,26.9,9,6,0,0,0,0
CLI10967,Plus,Mensal,Boleto,Parceiro,35,79.9,0,6.1,15.1,7,7,1,1,0,0
CLI10968,Premium,Mensal,Pix,Busca orgânica,35,113.9,5,4.2,37.0,6,6,0,0,1,0
CLI10969,Plus,Mensal,Cartão,Parceiro,15,75.9,5,4.3,20.9,10,7,0,1,0,0
CLI10970,Essencial,Mensal,Cartão,Parceiro,24,47.4,5,4.9,11.9,4,5,1,1,0,0
CLI10971,Plus,Mensal,Boleto,Busca orgânica,32,75.9,5,3.3,9.6,4,8,0,0,0,0
CLI10972,Premium,Mensal,Boleto,Mídia paga,60,95.92,20,5.5,24.5,4,9,1,0,0,0
CLI10973,Premium,Anual,Pix,Indicação,29,119.9,0,6.8,29.2,4,7,4,0,1,0
CLI10974,Essencial,Mensal,Pix,Busca orgânica,38,47.4,5,4.9,49.3,9,5,0,0,1,0
CLI10975,Plus,Anual,Pix,Mídia paga,7,79.9,0,10.1,58.1,11,1,4,0,0,0
CLI10976,Essencial,Mensal,Débito automático,Indicação,20,47.4,5,4.4,36.8,8,7,1,0,0,0
CLI10977,Essencial,Mensal,Pix,Mídia paga,21,49.9,0,9.3,13.3,4,7,0,0,1,0
CLI10978,Essencial,Mensal,Cartão,Busca orgânica,55,49.9,0,2.4,33.8,5,6,2,0,0,0
CLI10979,Plus,Mensal,Cartão,Indicação,8,79.9,0,4.9,23.3,3,8,0,0,0,0
CLI10980,Plus,Mensal,Pix,Mídia paga,56,71.91,10,4.7,22.2,2,10,0,0,1,0
CLI10981,Essencial,Anual,Cartão,Parceiro,9,42.42,15,0.8,7.7,5,10,0,0,0,0
CLI10982,Essencial,Anual,Débito automático,Indicação,16,47.4,5,0.9,11.4,3,7,0,0,0,0
CLI10983,Essencial,Anual,Boleto,Busca orgânica,34,44.91,10,1.2,33.5,6,7,1,0,1,0
CLI10984,Essencial,Mensal,Cartão,Indicação,23,47.4,5,1.4,2.1,2,7,0,0,0,0
CLI10985,Plus,Anual,Débito automático,Indicação,20,79.9,0,2.3,6.5,5,8,0,0,0,0
CLI10986,Essencial,Anual,Débito automático,Busca orgânica,19,49.9,0,0.6,52.0,7,7,1,0,0,0
CLI10987,Essencial,Mensal,Pix,Busca orgânica,32,47.4,5,7.1,51.0,12,5,2,1,1,1
CLI10988,Premium,Mensal,Cartão,Mídia paga,32,107.91,10,6.8,11.6,6,6,0,0,0,0
CLI10989,Essencial,Mensal,Cartão,Busca orgânica,17,44.91,10,5.3,22.8,7,10,0,0,0,1
CLI10990,Premium,Mensal,Boleto,Mídia paga,19,119.9,0,5.2,8.7,10,5,1,0,1,0
CLI10991,Plus,Mensal,Pix,Indicação,24,71.91,10,3.2,34.8,5,7,1,0,1,0
CLI10992,Plus,Mensal,Pix,Parceiro,28,79.9,0,9.7,16.6,8,6,1,0,0,0
CLI10993,Plus,Anual,Cartão,Busca orgânica,3,79.9,0,8.6,11.1,7,9,1,1,0,0
CLI10994,Essencial,Mensal,Cartão,Indicação,15,49.9,0,1.9,2.0,7,7,2,0,0,1
CLI10995,Premium,Anual,Pix,Indicação,16,107.91,10,3.6,18.9,4,5,1,0,0,0
CLI10996,Premium,Mensal,Pix,Busca orgânica,23,119.9,0,16.8,3.0,5,8,1,0,0,0
CLI10997,Essencial,Mensal,Débito automático,Parceiro,31,42.42,15,8.9,79.9,19,6,0,0,0,0
CLI10998,Plus,Anual,Cartão,Busca orgânica,15,79.9,0,0.8,37.7,8,4,1,1,1,0
CLI10999,Plus,Mensal,Cartão,Busca orgânica,22,63.92,20,4.7,51.9,7,7,0,0,0,0
CLI11000,Premium,Anual,Cartão,Mídia paga,5,119.9,0,3.5,19.0,7,7,0,1,0,0
CLI11001,Plus,Anual,Cartão,Indicação,62,67.92,15,3.4,40.9,6,9,0,0,0,0
CLI11002,Essencial,Mensal,Cartão,Mídia paga,9,49.9,0,3.2,25.0,11,10,0,1,0,0
CLI11003,Premium,Mensal,Cartão,Indicação,80,119.9,0,11.2,42.1,7,7,1,0,0,0
CLI11004,Premium,Mensal,Débito automático,Mídia paga,30,119.9,0,8.4,45.3,11,8,1,0,0,0
CLI11005,Plus,Mensal,Cartão,Parceiro,45,79.9,0,1.1,58.3,10,5,1,0,0,1
CLI11006,Essencial,Anual,Débito automático,Indicação,25,44.91,10,1.2,41.3,11,9,1,0,0,0
CLI11007,Plus,Anual,Boleto,Indicação,32,67.92,15,12.3,17.0,6,4,1,1,0,1
CLI11008,Plus,Mensal,Cartão,Mídia paga,32,79.9,0,3.0,48.7,4,4,0,2,1,0
CLI11009,Essencial,Anual,Débito automático,Mídia paga,48,49.9,0,1.9,10.5,3,6,0,1,0,0
CLI11010,Premium,Anual,Cartão,Mídia paga,35,119.9,0,12.7,44.7,14,9,0,0,0,0
CLI11011,Plus,Mensal,Cartão,Busca orgânica,8,67.92,15,4.4,23.9,11,8,0,2,0,0
CLI11012,Premium,Mensal,Cartão,Indicação,6,119.9,0,4.5,16.8,8,7,2,0,0,0
CLI11013,Plus,Anual,Cartão,Mídia paga,11,75.9,5,1.3,6.1,7,9,1,0,0,0
CLI11014,Essencial,Anual,Débito automático,Indicação,25,49.9,0,1.7,33.6,11,7,2,0,0,0
CLI11015,Premium,Mensal,Débito automático,Busca orgânica,50,119.9,0,3.3,40.8,4,6,1,0,0,0
CLI11016,Plus,Mensal,Pix,Busca orgânica,15,79.9,0,7.8,11.6,8,7,2,1,0,0
CLI11017,Plus,Mensal,Pix,Busca orgânica,8,71.91,10,3.7,31.0,5,6,2,0,0,0
CLI11018,Essencial,Mensal,Débito automático,Mídia paga,11,49.9,0,3.4,59.9,9,8,0,0,0,0
CLI11019,Essencial,Anual,Débito automático,Busca orgânica,83,42.42,15,3.0,10.8,6,8,0,0,0,0
CLI11020,Plus,Mensal,Débito automático,Busca orgânica,47,71.91,10,3.8,10.0,4,9,1,0,0,0
CLI11021,Essencial,Anual,Débito automático,Parceiro,11,49.9,0,1.7,67.0,11,6,1,0,0,0
CLI11022,Premium,Mensal,Cartão,Mídia paga,20,119.9,0,9.0,1.4,4,6,1,1,1,0
CLI11023,Premium,Anual,Pix,Mídia paga,27,119.9,0,6.7,61.5,2,6,1,0,0,0
CLI11024,Plus,Mensal,Pix,Mídia paga,35,75.9,5,2.5,18.0,8,5,2,0,0,0
CLI11025,Essencial,Mensal,Cartão,Mídia paga,96,42.42,15,4.9,8.4,6,6,2,1,0,0
CLI11026,Plus,Mensal,Débito automático,Indicação,25,79.9,0,1.9,71.4,11,6,1,1,0,0
CLI11027,Essencial,Mensal,Boleto,Indicação,13,47.4,5,2.9,18.2,7,6,1,0,1,0
CLI11028,Premium,Anual,Boleto,Busca orgânica,64,101.92,15,1.5,19.3,5,8,0,0,0,0
CLI11029,Plus,Anual,Cartão,Indicação,90,75.9,5,3.9,22.7,5,5,1,1,1,0
CLI11030,Premium,Mensal,Cartão,Busca orgânica,23,119.9,0,10.6,12.6,4,10,1,0,0,0
CLI11031,Essencial,Anual,Cartão,Indicação,36,49.9,0,1.4,17.5,5,5,1,1,0,0
CLI11032,Essencial,Anual,Débito automático,Indicação,25,42.42,15,0.7,67.7,9,6,0,1,0,0
CLI11033,Premium,Mensal,Pix,Busca orgânica,37,113.9,5,8.5,63.9,8,5,0,0,1,0
CLI11034,Plus,Mensal,Débito automático,Busca orgânica,44,71.91,10,7.1,15.2,11,5,1,0,0,0
CLI11035,Premium,Mensal,Boleto,Indicação,32,113.9,5,21.6,41.3,12,3,1,1,1,1
CLI11036,Premium,Mensal,Cartão,Mídia paga,59,119.9,0,28.0,9.0,3,6,1,1,1,0
CLI11037,Plus,Anual,Cartão,Parceiro,31,79.9,0,1.7,15.3,8,5,1,1,0,1
CLI11038,Essencial,Mensal,Débito automático,Mídia paga,13,49.9,0,6.9,73.8,9,5,0,0,0,0
CLI11039,Plus,Mensal,Cartão,Parceiro,55,79.9,0,9.7,35.0,7,6,0,0,1,0
CLI11040,Premium,Mensal,Pix,Indicação,58,107.91,10,9.7,49.8,3,6,0,1,0,0
CLI11041,Premium,Mensal,Cartão,Mídia paga,3,107.91,10,11.1,63.4,11,6,1,0,1,1
CLI11042,Essencial,Mensal,Pix,Busca orgânica,95,44.91,10,1.7,27.8,6,7,1,0,0,0
CLI11043,Plus,Mensal,Boleto,Busca orgânica,12,67.92,15,7.8,24.2,12,6,2,0,1,0
CLI11044,Essencial,Anual,Cartão,Mídia paga,23,42.42,15,3.1,63.8,11,8,0,0,0,0
CLI11045,Plus,Anual,Pix,Mídia paga,19,63.92,20,1.2,39.0,6,5,3,0,1,0
CLI11046,Plus,Anual,Boleto,Indicação,14,71.91,10,4.1,6.4,3,10,0,0,0,0
CLI11047,Premium,Mensal,Cartão,Busca orgânica,33,113.9,5,6.9,32.1,6,6,1,0,1,0
CLI11048,Essencial,Mensal,Débito automático,Mídia paga,9,49.9,0,4.7,5.4,2,8,0,0,0,0
CLI11049,Essencial,Anual,Boleto,Busca orgânica,28,49.9,0,1.8,5.1,7,7,0,1,0,0
CLI11050,Essencial,Mensal,Cartão,Busca orgânica,46,39.92,20,4.0,15.7,11,8,1,0,0,0
CLI11051,Essencial,Mensal,Cartão,Indicação,26,49.9,0,5.7,20.5,7,7,1,1,0,0
CLI11052,Essencial,Anual,Cartão,Indicação,64,49.9,0,7.2,29.9,6,6,0,0,0,0
CLI11053,Premium,Anual,Cartão,Busca orgânica,9,119.9,0,8.8,28.9,3,7,2,1,0,0
CLI11054,Essencial,Anual,Cartão,Busca orgânica,19,49.9,0,2.0,23.6,7,7,1,0,0,0
CLI11055,Essencial,Mensal,Cartão,Indicação,13,42.42,15,3.0,9.5,6,10,1,0,0,1
CLI11056,Plus,Mensal,Cartão,Mídia paga,43,63.92,20,5.4,32.6,5,7,0,0,1,0
CLI11057,Essencial,Mensal,Débito automático,Mídia paga,27,49.9,0,4.5,15.7,4,7,3,0,0,0
CLI11058,Essencial,Mensal,Cartão,Indicação,20,42.42,15,6.9,61.0,7,7,1,1,0,0
CLI11059,Premium,Mensal,Pix,Indicação,47,107.91,10,10.9,15.2,3,8,0,0,0,0
CLI11060,Essencial,Anual,Cartão,Mídia paga,74,49.9,0,4.8,66.1,13,3,1,0,0,0
CLI11061,Essencial,Mensal,Débito automático,Parceiro,36,49.9,0,0.7,51.1,9,7,1,0,0,0
CLI11062,Plus,Mensal,Cartão,Parceiro,52,75.9,5,5.2,69.8,13,6,1,0,0,0
CLI11063,Essencial,Anual,Cartão,Mídia paga,3,49.9,0,1.4,19.0,5,6,1,0,1,0
CLI11064,Essencial,Anual,Boleto,Parceiro,37,44.91,10,5.6,4.3,3,8,1,0,1,0
CLI11065,Essencial,Mensal,Débito automático,Indicação,96,49.9,0,3.2,26.2,7,5,1,1,0,0
CLI11066,Essencial,Mensal,Débito automático,Indicação,37,42.42,15,6.6,38.6,8,8,0,0,0,0
CLI11067,Premium,Mensal,Débito automático,Indicação,38,107.91,10,3.9,32.2,4,8,0,0,0,0
CLI11068,Essencial,Mensal,Cartão,Busca orgânica,33,49.9,0,1.3,10.9,9,8,1,1,1,0
CLI11069,Essencial,Mensal,Cartão,Indicação,24,47.4,5,3.2,21.7,13,5,1,0,0,0
CLI11070,Essencial,Mensal,Pix,Mídia paga,21,47.4,5,1.9,23.2,6,6,2,0,0,0
CLI11071,Premium,Anual,Débito automático,Indicação,25,95.92,20,8.5,0.7,5,6,0,0,0,0
CLI11072,Essencial,Anual,Boleto,Busca orgânica,36,47.4,5,3.2,16.2,3,5,1,0,1,0
CLI11073,Premium,Mensal,Pix,Parceiro,12,95.92,20,4.2,51.0,9,8,1,0,0,0
CLI11074,Essencial,Mensal,Cartão,Mídia paga,25,44.91,10,4.7,7.5,2,8,2,0,0,0
CLI11075,Premium,Mensal,Débito automático,Busca orgânica,51,107.91,10,3.9,42.0,7,6,2,0,0,0
CLI11076,Essencial,Anual,Débito automático,Indicação,25,44.91,10,4.8,22.2,4,6,0,0,0,0
CLI11077,Essencial,Anual,Cartão,Busca orgânica,20,44.91,10,1.7,8.9,2,6,0,1,1,0
CLI11078,Plus,Anual,Cartão,Busca orgânica,35,75.9,5,2.4,22.4,4,9,2,1,0,0
CLI11079,Essencial,Mensal,Cartão,Busca orgânica,6,49.9,0,0.4,34.3,12,5,0,3,0,1
CLI11080,Plus,Mensal,Cartão,Mídia paga,23,75.9,5,4.5,44.5,6,7,0,1,0,1
CLI11081,Plus,Mensal,Débito automático,Parceiro,11,71.91,10,3.1,15.6,7,8,1,1,0,0
CLI11082,Plus,Mensal,Cartão,Indicação,30,79.9,0,4.3,10.8,5,7,1,0,0,0
CLI11083,Essencial,Mensal,Pix,Indicação,18,47.4,5,6.7,37.0,7,5,1,1,0,0
CLI11084,Plus,Mensal,Cartão,Indicação,36,79.9,0,1.6,10.4,5,8,1,0,0,0
CLI11085,Essencial,Mensal,Cartão,Mídia paga,24,47.4,5,1.6,10.9,3,7,0,0,1,0
CLI11086,Premium,Mensal,Débito automático,Indicação,40,119.9,0,3.1,27.0,6,8,0,0,0,0
CLI11087,Plus,Anual,Pix,Mídia paga,28,71.91,10,2.1,40.6,7,6,0,0,0,0
CLI11088,Plus,Anual,Débito automático,Busca orgânica,10,71.91,10,1.4,10.4,5,8,0,0,0,0
CLI11089,Premium,Anual,Débito automático,Busca orgânica,11,113.9,5,5.0,49.0,6,8,0,0,1,0
CLI11090,Plus,Mensal,Débito automático,Mídia paga,8,79.9,0,1.7,30.8,7,6,2,0,0,0
CLI11091,Plus,Anual,Cartão,Busca orgânica,33,79.9,0,9.9,17.5,9,8,1,0,0,0
CLI11092,Essencial,Mensal,Pix,Mídia paga,20,49.9,0,4.3,46.7,11,3,5,1,0,1
CLI11093,Plus,Mensal,Cartão,Indicação,20,63.92,20,8.1,38.5,6,7,1,0,0,0
CLI11094,Essencial,Mensal,Débito automático,Mídia paga,47,49.9,0,0.9,40.9,8,9,0,0,0,0
CLI11095,Essencial,Mensal,Pix,Parceiro,53,47.4,5,1.7,73.0,11,8,0,2,0,0
CLI11096,Plus,Anual,Cartão,Indicação,29,75.9,5,4.6,6.7,4,7,0,0,0,0
CLI11097,Essencial,Anual,Pix,Mídia paga,10,44.91,10,1.9,8.9,3,7,0,1,1,0
CLI11098,Plus,Mensal,Débito automático,Mídia paga,29,71.91,10,2.0,5.0,3,7,1,1,0,0
CLI11099,Essencial,Mensal,Cartão,Indicação,57,49.9,0,3.1,32.8,9,9,1,0,0,1
CLI11100,Essencial,Mensal,Débito automático,Busca orgânica,15,47.4,5,1.5,45.3,10,6,0,2,0,0
CLI11101,Premium,Mensal,Débito automático,Busca orgânica,48,101.92,15,1.4,17.5,7,8,1,1,1,0
CLI11102,Essencial,Anual,Cartão,Mídia paga,54,49.9,0,2.9,8.9,4,9,1,0,0,0
CLI11103,Plus,Anual,Pix,Mídia paga,60,75.9,5,1.7,44.3,6,6,2,0,1,0
CLI11104,Plus,Anual,Débito automático,Busca orgânica,31,79.9,0,16.6,13.0,1,5,1,0,1,0
CLI11105,Premium,Mensal,Cartão,Mídia paga,36,119.9,0,11.5,18.6,9,7,0,2,0,0
CLI11106,Essencial,Mensal,Cartão,Mídia paga,16,49.9,0,3.8,8.1,2,6,1,2,1,0
CLI11107,Plus,Mensal,Pix,Indicação,17,79.9,0,5.4,20.4,9,10,0,0,0,0
CLI11108,Essencial,Mensal,Pix,Indicação,24,47.4,5,6.9,22.0,10,8,0,0,0,0
CLI11109,Essencial,Mensal,Débito automático,Busca orgânica,3,44.91,10,4.9,35.1,8,6,3,0,1,0
CLI11110,Essencial,Mensal,Pix,Parceiro,8,39.92,20,8.8,7.3,2,9,1,0,1,0
CLI11111,Essencial,Mensal,Pix,Busca orgânica,36,39.92,20,4.9,6.1,2,7,0,0,0,0
CLI11112,Plus,Mensal,Cartão,Indicação,55,67.92,15,2.6,24.6,7,6,0,1,0,0
CLI11113,Essencial,Anual,Cartão,Busca orgânica,17,47.4,5,0.2,12.7,2,8,1,1,0,0
CLI11114,Essencial,Mensal,Pix,Busca orgânica,7,47.4,5,8.0,11.2,3,9,1,1,0,0
CLI11115,Plus,Mensal,Cartão,Busca orgânica,32,75.9,5,3.7,12.4,1,9,0,0,0,0
CLI11116,Plus,Anual,Boleto,Busca orgânica,19,63.92,20,8.8,20.5,7,8,0,0,0,0
CLI11117,Essencial,Anual,Cartão,Busca orgânica,22,44.91,10,7.1,21.7,4,7,0,1,0,0
CLI11118,Essencial,Mensal,Cartão,Busca orgânica,23,44.91,10,4.1,3.8,11,9,0,1,0,0
CLI11119,Essencial,Mensal,Débito automático,Mídia paga,15,49.9,0,2.8,7.0,6,6,0,0,0,0
CLI11120,Plus,Mensal,Cartão,Mídia paga,12,63.92,20,8.3,23.4,6,10,0,0,0,0
CLI11121,Premium,Anual,Cartão,Mídia paga,80,113.9,5,1.2,53.0,8,5,1,1,1,1
CLI11122,Plus,Mensal,Boleto,Indicação,45,71.91,10,2.4,48.4,13,8,0,2,0,0
CLI11123,Plus,Mensal,Débito automático,Parceiro,42,71.91,10,8.8,74.1,8,6,0,1,0,1
CLI11124,Essencial,Anual,Cartão,Indicação,1,49.9,0,5.6,29.9,9,8,0,0,1,0
CLI11125,Premium,Anual,Cartão,Mídia paga,11,119.9,0,5.9,8.5,3,7,1,1,1,0
CLI11126,Essencial,Mensal,Pix,Mídia paga,40,39.92,20,6.0,14.2,1,9,1,0,0,0
CLI11127,Essencial,Mensal,Pix,Busca orgânica,7,49.9,0,1.5,21.7,4,6,0,0,0,0
CLI11128,Essencial,Mensal,Cartão,Indicação,26,49.9,0,4.7,18.9,6,6,1,1,1,0
CLI11129,Essencial,Mensal,Cartão,Mídia paga,26,39.92,20,0.7,31.0,11,4,2,1,1,0
CLI11130,Plus,Mensal,Débito automático,Mídia paga,18,79.9,0,7.6,38.2,7,5,0,0,1,0
CLI11131,Essencial,Anual,Cartão,Parceiro,33,42.42,15,7.1,9.4,6,9,0,1,0,0
CLI11132,Essencial,Anual,Débito automático,Mídia paga,16,39.92,20,6.9,10.0,8,9,0,0,0,0
CLI11133,Essencial,Anual,Cartão,Parceiro,16,49.9,0,1.5,21.1,9,7,1,2,0,0
CLI11134,Premium,Anual,Pix,Mídia paga,10,119.9,0,14.7,59.4,6,6,0,0,1,0
CLI11135,Plus,Mensal,Pix,Busca orgânica,60,79.9,0,4.1,38.2,6,8,0,0,0,0
CLI11136,Premium,Mensal,Cartão,Parceiro,11,119.9,0,2.4,40.6,7,9,1,1,0,0
CLI11137,Premium,Anual,Pix,Mídia paga,17,119.9,0,5.8,22.6,7,6,0,0,0,0
CLI11138,Premium,Mensal,Cartão,Indicação,24,101.92,15,11.2,9.4,4,7,0,3,0,0
CLI11139,Plus,Mensal,Débito automático,Mídia paga,19,67.92,15,12.5,36.2,4,6,1,0,0,0
CLI11140,Essencial,Mensal,Débito automático,Indicação,60,47.4,5,4.7,6.9,4,8,2,0,0,0
CLI11141,Essencial,Anual,Cartão,Parceiro,47,49.9,0,8.6,19.4,6,8,1,1,0,0
CLI11142,Essencial,Mensal,Pix,Mídia paga,23,47.4,5,4.5,58.0,5,6,0,1,1,1
CLI11143,Plus,Mensal,Boleto,Busca orgânica,23,67.92,15,1.7,26.5,9,6,1,0,0,0
CLI11144,Essencial,Mensal,Cartão,Parceiro,14,49.9,0,3.8,19.1,5,9,0,0,0,0
CLI11145,Essencial,Anual,Cartão,Busca orgânica,2,49.9,0,4.0,19.6,5,7,0,0,0,0
CLI11146,Plus,Mensal,Débito automático,Busca orgânica,7,79.9,0,4.6,27.0,7,8,1,0,0,0
CLI11147,Essencial,Mensal,Cartão,Busca orgânica,59,44.91,10,2.3,59.1,7,4,2,0,0,1
CLI11148,Essencial,Anual,Débito automático,Indicação,36,44.91,10,10.4,17.5,2,7,0,1,1,0
CLI11149,Essencial,Anual,Cartão,Indicação,16,39.92,20,1.5,12.5,4,5,2,2,0,0
CLI11150,Plus,Mensal,Débito automático,Mídia paga,33,79.9,0,0.5,14.7,4,9,0,0,0,0
CLI11151,Essencial,Mensal,Cartão,Indicação,95,49.9,0,3.9,31.4,5,5,1,1,1,1
CLI11152,Essencial,Anual,Cartão,Parceiro,39,49.9,0,4.6,48.6,11,7,1,0,0,0
CLI11153,Essencial,Mensal,Débito automático,Busca orgânica,10,49.9,0,2.4,7.9,8,9,0,0,0,0
CLI11154,Plus,Anual,Pix,Busca orgânica,21,71.91,10,2.5,14.2,7,7,1,0,0,0
CLI11155,Essencial,Anual,Cartão,Indicação,34,47.4,5,7.9,17.3,5,6,2,1,0,0
CLI11156,Essencial,Anual,Débito automático,Busca orgânica,55,44.91,10,2.7,33.0,12,5,2,0,0,0
CLI11157,Premium,Mensal,Pix,Mídia paga,25,113.9,5,4.0,28.9,7,7,0,0,1,0
CLI11158,Premium,Mensal,Cartão,Parceiro,22,119.9,0,2.2,12.8,6,10,0,1,0,0
CLI11159,Essencial,Mensal,Débito automático,Indicação,16,49.9,0,2.5,50.7,11,7,0,0,0,0
CLI11160,Essencial,Mensal,Boleto,Indicação,8,42.42,15,10.3,34.8,10,5,1,4,1,1
CLI11161,Essencial,Mensal,Cartão,Indicação,42,49.9,0,2.2,28.8,11,8,1,0,1,0
CLI11162,Plus,Mensal,Débito automático,Mídia paga,21,75.9,5,1.6,52.2,5,7,1,0,0,0
CLI11163,Essencial,Mensal,Pix,Indicação,7,39.92,20,5.0,26.3,5,8,0,1,0,0
CLI11164,Premium,Mensal,Cartão,Indicação,14,119.9,0,8.9,33.8,5,6,1,1,0,0
CLI11165,Premium,Mensal,Débito automático,Mídia paga,29,113.9,5,7.8,38.4,9,7,0,0,0,0
CLI11166,Plus,Mensal,Cartão,Mídia paga,26,71.91,10,4.9,31.6,3,10,0,0,0,0
CLI11167,Essencial,Mensal,Débito automático,Busca orgânica,38,49.9,0,2.9,6.5,5,7,1,1,0,0
CLI11168,Premium,Anual,Pix,Mídia paga,17,119.9,0,7.6,25.6,10,6,2,0,0,0
CLI11169,Plus,Mensal,Cartão,Mídia paga,24,79.9,0,6.8,8.2,5,7,0,0,0,0
CLI11170,Plus,Anual,Cartão,Indicação,6,79.9,0,8.5,39.9,6,7,1,0,0,0
CLI11171,Essencial,Mensal,Cartão,Mídia paga,15,49.9,0,7.9,8.2,3,8,0,0,1,0
CLI11172,Plus,Mensal,Pix,Busca orgânica,47,71.91,10,4.8,12.4,4,8,0,0,0,0
CLI11173,Plus,Anual,Boleto,Busca orgânica,28,79.9,0,7.3,8.1,2,8,1,1,1,0
CLI11174,Premium,Mensal,Débito automático,Busca orgânica,19,107.91,10,8.3,7.8,3,7,2,0,0,0
CLI11175,Plus,Anual,Débito automático,Mídia paga,41,75.9,5,3.9,17.6,7,9,0,0,1,0
CLI11176,Plus,Anual,Pix,Busca orgânica,31,75.9,5,3.2,4.5,0,9,0,0,0,0
CLI11177,Essencial,Mensal,Cartão,Mídia paga,50,49.9,0,2.2,30.0,2,7,1,0,0,0
CLI11178,Plus,Mensal,Débito automático,Busca orgânica,9,71.91,10,1.7,39.3,10,7,0,0,0,0
CLI11179,Premium,Anual,Cartão,Busca orgânica,32,107.91,10,1.6,15.8,7,10,1,1,1,0
CLI11180,Plus,Anual,Cartão,Parceiro,28,79.9,0,7.9,30.5,9,6,1,2,0,0
CLI11181,Essencial,Mensal,Cartão,Busca orgânica,46,42.42,15,2.4,14.1,4,8,1,0,1,0
CLI11182,Essencial,Mensal,Boleto,Mídia paga,14,44.91,10,5.0,69.8,16,7,0,0,0,1
CLI11183,Plus,Mensal,Débito automático,Mídia paga,35,71.91,10,3.3,14.7,9,7,1,0,1,0
CLI11184,Premium,Anual,Cartão,Parceiro,1,113.9,5,7.3,22.9,5,6,0,1,0,0
CLI11185,Essencial,Anual,Boleto,Mídia paga,44,49.9,0,2.5,56.0,6,5,2,0,0,1
CLI11186,Essencial,Mensal,Débito automático,Mídia paga,37,47.4,5,2.2,66.7,10,6,0,1,0,0
CLI11187,Premium,Mensal,Pix,Mídia paga,11,119.9,0,6.3,28.4,6,7,0,0,0,0
CLI11188,Plus,Anual,Cartão,Parceiro,24,75.9,5,11.5,54.5,10,5,0,0,0,0
CLI11189,Essencial,Mensal,Cartão,Parceiro,9,42.42,15,1.2,30.9,6,10,1,1,0,1
CLI11190,Essencial,Anual,Cartão,Indicação,28,47.4,5,5.3,36.6,12,5,1,2,0,0
CLI11191,Essencial,Mensal,Pix,Mídia paga,43,49.9,0,1.6,2.9,1,7,0,0,0,0
CLI11192,Essencial,Mensal,Pix,Busca orgânica,41,47.4,5,2.2,3.9,2,9,1,0,0,0
CLI11193,Plus,Mensal,Cartão,Busca orgânica,32,79.9,0,7.3,24.2,8,9,0,0,0,0
CLI11194,Plus,Mensal,Cartão,Mídia paga,6,67.92,15,7.2,26.9,9,8,0,0,0,0
CLI11195,Plus,Mensal,Pix,Indicação,35,75.9,5,3.4,30.7,4,7,0,0,1,0
CLI11196,Plus,Mensal,Débito automático,Mídia paga,34,71.91,10,7.9,29.3,9,9,0,0,1,0
CLI11197,Essencial,Mensal,Cartão,Busca orgânica,40,47.4,5,3.9,29.2,5,6,0,0,0,0
CLI11198,Essencial,Mensal,Débito automático,Mídia paga,13,49.9,0,2.8,2.4,2,5,1,1,1,0
CLI11199,Essencial,Anual,Boleto,Busca orgânica,17,44.91,10,3.7,23.0,6,9,0,2,0,0
CLI11200,Essencial,Mensal,Débito automático,Indicação,85,49.9,0,7.6,6.4,1,8,1,1,0,0
CLI11201,Plus,Mensal,Cartão,Mídia paga,9,67.92,15,7.5,52.5,9,6,1,1,0,0
CLI11202,Essencial,Anual,Débito automático,Mídia paga,30,42.42,15,2.7,38.0,9,6,0,0,0,0
CLI11203,Plus,Mensal,Débito automático,Mídia paga,12,75.9,5,2.0,61.3,11,6,0,0,0,0
CLI11204,Essencial,Mensal,Débito automático,Mídia paga,21,49.9,0,2.9,20.9,5,8,0,1,0,0
CLI11205,Essencial,Anual,Cartão,Mídia paga,24,49.9,0,4.8,53.7,5,8,1,0,0,0
CLI11206,Essencial,Mensal,Cartão,Indicação,35,44.91,10,4.9,90.2,14,3,1,0,0,0
CLI11207,Plus,Mensal,Cartão,Indicação,26,79.9,0,1.9,11.3,7,7,1,1,0,0
CLI11208,Plus,Anual,Cartão,Indicação,4,75.9,5,7.6,47.2,6,7,0,0,0,0
CLI11209,Plus,Anual,Débito automático,Indicação,14,67.92,15,9.3,4.3,5,5,1,0,1,0
CLI11210,Essencial,Anual,Cartão,Mídia paga,20,44.91,10,0.9,42.1,7,8,0,0,0,0
CLI11211,Plus,Mensal,Débito automático,Indicação,44,79.9,0,20.4,9.3,8,9,1,0,1,0
CLI11212,Plus,Mensal,Débito automático,Busca orgânica,17,71.91,10,9.6,30.3,7,7,1,0,1,0
CLI11213,Essencial,Mensal,Pix,Busca orgânica,25,49.9,0,2.0,31.6,7,5,2,0,1,0
CLI11214,Essencial,Mensal,Cartão,Mídia paga,29,49.9,0,12.8,0.5,1,6,0,1,0,0
CLI11215,Essencial,Mensal,Cartão,Parceiro,28,49.9,0,3.0,8.7,6,9,0,0,0,0
CLI11216,Essencial,Anual,Cartão,Mídia paga,25,47.4,5,5.8,49.6,12,6,2,1,0,0
CLI11217,Premium,Mensal,Boleto,Busca orgânica,11,107.91,10,3.3,38.7,6,5,1,2,0,0
CLI11218,Essencial,Anual,Cartão,Busca orgânica,17,39.92,20,4.4,45.4,9,8,0,0,0,0
CLI11219,Plus,Anual,Cartão,Indicação,42,79.9,0,13.3,27.6,10,8,0,0,1,0
CLI11220,Plus,Mensal,Cartão,Busca orgânica,47,71.91,10,3.9,59.5,9,6,1,1,0,0
CLI11221,Essencial,Mensal,Pix,Mídia paga,51,49.9,0,2.7,28.9,8,10,0,0,0,0
CLI11222,Plus,Anual,Pix,Parceiro,15,79.9,0,4.8,16.5,4,6,0,0,0,0
CLI11223,Essencial,Mensal,Boleto,Busca orgânica,19,42.42,15,7.5,9.1,1,8,1,0,0,0
CLI11224,Plus,Anual,Cartão,Busca orgânica,32,79.9,0,9.5,27.6,2,7,2,0,0,0
CLI11225,Essencial,Mensal,Cartão,Indicação,72,49.9,0,1.6,37.4,5,4,1,1,1,0
CLI11226,Essencial,Mensal,Débito automático,Mídia paga,96,49.9,0,4.5,10.9,3,7,1,2,0,0
CLI11227,Essencial,Mensal,Cartão,Parceiro,15,47.4,5,3.8,76.2,11,2,3,0,1,1
CLI11228,Plus,Mensal,Cartão,Busca orgânica,13,75.9,5,2.8,55.2,11,4,1,0,0,1
CLI11229,Plus,Anual,Boleto,Busca orgânica,8,71.91,10,2.4,33.0,5,9,0,2,0,0
CLI11230,Plus,Mensal,Pix,Indicação,36,71.91,10,2.8,26.6,7,7,1,0,0,0
CLI11231,Essencial,Mensal,Cartão,Mídia paga,7,44.91,10,3.5,12.0,6,7,0,0,0,0
CLI11232,Premium,Anual,Boleto,Indicação,34,107.91,10,4.9,31.0,11,5,2,0,1,0
CLI11233,Essencial,Anual,Cartão,Indicação,34,47.4,5,0.8,30.6,7,5,1,0,0,0
CLI11234,Premium,Mensal,Cartão,Mídia paga,65,113.9,5,20.0,74.1,14,5,0,1,0,1
CLI11235,Plus,Anual,Cartão,Indicação,13,79.9,0,4.5,63.4,8,5,1,0,0,0
CLI11236,Plus,Mensal,Cartão,Indicação,4,63.92,20,12.7,43.6,10,6,2,0,0,0
CLI11237,Essencial,Anual,Cartão,Indicação,8,44.91,10,1.6,4.0,5,5,0,1,0,0
CLI11238,Plus,Anual,Débito automático,Indicação,20,79.9,0,2.3,56.6,10,4,2,0,1,0
CLI11239,Plus,Anual,Boleto,Mídia paga,13,71.91,10,1.8,10.4,3,7,1,0,1,1
CLI11240,Essencial,Mensal,Débito automático,Busca orgânica,17,47.4,5,2.5,11.8,5,10,0,0,0,0
CLI11241,Plus,Anual,Boleto,Mídia paga,42,75.9,5,3.5,22.7,3,6,0,1,1,0
CLI11242,Essencial,Mensal,Cartão,Busca orgânica,18,44.91,10,1.5,7.1,6,8,0,1,1,0
CLI11243,Plus,Anual,Cartão,Busca orgânica,18,79.9,0,10.0,8.0,1,6,1,1,0,0
CLI11244,Plus,Anual,Cartão,Indicação,29,63.92,20,1.8,57.3,10,8,1,0,1,0
CLI11245,Premium,Mensal,Pix,Mídia paga,15,113.9,5,5.5,5.2,4,9,0,2,0,0
CLI11246,Plus,Anual,Cartão,Busca orgânica,34,75.9,5,4.8,63.1,13,7,1,0,0,0
CLI11247,Essencial,Anual,Cartão,Mídia paga,43,49.9,0,8.2,9.8,5,6,1,2,0,0
CLI11248,Plus,Anual,Boleto,Busca orgânica,13,67.92,15,1.2,27.5,7,7,0,2,0,0
CLI11249,Essencial,Mensal,Cartão,Mídia paga,62,44.91,10,5.7,41.3,5,6,4,0,0,0
CLI11250,Plus,Anual,Débito automático,Busca orgânica,7,79.9,0,6.9,8.9,3,8,0,1,0,0
CLI11251,Plus,Mensal,Cartão,Mídia paga,9,75.9,5,4.5,44.9,7,7,3,1,0,0
CLI11252,Plus,Anual,Pix,Busca orgânica,19,79.9,0,5.9,22.8,3,8,1,0,0,0
CLI11253,Essencial,Mensal,Débito automático,Parceiro,9,47.4,5,8.8,21.4,10,6,2,0,1,0
CLI11254,Essencial,Mensal,Cartão,Mídia paga,29,47.4,5,2.8,20.4,4,7,1,1,0,0
CLI11255,Plus,Mensal,Cartão,Busca orgânica,96,71.91,10,4.1,28.1,10,6,1,0,0,0
CLI11256,Essencial,Anual,Pix,Mídia paga,19,47.4,5,3.2,4.0,4,9,0,0,0,0
CLI11257,Essencial,Mensal,Pix,Indicação,18,47.4,5,8.0,18.5,4,8,0,0,0,0
CLI11258,Essencial,Anual,Cartão,Parceiro,9,49.9,0,5.9,6.7,6,7,1,0,1,0
CLI11259,Plus,Anual,Cartão,Busca orgânica,96,63.92,20,3.5,27.3,3,10,0,0,0,0
CLI11260,Essencial,Mensal,Cartão,Busca orgânica,61,49.9,0,4.2,20.3,7,3,2,1,0,0
CLI11261,Plus,Anual,Cartão,Indicação,47,79.9,0,4.2,13.4,4,7,2,0,0,0
CLI11262,Premium,Anual,Débito automático,Mídia paga,22,119.9,0,9.2,54.5,10,7,2,0,0,0
CLI11263,Plus,Mensal,Cartão,Parceiro,51,79.9,0,5.6,14.5,4,6,3,0,0,0
CLI11264,Essencial,Mensal,Cartão,Busca orgânica,36,49.9,0,1.9,18.5,2,8,0,2,1,1
CLI11265,Essencial,Mensal,Débito automático,Indicação,15,42.42,15,1.3,29.8,5,8,0,0,0,0
CLI11266,Essencial,Mensal,Débito automático,Mídia paga,96,49.9,0,2.6,36.2,3,6,0,0,0,0
CLI11267,Plus,Mensal,Cartão,Busca orgânica,4,75.9,5,5.1,24.0,9,8,0,0,0,0
CLI11268,Plus,Mensal,Pix,Parceiro,20,71.91,10,6.1,8.7,5,6,2,0,0,0
CLI11269,Essencial,Mensal,Pix,Busca orgânica,14,47.4,5,4.4,35.6,11,6,1,0,0,0
CLI11270,Essencial,Anual,Cartão,Mídia paga,2,44.91,10,1.7,37.5,4,8,0,1,0,1
CLI11271,Essencial,Mensal,Cartão,Indicação,4,47.4,5,2.0,34.4,10,6,1,0,1,1
CLI11272,Essencial,Anual,Débito automático,Parceiro,72,49.9,0,2.6,27.7,3,6,0,0,1,0
CLI11273,Premium,Anual,Cartão,Mídia paga,17,113.9,5,5.2,7.4,6,10,1,1,1,0
CLI11274,Essencial,Anual,Cartão,Parceiro,21,39.92,20,4.2,11.1,3,6,2,1,0,0
CLI11275,Essencial,Mensal,Pix,Busca orgânica,17,49.9,0,2.9,50.5,6,7,2,1,0,0
CLI11276,Essencial,Mensal,Cartão,Busca orgânica,18,42.42,15,3.2,56.4,9,7,0,0,0,0
CLI11277,Essencial,Anual,Cartão,Indicação,4,44.91,10,2.4,5.4,4,7,0,1,0,0
CLI11278,Essencial,Anual,Cartão,Mídia paga,32,39.92,20,5.5,26.9,4,7,1,0,0,0
CLI11279,Essencial,Anual,Cartão,Indicação,35,49.9,0,6.1,34.3,5,5,0,0,0,0
CLI11280,Essencial,Mensal,Pix,Busca orgânica,16,49.9,0,2.3,25.0,13,7,0,0,0,0
CLI11281,Essencial,Mensal,Cartão,Mídia paga,43,49.9,0,2.4,3.3,8,8,0,1,0,0
CLI11282,Plus,Mensal,Cartão,Indicação,73,79.9,0,5.4,34.7,8,6,1,1,1,1
CLI11283,Plus,Mensal,Pix,Mídia paga,5,75.9,5,14.1,13.4,1,5,1,0,1,0
CLI11284,Essencial,Anual,Débito automático,Mídia paga,21,49.9,0,6.9,9.1,1,9,0,0,0,0
CLI11285,Premium,Mensal,Pix,Busca orgânica,32,107.91,10,4.1,48.8,5,8,0,0,0,0
CLI11286,Essencial,Mensal,Cartão,Mídia paga,5,47.4,5,2.0,46.0,16,7,0,2,1,1
CLI11287,Premium,Mensal,Cartão,Indicação,62,95.92,20,6.5,28.5,7,8,3,0,0,0
CLI11288,Premium,Mensal,Boleto,Busca orgânica,40,101.92,15,16.1,40.8,9,7,1,0,0,0
CLI11289,Essencial,Mensal,Cartão,Mídia paga,40,49.9,0,3.2,61.3,9,5,3,1,0,1
CLI11290,Essencial,Mensal,Cartão,Indicação,62,42.42,15,6.7,20.1,7,4,1,1,1,0
CLI11291,Premium,Mensal,Débito automático,Parceiro,21,119.9,0,13.7,50.4,12,9,1,0,0,0
CLI11292,Essencial,Anual,Débito automático,Busca orgânica,21,44.91,10,3.3,19.7,6,6,0,0,0,0
CLI11293,Essencial,Anual,Boleto,Indicação,26,44.91,10,1.2,41.0,6,8,0,0,1,0
CLI11294,Plus,Mensal,Cartão,Busca orgânica,34,79.9,0,1.4,37.0,11,5,3,3,0,0
CLI11295,Plus,Mensal,Boleto,Busca orgânica,35,67.92,15,2.8,21.0,7,9,0,1,0,0
CLI11296,Premium,Anual,Cartão,Parceiro,11,119.9,0,11.3,18.4,4,6,0,0,0,0
CLI11297,Plus,Mensal,Débito automático,Mídia paga,8,75.9,5,6.6,23.9,5,7,0,0,0,0
CLI11298,Premium,Mensal,Cartão,Mídia paga,37,107.91,10,1.0,24.3,7,6,0,0,0,0
CLI11299,Plus,Mensal,Boleto,Parceiro,35,79.9,0,6.5,5.7,4,7,0,0,1,0
CLI11300,Plus,Anual,Débito automático,Busca orgânica,52,79.9,0,1.5,21.3,4,5,2,0,1,0
CLI11301,Plus,Mensal,Débito automático,Busca orgânica,46,71.91,10,0.6,21.8,4,8,1,0,0,0
CLI11302,Premium,Anual,Pix,Mídia paga,7,119.9,0,9.1,56.6,7,6,1,0,0,0
CLI11303,Premium,Mensal,Cartão,Mídia paga,8,119.9,0,7.0,41.7,10,3,2,2,0,1
CLI11304,Premium,Mensal,Cartão,Indicação,13,119.9,0,16.2,33.5,7,8,0,0,0,0
CLI11305,Plus,Mensal,Cartão,Mídia paga,29,71.91,10,4.6,23.9,7,8,0,0,0,0
CLI11306,Plus,Anual,Débito automático,Busca orgânica,58,79.9,0,5.7,12.9,8,6,2,0,0,0
CLI11307,Essencial,Mensal,Cartão,Mídia paga,29,44.91,10,2.8,6.1,4,8,0,0,0,0
CLI11308,Premium,Mensal,Cartão,Mídia paga,23,113.9,5,6.3,10.6,5,8,1,0,1,0
CLI11309,Essencial,Anual,Cartão,Busca orgânica,9,47.4,5,5.7,30.6,7,7,0,1,0,0
CLI11310,Essencial,Mensal,Débito automático,Mídia paga,23,42.42,15,1.7,22.7,5,9,1,0,1,0
CLI11311,Essencial,Mensal,Cartão,Mídia paga,40,47.4,5,3.0,60.7,14,4,2,0,0,0
CLI11312,Plus,Anual,Pix,Busca orgânica,18,79.9,0,8.1,17.7,1,8,0,0,0,0
CLI11313,Plus,Mensal,Cartão,Indicação,16,63.92,20,11.1,14.1,8,10,2,0,0,0
CLI11314,Essencial,Mensal,Cartão,Mídia paga,49,49.9,0,5.6,23.2,3,9,0,1,0,0
CLI11315,Essencial,Anual,Pix,Busca orgânica,34,47.4,5,2.8,9.8,3,9,0,0,0,0
CLI11316,Essencial,Mensal,Cartão,Busca orgânica,45,49.9,0,1.1,36.1,11,9,1,0,0,0
CLI11317,Essencial,Mensal,Débito automático,Indicação,13,44.91,10,2.4,0.4,4,7,2,1,0,0
CLI11318,Essencial,Mensal,Cartão,Indicação,70,47.4,5,5.3,51.8,10,7,1,2,0,0
CLI11319,Plus,Mensal,Boleto,Busca orgânica,16,79.9,0,1.6,64.8,12,5,3,0,1,1
CLI11320,Essencial,Mensal,Cartão,Mídia paga,21,44.91,10,5.9,58.6,7,8,0,1,0,0
CLI11321,Essencial,Mensal,Cartão,Busca orgânica,37,47.4,5,1.1,34.9,6,7,2,0,1,0
CLI11322,Essencial,Mensal,Boleto,Busca orgânica,16,49.9,0,5.2,10.7,8,8,0,0,0,0
CLI11323,Plus,Mensal,Débito automático,Parceiro,31,71.91,10,7.8,12.3,4,8,0,1,0,0
CLI11324,Premium,Mensal,Pix,Busca orgânica,31,119.9,0,7.4,61.0,13,6,3,1,0,0
CLI11325,Essencial,Mensal,Cartão,Indicação,22,39.92,20,6.2,17.2,5,7,1,1,0,0
CLI11326,Essencial,Mensal,Cartão,Parceiro,33,44.91,10,2.7,43.5,6,6,0,0,0,0
CLI11327,Plus,Anual,Pix,Busca orgânica,18,79.9,0,5.4,5.4,8,8,0,0,0,0
CLI11328,Essencial,Mensal,Cartão,Busca orgânica,34,49.9,0,4.4,17.5,7,5,0,0,1,0
CLI11329,Premium,Mensal,Cartão,Mídia paga,40,119.9,0,12.3,77.3,10,6,0,2,0,1
CLI11330,Premium,Anual,Pix,Busca orgânica,25,107.91,10,5.2,34.0,9,4,3,0,1,0
CLI11331,Plus,Mensal,Cartão,Busca orgânica,43,67.92,15,4.9,10.0,6,9,0,0,0,0
CLI11332,Premium,Anual,Débito automático,Mídia paga,14,107.91,10,24.1,19.2,9,7,1,1,1,0
CLI11333,Essencial,Anual,Cartão,Busca orgânica,26,44.91,10,3.3,5.3,5,7,0,1,0,0
CLI11334,Essencial,Mensal,Boleto,Parceiro,76,49.9,0,2.4,13.3,1,8,0,0,0,0
CLI11335,Essencial,Mensal,Pix,Indicação,26,49.9,0,1.8,12.4,7,10,0,1,0,0
CLI11336,Essencial,Mensal,Boleto,Mídia paga,22,44.91,10,2.4,23.9,6,8,0,0,0,0
CLI11337,Essencial,Anual,Débito automático,Busca orgânica,10,49.9,0,6.0,33.0,6,4,0,1,1,0
CLI11338,Plus,Mensal,Cartão,Busca orgânica,14,67.92,15,5.7,7.6,3,6,0,3,0,0
CLI11339,Plus,Anual,Cartão,Mídia paga,24,79.9,0,18.4,17.3,4,7,1,2,0,0
CLI11340,Essencial,Anual,Cartão,Indicação,49,44.91,10,1.3,66.0,4,4,0,1,1,1
CLI11341,Plus,Anual,Débito automático,Indicação,42,75.9,5,7.4,69.6,9,5,0,0,0,0
CLI11342,Essencial,Mensal,Cartão,Mídia paga,12,44.91,10,4.3,16.8,4,6,0,0,0,1
CLI11343,Essencial,Anual,Débito automático,Mídia paga,32,49.9,0,6.9,6.2,5,8,2,0,0,0
CLI11344,Essencial,Anual,Débito automático,Indicação,26,49.9,0,2.0,40.6,5,6,2,0,1,0
CLI11345,Plus,Mensal,Cartão,Mídia paga,27,75.9,5,2.9,36.9,5,8,3,0,0,1
CLI11346,Plus,Anual,Débito automático,Busca orgânica,40,71.91,10,6.7,28.2,3,5,2,0,1,0
CLI11347,Plus,Mensal,Boleto,Mídia paga,37,79.9,0,0.8,9.6,7,7,0,1,0,0
CLI11348,Essencial,Anual,Débito automático,Busca orgânica,35,42.42,15,4.3,41.3,8,8,0,0,1,0
CLI11349,Essencial,Mensal,Cartão,Mídia paga,37,42.42,15,2.5,61.0,2,5,0,0,0,0
CLI11350,Premium,Mensal,Cartão,Busca orgânica,4,119.9,0,4.6,5.2,4,8,1,1,0,1
CLI11351,Essencial,Anual,Pix,Indicação,78,42.42,15,7.4,23.1,6,7,1,0,1,0
CLI11352,Essencial,Mensal,Cartão,Busca orgânica,27,42.42,15,5.7,53.1,7,8,0,0,1,0
CLI11353,Essencial,Mensal,Pix,Busca orgânica,41,49.9,0,6.3,42.9,6,8,0,0,0,0
CLI11354,Essencial,Mensal,Boleto,Mídia paga,50,42.42,15,4.7,22.3,5,6,0,0,0,0
CLI11355,Plus,Anual,Cartão,Indicação,16,75.9,5,2.6,7.5,10,8,1,2,0,0
CLI11356,Essencial,Mensal,Cartão,Busca orgânica,23,44.91,10,2.0,35.4,7,8,1,0,1,0
CLI11357,Plus,Mensal,Cartão,Indicação,50,71.91,10,12.1,21.3,11,4,2,1,1,1
CLI11358,Premium,Mensal,Boleto,Busca orgânica,59,119.9,0,5.2,4.8,4,10,0,0,1,0
CLI11359,Essencial,Mensal,Cartão,Busca orgânica,26,44.91,10,2.4,0.7,5,6,0,0,0,0
CLI11360,Essencial,Mensal,Cartão,Parceiro,6,44.91,10,3.0,13.3,8,10,0,0,0,0
CLI11361,Premium,Mensal,Pix,Indicação,13,107.91,10,5.2,28.7,8,5,2,0,0,1
CLI11362,Plus,Anual,Cartão,Indicação,18,71.91,10,4.9,23.0,8,5,1,0,0,0
CLI11363,Premium,Anual,Cartão,Busca orgânica,31,107.91,10,5.4,24.6,9,10,1,0,0,0
CLI11364,Essencial,Anual,Pix,Mídia paga,33,47.4,5,1.3,49.8,9,3,2,0,1,1
CLI11365,Plus,Anual,Pix,Mídia paga,42,79.9,0,7.3,4.5,3,8,1,0,0,0
CLI11366,Premium,Anual,Cartão,Busca orgânica,48,101.92,15,7.8,14.0,8,9,1,0,0,0
CLI11367,Essencial,Anual,Cartão,Indicação,2,42.42,15,3.1,38.6,11,4,0,2,0,0
CLI11368,Plus,Mensal,Débito automático,Parceiro,20,67.92,15,4.1,5.9,5,9,0,1,0,0
CLI11369,Plus,Anual,Cartão,Busca orgânica,47,79.9,0,4.5,24.8,7,5,3,0,0,0
CLI11370,Plus,Mensal,Boleto,Mídia paga,65,75.9,5,10.3,48.7,5,6,0,0,1,0
CLI11371,Essencial,Mensal,Cartão,Busca orgânica,35,49.9,0,1.8,58.1,9,7,0,0,0,1
CLI11372,Essencial,Mensal,Pix,Mídia paga,11,42.42,15,2.8,6.5,4,7,2,0,1,0
CLI11373,Essencial,Mensal,Débito automático,Mídia paga,28,49.9,0,6.6,20.9,11,7,1,2,0,0
CLI11374,Premium,Mensal,Pix,Indicação,54,95.92,20,4.9,40.2,7,7,1,0,0,0
CLI11375,Essencial,Mensal,Cartão,Indicação,8,44.91,10,1.1,44.0,7,8,1,0,1,0
CLI11376,Essencial,Mensal,Pix,Indicação,11,42.42,15,6.9,21.8,5,8,2,0,0,0
CLI11377,Premium,Anual,Boleto,Mídia paga,11,119.9,0,3.2,3.2,8,5,1,0,0,0
CLI11378,Essencial,Mensal,Cartão,Busca orgânica,37,39.92,20,2.1,16.0,8,8,1,0,0,0
CLI11379,Plus,Mensal,Cartão,Busca orgânica,14,79.9,0,12.6,42.2,9,7,2,1,0,0
CLI11380,Essencial,Anual,Cartão,Mídia paga,1,49.9,0,1.4,27.6,7,6,1,0,0,0
CLI11381,Plus,Anual,Cartão,Mídia paga,54,71.91,10,4.8,20.6,6,8,0,0,0,0
CLI11382,Essencial,Anual,Cartão,Busca orgânica,25,42.42,15,10.2,1.5,6,8,1,0,0,0
CLI11383,Essencial,Mensal,Débito automático,Busca orgânica,79,44.91,10,3.8,21.6,8,6,0,0,1,0
CLI11384,Plus,Mensal,Boleto,Busca orgânica,40,71.91,10,4.2,51.0,4,7,1,0,0,0
CLI11385,Essencial,Anual,Boleto,Indicação,25,39.92,20,13.7,18.1,8,5,3,1,0,0
CLI11386,Essencial,Mensal,Cartão,Indicação,44,39.92,20,1.1,18.7,8,7,2,0,1,0
CLI11387,Essencial,Anual,Cartão,Parceiro,13,42.42,15,3.3,4.8,4,8,0,0,0,0
CLI11388,Plus,Mensal,Cartão,Parceiro,32,71.91,10,4.3,28.5,4,7,2,0,0,0
CLI11389,Essencial,Mensal,Cartão,Mídia paga,32,49.9,0,4.5,23.2,9,10,1,0,0,0
CLI11390,Essencial,Anual,Pix,Busca orgânica,23,47.4,5,2.7,33.7,6,7,0,0,0,0
CLI11391,Essencial,Mensal,Cartão,Indicação,9,47.4,5,3.9,30.0,11,7,0,0,0,0
CLI11392,Essencial,Mensal,Cartão,Busca orgânica,31,47.4,5,4.1,24.3,13,9,0,1,0,0
CLI11393,Plus,Anual,Débito automático,Indicação,30,71.91,10,6.6,12.6,4,7,1,0,0,0
CLI11394,Essencial,Mensal,Débito automático,Parceiro,16,39.92,20,1.7,17.1,2,5,1,0,0,0
CLI11395,Premium,Mensal,Boleto,Mídia paga,8,119.9,0,4.8,25.6,4,7,0,0,1,0
CLI11396,Plus,Mensal,Cartão,Parceiro,14,71.91,10,1.9,17.0,8,8,0,0,0,0
CLI11397,Premium,Mensal,Débito automático,Mídia paga,68,107.91,10,3.1,25.5,7,9,3,0,0,0
CLI11398,Plus,Mensal,Cartão,Busca orgânica,17,71.91,10,5.8,17.5,5,9,0,0,0,0
CLI11399,Essencial,Mensal,Cartão,Busca orgânica,31,47.4,5,4.1,30.9,10,10,0,1,0,0
CLI11400,Premium,Mensal,Cartão,Mídia paga,29,107.91,10,2.6,4.4,1,8,1,0,0,0
CLI11401,Plus,Mensal,Pix,Mídia paga,23,71.91,10,2.2,29.1,3,5,0,0,1,0
CLI11402,Plus,Anual,Cartão,Mídia paga,71,71.91,10,9.3,0.9,2,7,0,0,0,0
CLI11403,Essencial,Mensal,Débito automático,Busca orgânica,39,39.92,20,1.4,5.7,3,8,0,0,0,0
CLI11404,Essencial,Anual,Cartão,Busca orgânica,36,49.9,0,1.3,70.7,16,3,3,1,1,1
CLI11405,Plus,Mensal,Boleto,Busca orgânica,26,79.9,0,2.2,10.6,3,8,0,1,1,0
CLI11406,Essencial,Mensal,Cartão,Indicação,17,44.91,10,6.9,12.4,6,6,0,1,1,1
CLI11407,Plus,Anual,Débito automático,Busca orgânica,26,79.9,0,3.0,42.0,10,6,0,0,0,0
CLI11408,Essencial,Mensal,Boleto,Indicação,39,47.4,5,3.3,6.1,3,6,0,1,0,0
CLI11409,Plus,Mensal,Pix,Busca orgânica,45,75.9,5,8.7,8.4,10,7,0,0,0,0
CLI11410,Essencial,Anual,Débito automático,Busca orgânica,39,44.91,10,2.6,13.0,5,5,0,0,0,0
CLI11411,Essencial,Anual,Débito automático,Indicação,4,49.9,0,5.1,51.1,11,6,0,0,0,0
CLI11412,Essencial,Mensal,Cartão,Mídia paga,6,47.4,5,3.1,60.2,8,7,1,0,1,1
CLI11413,Plus,Anual,Débito automático,Indicação,21,71.91,10,2.4,8.4,8,6,0,0,1,0
CLI11414,Plus,Mensal,Débito automático,Mídia paga,6,75.9,5,3.2,13.6,12,9,1,0,0,0
CLI11415,Premium,Anual,Cartão,Indicação,12,119.9,0,1.5,44.7,11,8,1,0,1,0
CLI11416,Plus,Mensal,Cartão,Mídia paga,9,63.92,20,2.1,23.1,8,8,1,0,0,0
CLI11417,Plus,Mensal,Cartão,Busca orgânica,22,79.9,0,8.3,28.0,10,6,1,2,0,0
CLI11418,Plus,Mensal,Cartão,Mídia paga,26,63.92,20,13.8,34.6,14,5,4,2,0,1
CLI11419,Plus,Mensal,Boleto,Mídia paga,9,67.92,15,5.4,24.8,6,6,1,2,0,1
CLI11420,Premium,Anual,Boleto,Busca orgânica,58,119.9,0,3.2,32.5,13,7,2,0,0,0
CLI11421,Plus,Mensal,Débito automático,Mídia paga,32,71.91,10,6.4,59.5,14,7,1,0,0,0
CLI11422,Essencial,Mensal,Cartão,Busca orgânica,25,49.9,0,2.7,54.4,14,6,1,3,0,1
CLI11423,Plus,Anual,Cartão,Busca orgânica,43,79.9,0,12.4,24.7,8,10,1,0,0,0
CLI11424,Essencial,Mensal,Cartão,Busca orgânica,24,47.4,5,3.8,68.1,12,6,0,3,1,0
CLI11425,Essencial,Anual,Cartão,Mídia paga,34,47.4,5,1.7,25.8,5,8,0,1,0,0
CLI11426,Plus,Mensal,Débito automático,Mídia paga,17,67.92,15,8.3,4.0,4,8,1,0,0,0
CLI11427,Premium,Mensal,Pix,Parceiro,13,107.91,10,5.8,69.4,9,6,1,0,0,0
CLI11428,Essencial,Mensal,Pix,Indicação,10,44.91,10,5.1,69.4,10,6,1,0,0,0
CLI11429,Essencial,Mensal,Cartão,Indicação,27,44.91,10,1.2,26.1,6,7,0,1,0,0
CLI11430,Premium,Mensal,Boleto,Busca orgânica,31,119.9,0,12.5,6.9,8,8,0,1,1,0
CLI11431,Essencial,Anual,Cartão,Mídia paga,87,49.9,0,1.2,22.0,1,8,0,0,0,0
CLI11432,Essencial,Mensal,Cartão,Indicação,4,44.91,10,5.9,62.8,10,7,0,0,1,0
CLI11433,Plus,Anual,Cartão,Busca orgânica,25,71.91,10,2.2,17.9,5,9,0,0,0,0
CLI11434,Premium,Mensal,Cartão,Parceiro,44,107.91,10,12.2,14.1,9,8,0,2,0,0
CLI11435,Plus,Anual,Pix,Busca orgânica,12,67.92,15,4.5,33.1,9,6,1,0,0,0
CLI11436,Plus,Mensal,Pix,Busca orgânica,51,71.91,10,7.9,28.6,3,8,0,0,0,0
CLI11437,Essencial,Mensal,Pix,Indicação,44,49.9,0,1.7,27.9,8,7,0,0,0,0
CLI11438,Essencial,Mensal,Cartão,Indicação,53,49.9,0,1.8,13.5,7,8,2,1,0,0
CLI11439,Plus,Mensal,Boleto,Busca orgânica,35,71.91,10,5.5,3.3,6,7,2,0,0,0
CLI11440,Premium,Mensal,Débito automático,Indicação,13,107.91,10,3.5,23.5,8,9,3,0,0,0
CLI11441,Essencial,Mensal,Débito automático,Busca orgânica,25,49.9,0,2.0,26.8,7,7,1,0,0,0
CLI11442,Essencial,Mensal,Cartão,Indicação,47,47.4,5,2.2,19.0,4,7,2,2,0,0
CLI11443,Essencial,Anual,Boleto,Busca orgânica,14,39.92,20,3.4,13.8,10,6,2,1,1,0
CLI11444,Essencial,Mensal,Débito automático,Busca orgânica,6,49.9,0,1.4,12.4,2,7,0,0,0,0
CLI11445,Essencial,Mensal,Pix,Parceiro,9,49.9,0,3.6,8.0,5,7,0,0,0,0
CLI11446,Essencial,Mensal,Cartão,Busca orgânica,39,44.91,10,2.8,16.3,5,6,0,1,0,0
CLI11447,Plus,Mensal,Cartão,Indicação,15,63.92,20,2.2,44.7,8,5,2,0,1,1
CLI11448,Essencial,Mensal,Débito automático,Mídia paga,32,49.9,0,5.0,14.5,6,8,0,1,1,0
CLI11449,Plus,Mensal,Cartão,Mídia paga,43,67.92,15,13.3,41.1,11,5,2,2,0,0
CLI11450,Plus,Mensal,Débito automático,Mídia paga,18,79.9,0,2.7,37.9,7,6,1,0,0,0
CLI11451,Premium,Anual,Débito automático,Busca orgânica,11,119.9,0,7.8,1.2,1,8,0,0,1,0
CLI11452,Premium,Mensal,Débito automático,Mídia paga,12,119.9,0,6.0,5.1,4,7,0,1,0,0
CLI11453,Essencial,Mensal,Cartão,Mídia paga,79,42.42,15,7.1,14.1,7,6,1,0,0,0
CLI11454,Essencial,Anual,Boleto,Busca orgânica,12,49.9,0,1.7,41.7,9,4,2,2,0,1
CLI11455,Plus,Mensal,Cartão,Busca orgânica,34,79.9,0,7.9,18.8,5,6,2,0,1,0
CLI11456,Essencial,Mensal,Débito automático,Indicação,4,44.91,10,3.5,18.8,8,7,1,2,0,0
CLI11457,Essencial,Mensal,Cartão,Indicação,45,42.42,15,3.8,30.5,3,6,1,0,1,0
CLI11458,Essencial,Anual,Cartão,Indicação,32,49.9,0,3.4,46.4,7,7,0,0,1,0
CLI11459,Premium,Mensal,Cartão,Busca orgânica,22,95.92,20,9.6,4.9,3,6,3,0,0,0
CLI11460,Essencial,Anual,Débito automático,Parceiro,24,39.92,20,1.1,4.6,3,9,0,0,0,0
CLI11461,Plus,Mensal,Pix,Mídia paga,29,79.9,0,4.8,66.1,11,6,1,0,0,0
CLI11462,Essencial,Anual,Cartão,Indicação,7,49.9,0,1.0,23.1,5,7,1,0,0,0
CLI11463,Plus,Mensal,Cartão,Indicação,37,79.9,0,2.2,13.4,2,9,0,0,0,0
CLI11464,Essencial,Anual,Débito automático,Mídia paga,72,44.91,10,4.9,24.1,3,7,0,0,0,0
CLI11465,Premium,Mensal,Cartão,Busca orgânica,1,119.9,0,6.7,23.4,8,8,1,0,0,0
CLI11466,Plus,Anual,Cartão,Mídia paga,14,71.91,10,4.8,44.8,7,7,1,0,0,0
CLI11467,Essencial,Mensal,Débito automático,Parceiro,25,42.42,15,1.4,52.3,12,5,1,2,0,1
CLI11468,Essencial,Anual,Cartão,Busca orgânica,57,47.4,5,3.1,36.5,6,6,1,0,0,0
CLI11469,Plus,Anual,Cartão,Indicação,68,79.9,0,4.4,12.8,5,7,0,0,0,0
CLI11470,Plus,Mensal,Cartão,Parceiro,3,79.9,0,8.5,79.7,11,4,1,1,0,0
CLI11471,Essencial,Mensal,Pix,Busca orgânica,42,44.91,10,3.8,20.7,3,6,0,2,1,0
CLI11472,Essencial,Mensal,Pix,Busca orgânica,64,44.91,10,1.4,18.9,6,5,0,0,1,0
CLI11473,Essencial,Anual,Cartão,Mídia paga,5,49.9,0,3.3,4.1,2,10,0,1,0,0
CLI11474,Essencial,Anual,Cartão,Busca orgânica,34,44.91,10,2.1,18.4,7,5,2,0,0,0
CLI11475,Essencial,Mensal,Cartão,Indicação,64,49.9,0,2.8,7.5,12,7,2,0,0,0
CLI11476,Essencial,Mensal,Cartão,Mídia paga,20,49.9,0,2.0,3.5,4,8,1,0,0,1
CLI11477,Essencial,Mensal,Cartão,Indicação,31,47.4,5,2.9,14.0,8,5,2,0,0,1
CLI11478,Premium,Mensal,Cartão,Indicação,19,107.91,10,3.5,23.9,9,7,1,0,0,1
CLI11479,Plus,Mensal,Pix,Busca orgânica,34,79.9,0,2.9,48.1,13,8,1,0,0,0
CLI11480,Premium,Anual,Cartão,Indicação,49,107.91,10,3.6,20.7,5,7,0,2,0,0
CLI11481,Plus,Mensal,Boleto,Mídia paga,55,79.9,0,5.4,41.7,7,6,2,1,0,0
CLI11482,Plus,Anual,Boleto,Parceiro,15,79.9,0,7.6,13.5,2,6,3,0,1,0
CLI11483,Essencial,Anual,Cartão,Parceiro,9,47.4,5,4.7,17.2,4,7,1,2,0,0
CLI11484,Plus,Mensal,Débito automático,Indicação,34,75.9,5,4.7,35.8,4,9,0,0,0,0
CLI11485,Essencial,Mensal,Pix,Parceiro,40,44.91,10,0.6,4.0,5,6,2,0,0,0
CLI11486,Plus,Mensal,Cartão,Indicação,8,79.9,0,0.4,4.6,3,9,0,0,0,0
CLI11487,Premium,Mensal,Cartão,Busca orgânica,21,119.9,0,1.5,66.0,11,4,2,0,1,0
CLI11488,Premium,Anual,Boleto,Indicação,62,95.92,20,12.2,9.3,8,9,2,1,0,0
CLI11489,Essencial,Mensal,Cartão,Mídia paga,20,49.9,0,10.4,30.6,10,8,0,0,0,0
CLI11490,Plus,Mensal,Pix,Indicação,52,79.9,0,5.9,34.1,5,6,0,0,0,0
CLI11491,Essencial,Anual,Pix,Mídia paga,16,47.4,5,6.7,1.5,1,9,0,1,0,0
CLI11492,Essencial,Mensal,Cartão,Mídia paga,52,49.9,0,2.4,9.9,8,8,1,0,0,0
CLI11493,Essencial,Mensal,Pix,Busca orgânica,25,44.91,10,3.8,13.0,2,5,0,0,1,0
CLI11494,Essencial,Anual,Boleto,Mídia paga,21,44.91,10,1.4,1.9,4,8,1,0,1,0
CLI11495,Plus,Mensal,Cartão,Busca orgânica,26,75.9,5,8.2,4.5,4,5,1,1,0,1
CLI11496,Essencial,Mensal,Cartão,Indicação,14,49.9,0,4.9,37.3,4,6,0,0,0,0
CLI11497,Essencial,Mensal,Cartão,Busca orgânica,8,44.91,10,8.0,14.7,7,7,0,0,0,0
CLI11498,Premium,Mensal,Débito automático,Mídia paga,20,107.91,10,1.5,33.6,7,7,0,1,1,0
CLI11499,Plus,Mensal,Pix,Indicação,40,79.9,0,6.4,2.2,4,9,1,0,0,0
CLI11500,Essencial,Anual,Pix,Mídia paga,5,49.9,0,3.2,54.9,5,7,0,0,0,0
CLI11501,Plus,Mensal,Débito automático,Busca orgânica,55,79.9,0,1.8,39.6,8,6,1,0,1,0
CLI11502,Plus,Mensal,Boleto,Mídia paga,21,75.9,5,3.4,54.0,10,5,0,0,0,1
CLI11503,Plus,Mensal,Cartão,Indicação,40,75.9,5,2.4,27.3,10,6,0,1,1,0
CLI11504,Plus,Mensal,Débito automático,Busca orgânica,19,71.91,10,3.2,24.9,6,8,1,0,1,0
CLI11505,Premium,Anual,Cartão,Busca orgânica,38,119.9,0,4.3,22.5,6,9,0,0,0,0
CLI11506,Essencial,Anual,Cartão,Busca orgânica,39,39.92,20,1.3,1.8,4,10,0,0,1,0
CLI11507,Plus,Anual,Cartão,Busca orgânica,62,75.9,5,3.6,20.1,5,8,1,0,0,0
CLI11508,Essencial,Mensal,Cartão,Busca orgânica,5,49.9,0,0.6,20.6,4,7,0,2,1,0
CLI11509,Premium,Mensal,Boleto,Busca orgânica,24,119.9,0,11.1,3.3,4,8,1,0,0,0
CLI11510,Essencial,Anual,Pix,Indicação,49,42.42,15,5.4,19.8,13,9,2,0,0,0
CLI11511,Essencial,Anual,Pix,Indicação,24,49.9,0,8.2,42.7,6,9,1,0,0,0
CLI11512,Premium,Anual,Cartão,Parceiro,22,119.9,0,3.9,35.5,5,8,1,0,0,0
CLI11513,Plus,Mensal,Cartão,Indicação,20,71.91,10,0.6,34.4,5,6,1,0,0,0
CLI11514,Essencial,Mensal,Boleto,Busca orgânica,27,39.92,20,9.0,48.7,11,6,1,0,0,0
CLI11515,Essencial,Mensal,Débito automático,Busca orgânica,39,47.4,5,2.7,52.8,11,7,0,0,0,0
CLI11516,Essencial,Mensal,Pix,Mídia paga,22,49.9,0,2.4,25.6,4,7,1,1,0,0
CLI11517,Premium,Mensal,Cartão,Busca orgânica,49,107.91,10,3.4,46.3,9,5,0,0,0,0
CLI11518,Essencial,Mensal,Cartão,Busca orgânica,30,49.9,0,14.6,30.7,3,7,0,0,1,0
CLI11519,Essencial,Mensal,Boleto,Parceiro,23,39.92,20,2.3,48.4,10,7,1,1,1,1
CLI11520,Plus,Mensal,Cartão,Parceiro,27,67.92,15,11.0,2.5,3,9,1,1,0,0
CLI11521,Essencial,Mensal,Cartão,Indicação,49,42.42,15,1.3,32.4,9,5,0,0,0,0
CLI11522,Essencial,Mensal,Débito automático,Mídia paga,15,49.9,0,1.6,23.6,5,9,0,0,0,0
CLI11523,Premium,Mensal,Boleto,Parceiro,20,95.92,20,11.4,9.0,0,7,0,2,0,0
CLI11524,Essencial,Mensal,Cartão,Parceiro,16,44.91,10,3.6,43.9,7,7,2,1,0,1
CLI11525,Premium,Anual,Débito automático,Busca orgânica,21,119.9,0,8.6,14.7,4,9,0,1,0,0
CLI11526,Plus,Mensal,Cartão,Mídia paga,26,71.91,10,4.5,43.8,14,7,1,1,1,0
CLI11527,Essencial,Anual,Débito automático,Busca orgânica,48,42.42,15,3.9,11.5,9,7,2,0,0,0
CLI11528,Plus,Mensal,Cartão,Mídia paga,39,79.9,0,6.2,47.7,6,7,1,1,0,0
CLI11529,Plus,Mensal,Débito automático,Busca orgânica,25,71.91,10,5.7,17.0,3,6,0,2,0,0
CLI11530,Plus,Mensal,Débito automático,Mídia paga,25,79.9,0,2.4,25.2,6,7,0,0,0,0
CLI11531,Plus,Anual,Boleto,Parceiro,35,71.91,10,5.1,48.5,15,7,0,2,0,0
CLI11532,Essencial,Anual,Pix,Indicação,19,47.4,5,4.5,62.0,12,6,2,0,0,0
CLI11533,Essencial,Mensal,Débito automático,Indicação,15,49.9,0,2.6,30.9,5,4,0,2,1,0
CLI11534,Plus,Anual,Pix,Mídia paga,35,79.9,0,4.4,12.3,10,8,0,1,1,0
CLI11535,Essencial,Anual,Pix,Busca orgânica,15,44.91,10,3.9,30.7,7,7,1,0,0,0
CLI11536,Essencial,Anual,Cartão,Mídia paga,12,49.9,0,5.5,20.3,4,7,1,0,0,0
CLI11537,Plus,Mensal,Débito automático,Mídia paga,91,75.9,5,3.3,10.0,6,6,1,0,1,0
CLI11538,Essencial,Mensal,Cartão,Mídia paga,4,42.42,15,4.1,26.1,2,8,2,0,0,0
CLI11539,Plus,Anual,Pix,Mídia paga,3,67.92,15,6.0,47.4,12,5,0,0,0,0
CLI11540,Plus,Anual,Débito automático,Indicação,24,71.91,10,6.7,17.7,8,9,1,0,1,0
CLI11541,Premium,Anual,Débito automático,Indicação,37,119.9,0,13.0,21.6,5,5,2,1,0,0
CLI11542,Essencial,Mensal,Pix,Mídia paga,22,49.9,0,4.9,18.0,8,7,3,0,1,0
CLI11543,Essencial,Anual,Pix,Busca orgânica,19,49.9,0,2.0,11.1,9,6,1,1,0,0
CLI11544,Premium,Anual,Pix,Mídia paga,75,95.92,20,4.7,11.1,2,7,1,0,0,0
CLI11545,Essencial,Anual,Pix,Indicação,16,44.91,10,2.7,41.3,8,6,1,0,0,0
CLI11546,Plus,Anual,Cartão,Mídia paga,26,75.9,5,7.3,20.0,4,7,0,2,0,0
CLI11547,Plus,Mensal,Débito automático,Indicação,21,63.92,20,4.4,15.4,2,7,0,0,0,0
CLI11548,Essencial,Anual,Débito automático,Mídia paga,29,47.4,5,2.9,1.3,4,8,1,0,0,0
CLI11549,Essencial,Mensal,Pix,Indicação,21,47.4,5,3.6,26.9,7,7,0,0,0,0
CLI11550,Plus,Mensal,Cartão,Indicação,34,79.9,0,12.6,15.4,7,7,0,1,0,0
CLI11551,Essencial,Mensal,Cartão,Busca orgânica,26,49.9,0,1.6,1.7,3,9,1,0,0,0
CLI11552,Premium,Anual,Débito automático,Indicação,19,107.91,10,4.2,25.4,6,6,2,0,1,1
CLI11553,Plus,Mensal,Boleto,Parceiro,9,79.9,0,6.2,56.0,6,5,2,0,1,1
CLI11554,Essencial,Mensal,Cartão,Busca orgânica,1,49.9,0,0.5,52.4,16,5,2,1,1,1
CLI11555,Plus,Mensal,Boleto,Busca orgânica,36,63.92,20,3.8,37.4,13,5,4,0,0,0
CLI11556,Essencial,Anual,Cartão,Indicação,13,44.91,10,5.2,53.4,15,7,1,0,0,0
CLI11557,Essencial,Anual,Boleto,Busca orgânica,26,42.42,15,3.7,23.2,6,7,1,0,0,0
CLI11558,Premium,Mensal,Boleto,Indicação,9,119.9,0,7.3,29.8,7,6,2,0,0,0
CLI11559,Plus,Mensal,Pix,Mídia paga,43,63.92,20,5.6,53.0,13,4,2,0,0,1
CLI11560,Plus,Mensal,Boleto,Parceiro,42,71.91,10,2.8,23.0,6,7,2,1,0,0
CLI11561,Premium,Mensal,Pix,Busca orgânica,13,119.9,0,7.0,21.8,3,5,4,0,1,0
CLI11562,Plus,Anual,Cartão,Mídia paga,39,67.92,15,12.6,9.8,4,5,0,0,1,0
CLI11563,Essencial,Mensal,Débito automático,Parceiro,43,49.9,0,4.0,8.8,5,7,2,0,0,0
CLI11564,Essencial,Mensal,Cartão,Parceiro,58,42.42,15,5.1,37.7,5,7,1,0,0,0
CLI11565,Essencial,Anual,Cartão,Mídia paga,9,44.91,10,6.2,28.1,7,7,0,1,0,0
CLI11566,Essencial,Mensal,Cartão,Mídia paga,19,47.4,5,3.5,12.3,2,9,0,1,1,0
CLI11567,Essencial,Mensal,Pix,Busca orgânica,24,42.42,15,3.5,3.1,1,6,0,0,1,0
CLI11568,Plus,Mensal,Débito automático,Mídia paga,21,79.9,0,5.6,47.5,7,7,0,0,0,0
CLI11569,Essencial,Mensal,Débito automático,Mídia paga,64,47.4,5,3.8,48.8,10,7,1,1,0,0
CLI11570,Plus,Mensal,Boleto,Indicação,34,75.9,5,2.9,21.0,5,6,1,1,0,0
CLI11571,Premium,Anual,Débito automático,Busca orgânica,12,119.9,0,5.5,29.1,6,7,0,0,0,0
CLI11572,Premium,Anual,Débito automático,Busca orgânica,75,119.9,0,1.5,7.2,2,7,3,1,1,0
CLI11573,Essencial,Anual,Boleto,Indicação,37,49.9,0,5.2,55.2,12,6,0,0,1,0
CLI11574,Premium,Anual,Cartão,Busca orgânica,20,119.9,0,2.5,30.8,10,9,1,0,1,0
CLI11575,Plus,Mensal,Débito automático,Mídia paga,6,71.91,10,3.6,55.8,10,7,0,0,0,0
CLI11576,Essencial,Anual,Cartão,Mídia paga,22,39.92,20,3.4,7.2,6,8,1,0,0,0
CLI11577,Essencial,Mensal,Cartão,Mídia paga,55,44.91,10,1.5,15.9,7,6,2,1,0,0
CLI11578,Essencial,Mensal,Cartão,Mídia paga,25,47.4,5,3.4,10.7,3,7,1,0,1,0
CLI11579,Plus,Mensal,Cartão,Indicação,21,75.9,5,7.0,21.4,6,8,0,1,0,0
CLI11580,Plus,Mensal,Boleto,Indicação,34,79.9,0,5.6,50.9,12,6,0,0,0,1
CLI11581,Plus,Mensal,Cartão,Indicação,23,71.91,10,13.2,34.5,6,6,1,2,1,0
CLI11582,Plus,Mensal,Boleto,Parceiro,40,67.92,15,5.3,39.4,5,8,1,0,0,0
CLI11583,Essencial,Mensal,Pix,Mídia paga,45,49.9,0,2.8,51.0,13,7,1,0,1,0
CLI11584,Essencial,Mensal,Débito automático,Mídia paga,13,49.9,0,2.2,21.4,6,8,0,0,0,1
CLI11585,Premium,Mensal,Cartão,Busca orgânica,51,107.91,10,4.7,16.3,10,8,0,1,0,0
CLI11586,Premium,Mensal,Boleto,Parceiro,13,107.91,10,14.1,30.2,7,9,0,1,0,0
CLI11587,Plus,Mensal,Cartão,Indicação,28,79.9,0,10.2,57.2,7,8,0,1,0,0
CLI11588,Essencial,Mensal,Débito automático,Indicação,66,49.9,0,5.2,50.7,16,6,0,1,0,0
CLI11589,Essencial,Mensal,Boleto,Mídia paga,27,49.9,0,0.9,18.5,5,7,0,1,0,1
CLI11590,Essencial,Mensal,Débito automático,Busca orgânica,6,49.9,0,2.1,31.3,7,7,1,0,0,0
CLI11591,Essencial,Mensal,Débito automático,Parceiro,30,49.9,0,2.9,15.1,7,6,0,0,0,0
CLI11592,Essencial,Anual,Cartão,Mídia paga,41,44.91,10,2.4,20.7,4,8,0,0,0,0
CLI11593,Premium,Mensal,Cartão,Parceiro,42,101.92,15,7.7,54.9,12,7,1,0,1,0
CLI11594,Plus,Mensal,Cartão,Mídia paga,50,71.91,10,6.3,44.2,5,7,1,0,0,0
CLI11595,Essencial,Anual,Cartão,Parceiro,29,49.9,0,4.3,55.8,9,3,0,0,1,1
CLI11596,Essencial,Mensal,Cartão,Mídia paga,45,49.9,0,0.8,3.4,4,8,0,0,0,0
CLI11597,Essencial,Mensal,Débito automático,Busca orgânica,12,39.92,20,0.7,17.1,6,7,1,0,1,0
CLI11598,Plus,Mensal,Boleto,Mídia paga,40,79.9,0,5.0,32.7,11,7,0,3,1,0
CLI11599,Plus,Anual,Débito automático,Parceiro,19,63.92,20,5.7,9.2,7,6,0,0,0,0
CLI11600,Essencial,Mensal,Débito automático,Indicação,57,47.4,5,1.5,41.9,13,8,0,0,1,0
CLI11601,Premium,Anual,Pix,Mídia paga,29,119.9,0,9.1,17.2,8,7,1,1,0,0
CLI11602,Essencial,Anual,Cartão,Busca orgânica,20,49.9,0,2.2,8.4,2,6,0,1,1,0
CLI11603,Essencial,Mensal,Débito automático,Mídia paga,46,44.91,10,3.0,34.7,5,6,1,0,1,0
CLI11604,Premium,Mensal,Cartão,Mídia paga,27,119.9,0,2.2,20.5,8,7,0,0,0,0
CLI11605,Essencial,Mensal,Cartão,Busca orgânica,6,42.42,15,1.6,12.1,2,7,0,2,0,0
CLI11606,Essencial,Mensal,Boleto,Mídia paga,11,49.9,0,1.6,23.9,7,8,0,0,0,0
CLI11607,Plus,Mensal,Cartão,Busca orgânica,83,79.9,0,6.5,7.3,3,7,2,0,1,0
CLI11608,Essencial,Mensal,Cartão,Indicação,33,49.9,0,6.5,13.2,3,7,0,1,1,0
CLI11609,Essencial,Anual,Cartão,Mídia paga,30,44.91,10,9.7,29.2,3,3,1,1,1,0
CLI11610,Essencial,Anual,Débito automático,Indicação,23,39.92,20,2.1,8.1,4,9,0,0,1,0
CLI11611,Essencial,Anual,Cartão,Mídia paga,33,39.92,20,5.7,30.1,8,6,1,1,0,0
CLI11612,Plus,Mensal,Pix,Parceiro,36,75.9,5,1.2,33.7,5,8,0,0,0,0
CLI11613,Essencial,Anual,Cartão,Indicação,8,44.91,10,5.6,7.6,2,6,2,2,0,0
CLI11614,Plus,Anual,Débito automático,Busca orgânica,20,67.92,15,3.5,22.1,5,6,0,0,1,0
CLI11615,Premium,Anual,Débito automático,Indicação,14,107.91,10,10.1,28.8,4,7,0,0,0,0
CLI11616,Essencial,Anual,Cartão,Mídia paga,9,49.9,0,2.5,17.1,4,6,0,0,0,0
CLI11617,Essencial,Mensal,Débito automático,Indicação,4,42.42,15,3.8,43.5,10,6,0,0,0,0
CLI11618,Essencial,Anual,Cartão,Busca orgânica,88,47.4,5,2.9,28.9,10,7,2,0,0,0
CLI11619,Essencial,Mensal,Cartão,Busca orgânica,96,47.4,5,2.8,18.6,12,6,1,2,0,0
CLI11620,Essencial,Anual,Cartão,Mídia paga,87,49.9,0,3.8,15.2,7,6,1,0,0,0
CLI11621,Plus,Mensal,Cartão,Mídia paga,46,67.92,15,2.6,32.6,3,5,0,0,0,0
CLI11622,Essencial,Mensal,Boleto,Busca orgânica,31,42.42,15,1.4,22.4,12,7,1,0,0,0
CLI11623,Plus,Mensal,Débito automático,Busca orgânica,18,67.92,15,6.4,10.0,4,7,1,0,0,0
CLI11624,Plus,Mensal,Boleto,Mídia paga,20,79.9,0,4.2,15.6,2,9,1,0,0,0
CLI11625,Premium,Mensal,Cartão,Busca orgânica,9,119.9,0,4.4,35.0,6,8,2,0,1,1
CLI11626,Essencial,Anual,Débito automático,Busca orgânica,24,49.9,0,2.9,30.2,8,6,0,0,0,0
CLI11627,Essencial,Mensal,Pix,Indicação,6,49.9,0,3.9,2.3,8,8,2,0,0,0
CLI11628,Premium,Mensal,Cartão,Busca orgânica,29,119.9,0,5.5,11.4,5,6,3,0,0,0
CLI11629,Essencial,Mensal,Débito automático,Busca orgânica,10,47.4,5,5.0,70.8,14,6,0,0,0,0
CLI11630,Plus,Mensal,Débito automático,Mídia paga,48,63.92,20,6.8,25.1,6,7,1,0,0,0
CLI11631,Plus,Mensal,Boleto,Mídia paga,19,79.9,0,7.3,16.9,7,6,1,0,0,0
CLI11632,Plus,Anual,Boleto,Parceiro,56,79.9,0,4.5,4.7,4,9,0,0,0,0
CLI11633,Essencial,Anual,Cartão,Busca orgânica,56,49.9,0,3.3,49.1,10,4,3,0,1,0
CLI11634,Essencial,Mensal,Débito automático,Busca orgânica,38,44.91,10,1.9,3.0,2,6,1,1,0,0
CLI11635,Plus,Mensal,Boleto,Mídia paga,62,71.91,10,2.4,5.3,2,8,0,1,0,0
CLI11636,Plus,Anual,Débito automático,Busca orgânica,28,75.9,5,5.4,7.9,4,8,1,0,1,0
CLI11637,Plus,Mensal,Cartão,Busca orgânica,54,67.92,15,2.8,37.0,5,6,1,0,1,0
CLI11638,Plus,Anual,Cartão,Busca orgânica,33,79.9,0,2.9,2.3,4,9,1,0,0,0
CLI11639,Premium,Mensal,Cartão,Busca orgânica,56,107.91,10,9.8,42.0,4,8,0,0,0,0
CLI11640,Premium,Anual,Cartão,Indicação,30,107.91,10,7.4,35.3,14,6,0,0,0,0
CLI11641,Plus,Mensal,Boleto,Indicação,52,67.92,15,3.9,17.4,5,7,3,1,0,0
CLI11642,Essencial,Anual,Boleto,Busca orgânica,50,49.9,0,6.0,60.2,7,5,1,2,0,1
CLI11643,Essencial,Anual,Boleto,Parceiro,30,49.9,0,4.4,6.1,3,7,1,1,1,0
CLI11644,Plus,Mensal,Cartão,Indicação,14,75.9,5,8.7,9.0,8,8,0,0,0,0
CLI11645,Plus,Mensal,Pix,Indicação,52,75.9,5,6.6,63.1,14,9,0,0,1,0
CLI11646,Essencial,Mensal,Pix,Mídia paga,30,49.9,0,3.9,22.7,6,7,0,0,1,0
CLI11647,Plus,Mensal,Pix,Parceiro,54,75.9,5,1.7,0.6,2,9,0,0,0,0
CLI11648,Essencial,Anual,Cartão,Indicação,18,49.9,0,5.0,30.5,8,8,1,2,1,0
CLI11649,Essencial,Mensal,Boleto,Mídia paga,6,49.9,0,2.6,12.3,3,7,0,1,0,0
CLI11650,Premium,Mensal,Débito automático,Indicação,5,95.92,20,11.6,28.2,3,8,0,0,0,0
CLI11651,Essencial,Mensal,Débito automático,Indicação,14,49.9,0,10.8,33.1,3,7,2,0,0,0
CLI11652,Plus,Mensal,Cartão,Parceiro,54,79.9,0,6.6,35.0,7,6,2,1,0,1
CLI11653,Plus,Anual,Cartão,Mídia paga,20,79.9,0,2.8,29.9,5,9,1,0,0,0
CLI11654,Plus,Mensal,Pix,Mídia paga,37,71.91,10,1.4,23.6,7,7,0,0,0,0
CLI11655,Essencial,Anual,Débito automático,Indicação,36,44.91,10,0.8,34.5,6,8,0,0,0,0
CLI11656,Plus,Mensal,Boleto,Mídia paga,4,79.9,0,3.4,39.2,13,6,0,1,1,1
CLI11657,Essencial,Anual,Cartão,Indicação,39,47.4,5,3.7,6.2,7,7,0,0,1,0
CLI11658,Plus,Mensal,Cartão,Busca orgânica,38,79.9,0,1.3,51.3,5,5,1,0,0,1
CLI11659,Essencial,Mensal,Boleto,Mídia paga,14,44.91,10,3.4,17.7,3,10,1,1,0,0
CLI11660,Premium,Mensal,Pix,Mídia paga,33,119.9,0,7.4,22.5,6,9,0,0,1,0
CLI11661,Plus,Anual,Pix,Mídia paga,62,71.91,10,9.4,19.3,5,9,2,0,0,0
CLI11662,Essencial,Anual,Boleto,Indicação,27,49.9,0,1.1,15.0,6,9,0,0,0,0
CLI11663,Essencial,Anual,Débito automático,Mídia paga,46,47.4,5,5.0,38.2,11,6,1,0,1,0
CLI11664,Essencial,Mensal,Débito automático,Parceiro,24,44.91,10,9.0,7.8,6,9,1,0,0,0
CLI11665,Plus,Mensal,Cartão,Parceiro,85,75.9,5,6.3,37.2,8,6,1,2,0,0
CLI11666,Plus,Mensal,Pix,Indicação,12,79.9,0,5.7,7.9,0,10,0,0,0,0
CLI11667,Plus,Anual,Cartão,Indicação,30,79.9,0,3.8,13.2,4,6,0,0,1,0
CLI11668,Premium,Anual,Pix,Busca orgânica,7,113.9,5,7.4,11.5,4,9,2,0,0,0
CLI11669,Essencial,Mensal,Pix,Busca orgânica,36,49.9,0,1.2,36.5,11,7,0,0,0,0
CLI11670,Plus,Mensal,Cartão,Mídia paga,5,79.9,0,11.3,19.2,5,7,1,1,1,0
CLI11671,Essencial,Mensal,Cartão,Busca orgânica,25,47.4,5,4.3,6.7,5,8,1,1,1,0
CLI11672,Plus,Mensal,Cartão,Busca orgânica,69,79.9,0,3.3,40.7,10,7,0,1,0,0
CLI11673,Plus,Anual,Pix,Indicação,46,71.91,10,9.3,17.5,5,6,1,0,0,0
CLI11674,Plus,Anual,Cartão,Parceiro,9,79.9,0,2.0,2.3,3,7,0,0,0,0
CLI11675,Essencial,Mensal,Boleto,Indicação,58,44.91,10,2.2,48.7,7,5,0,1,1,0
CLI11676,Essencial,Anual,Cartão,Parceiro,25,49.9,0,2.1,16.1,3,5,1,0,0,0
CLI11677,Essencial,Anual,Pix,Parceiro,22,47.4,5,1.4,6.7,3,6,1,1,0,0
CLI11678,Premium,Mensal,Débito automático,Indicação,21,107.91,10,3.5,45.5,12,5,2,0,0,0
CLI11679,Plus,Mensal,Débito automático,Mídia paga,20,79.9,0,4.2,45.3,6,8,0,1,1,0
CLI11680,Essencial,Mensal,Cartão,Busca orgânica,11,44.91,10,1.5,20.3,9,7,1,1,1,0
CLI11681,Essencial,Anual,Cartão,Indicação,19,49.9,0,2.3,43.0,8,5,1,2,0,0
CLI11682,Essencial,Mensal,Cartão,Busca orgânica,24,44.91,10,4.7,4.0,4,10,0,0,1,0
CLI11683,Premium,Mensal,Cartão,Parceiro,4,101.92,15,2.5,40.3,5,6,1,0,0,0
CLI11684,Premium,Mensal,Cartão,Busca orgânica,15,119.9,0,9.7,38.4,8,8,1,0,0,0
CLI11685,Premium,Anual,Pix,Busca orgânica,42,119.9,0,3.1,20.7,9,5,0,0,0,0
CLI11686,Premium,Mensal,Pix,Busca orgânica,24,95.92,20,4.0,13.6,7,5,1,0,0,0
CLI11687,Essencial,Anual,Cartão,Busca orgânica,46,49.9,0,2.6,5.1,1,9,0,0,0,0
CLI11688,Essencial,Mensal,Débito automático,Indicação,6,49.9,0,3.7,43.9,10,9,0,0,0,0
CLI11689,Plus,Anual,Cartão,Indicação,6,79.9,0,12.6,25.7,2,8,0,0,0,0
CLI11690,Plus,Mensal,Boleto,Indicação,31,79.9,0,4.4,40.8,5,8,0,1,1,0
CLI11691,Essencial,Mensal,Pix,Busca orgânica,14,44.91,10,1.6,32.4,8,8,0,0,0,0
CLI11692,Plus,Anual,Pix,Mídia paga,15,79.9,0,18.4,25.9,5,7,2,0,0,0
CLI11693,Essencial,Mensal,Cartão,Mídia paga,19,39.92,20,2.9,2.3,2,7,1,1,0,0
CLI11694,Essencial,Mensal,Pix,Indicação,15,47.4,5,6.7,62.2,7,6,1,0,0,0
CLI11695,Essencial,Anual,Cartão,Mídia paga,21,44.91,10,5.3,6.6,4,6,1,2,1,0
CLI11696,Premium,Mensal,Boleto,Busca orgânica,35,119.9,0,3.4,13.4,6,6,2,1,0,0
CLI11697,Plus,Mensal,Cartão,Indicação,96,71.91,10,5.0,14.7,6,3,3,2,0,1
CLI11698,Plus,Anual,Cartão,Parceiro,16,79.9,0,10.7,22.4,6,7,1,1,1,0
CLI11699,Plus,Anual,Débito automático,Mídia paga,54,63.92,20,7.9,41.2,9,10,0,0,0,0
CLI11700,Plus,Mensal,Pix,Mídia paga,3,67.92,15,2.8,86.3,15,5,0,0,1,1
CLI11701,Essencial,Mensal,Pix,Indicação,22,49.9,0,10.3,28.2,10,7,0,0,0,0
CLI11702,Plus,Mensal,Boleto,Indicação,27,75.9,5,4.8,12.6,5,9,1,1,0,0
CLI11703,Essencial,Mensal,Cartão,Mídia paga,15,47.4,5,2.0,40.5,4,6,2,2,1,1
CLI11704,Plus,Mensal,Cartão,Mídia paga,21,75.9,5,17.3,39.4,14,7,0,0,0,0
CLI11705,Essencial,Mensal,Boleto,Mídia paga,25,44.91,10,9.7,12.5,5,7,2,0,0,0
CLI11706,Essencial,Anual,Cartão,Indicação,12,42.42,15,4.4,18.2,6,7,0,0,0,0
CLI11707,Plus,Mensal,Débito automático,Mídia paga,32,75.9,5,8.4,44.0,6,7,1,0,0,0
CLI11708,Essencial,Mensal,Cartão,Busca orgânica,30,44.91,10,6.1,21.7,8,7,1,0,0,0
CLI11709,Plus,Anual,Cartão,Indicação,23,79.9,0,4.2,25.4,4,10,0,1,0,0
CLI11710,Plus,Anual,Cartão,Mídia paga,22,79.9,0,7.6,38.4,9,6,2,1,0,0
CLI11711,Plus,Anual,Débito automático,Mídia paga,42,79.9,0,1.4,18.1,10,10,0,0,0,0
CLI11712,Essencial,Mensal,Cartão,Mídia paga,38,49.9,0,2.7,29.1,10,5,0,1,0,0
CLI11713,Essencial,Mensal,Cartão,Indicação,16,44.91,10,5.7,10.0,6,7,1,1,1,0
CLI11714,Essencial,Anual,Cartão,Indicação,55,49.9,0,3.1,6.0,3,9,0,1,0,0
CLI11715,Premium,Mensal,Cartão,Busca orgânica,31,107.91,10,1.7,29.7,3,7,0,1,0,0
CLI11716,Premium,Mensal,Cartão,Busca orgânica,21,119.9,0,1.5,23.1,6,6,1,0,0,0
CLI11717,Essencial,Mensal,Boleto,Mídia paga,55,42.42,15,4.8,19.1,3,8,0,0,0,0
CLI11718,Plus,Anual,Débito automático,Mídia paga,6,71.91,10,7.4,16.6,3,8,1,0,0,0
CLI11719,Plus,Mensal,Cartão,Mídia paga,15,79.9,0,8.4,13.9,6,10,0,1,0,0
CLI11720,Premium,Mensal,Cartão,Mídia paga,57,101.92,15,9.2,30.5,2,3,2,2,0,1
CLI11721,Essencial,Mensal,Cartão,Indicação,32,44.91,10,10.6,15.5,2,10,0,1,0,0
CLI11722,Plus,Anual,Cartão,Busca orgânica,35,67.92,15,7.5,10.0,11,8,0,0,0,0
CLI11723,Plus,Mensal,Cartão,Mídia paga,24,71.91,10,5.3,17.1,6,9,1,0,0,0
CLI11724,Essencial,Mensal,Boleto,Busca orgânica,13,49.9,0,2.1,56.6,11,7,1,0,0,0
CLI11725,Essencial,Anual,Cartão,Busca orgânica,23,47.4,5,5.3,32.2,11,7,0,0,0,0
CLI11726,Essencial,Mensal,Cartão,Parceiro,40,47.4,5,1.4,43.7,11,8,0,0,0,0
CLI11727,Essencial,Mensal,Débito automático,Indicação,24,42.42,15,5.9,24.0,7,5,1,0,0,0
CLI11728,Plus,Mensal,Cartão,Parceiro,40,79.9,0,4.3,17.5,5,5,1,0,0,0
CLI11729,Plus,Mensal,Débito automático,Mídia paga,33,79.9,0,3.6,52.5,7,5,0,0,0,0
CLI11730,Essencial,Mensal,Débito automático,Mídia paga,14,49.9,0,0.8,33.7,6,6,0,1,1,0
CLI11731,Premium,Mensal,Cartão,Indicação,33,113.9,5,4.2,16.2,5,7,1,0,0,0
CLI11732,Essencial,Mensal,Débito automático,Mídia paga,44,49.9,0,7.6,27.8,9,5,4,0,1,1
CLI11733,Premium,Anual,Cartão,Indicação,11,107.91,10,2.5,19.7,6,6,0,0,0,0
CLI11734,Essencial,Mensal,Cartão,Parceiro,20,49.9,0,1.6,46.8,4,8,2,1,0,0
CLI11735,Premium,Mensal,Débito automático,Busca orgânica,22,119.9,0,3.1,21.1,7,8,3,0,0,0
CLI11736,Premium,Anual,Débito automático,Busca orgânica,30,119.9,0,3.4,42.3,9,6,2,0,1,0
CLI11737,Premium,Anual,Cartão,Mídia paga,72,113.9,5,8.2,34.0,10,7,0,0,0,0
CLI11738,Plus,Mensal,Cartão,Indicação,14,79.9,0,4.6,39.0,7,5,1,0,0,0
CLI11739,Essencial,Mensal,Boleto,Busca orgânica,21,49.9,0,5.5,22.5,4,5,1,0,0,0
CLI11740,Plus,Mensal,Débito automático,Mídia paga,15,79.9,0,3.1,9.2,1,7,0,0,1,0
CLI11741,Plus,Anual,Pix,Indicação,6,71.91,10,3.2,31.8,5,5,1,0,1,0
CLI11742,Essencial,Anual,Pix,Indicação,37,49.9,0,12.6,13.2,3,7,0,0,0,0
CLI11743,Premium,Mensal,Pix,Busca orgânica,70,119.9,0,6.8,68.4,11,5,0,0,0,1
CLI11744,Essencial,Mensal,Débito automático,Busca orgânica,40,49.9,0,8.0,38.9,16,6,1,0,1,0
CLI11745,Essencial,Mensal,Cartão,Busca orgânica,12,49.9,0,0.7,36.0,5,6,1,0,0,1
CLI11746,Premium,Anual,Cartão,Busca orgânica,12,119.9,0,6.3,41.2,6,8,1,0,0,0
CLI11747,Essencial,Mensal,Pix,Busca orgânica,21,49.9,0,2.4,2.3,5,9,1,0,0,0
CLI11748,Essencial,Mensal,Débito automático,Busca orgânica,16,44.91,10,1.4,22.9,5,7,0,0,0,0
CLI11749,Essencial,Mensal,Débito automático,Busca orgânica,13,44.91,10,5.4,10.7,4,9,0,0,0,0
CLI11750,Plus,Anual,Pix,Busca orgânica,46,79.9,0,2.8,0.9,5,7,1,0,0,0
CLI11751,Premium,Anual,Pix,Busca orgânica,48,107.91,10,12.6,56.9,17,6,4,1,0,0
CLI11752,Essencial,Mensal,Cartão,Busca orgânica,19,49.9,0,2.4,29.2,12,6,2,0,0,0
CLI11753,Plus,Anual,Débito automático,Indicação,47,75.9,5,5.8,44.8,10,8,1,0,0,0
CLI11754,Plus,Mensal,Boleto,Mídia paga,47,71.91,10,3.9,16.8,2,8,0,1,0,0
CLI11755,Plus,Anual,Débito automático,Indicação,11,75.9,5,5.7,10.3,4,8,0,0,0,0
CLI11756,Plus,Anual,Débito automático,Indicação,24,79.9,0,6.9,20.1,10,9,0,0,0,0
CLI11757,Premium,Mensal,Boleto,Mídia paga,7,119.9,0,17.6,37.4,6,8,1,1,0,0
CLI11758,Essencial,Mensal,Cartão,Parceiro,14,44.91,10,5.0,37.4,2,7,0,0,1,0
CLI11759,Essencial,Mensal,Pix,Parceiro,56,47.4,5,1.8,13.4,6,7,2,0,1,0
CLI11760,Plus,Anual,Pix,Mídia paga,68,71.91,10,6.2,13.8,9,5,3,0,0,0
CLI11761,Essencial,Mensal,Pix,Busca orgânica,33,47.4,5,3.6,10.6,3,7,1,0,1,0
CLI11762,Plus,Mensal,Débito automático,Mídia paga,47,71.91,10,3.9,29.7,13,6,0,0,0,0
CLI11763,Essencial,Mensal,Cartão,Mídia paga,17,39.92,20,2.1,9.3,0,8,0,0,0,0
CLI11764,Essencial,Mensal,Cartão,Parceiro,16,39.92,20,9.4,47.5,7,7,0,0,1,0
CLI11765,Premium,Mensal,Cartão,Busca orgânica,37,119.9,0,9.3,27.9,16,6,0,1,0,0
CLI11766,Essencial,Anual,Cartão,Busca orgânica,21,47.4,5,1.1,37.3,3,6,0,1,1,0
CLI11767,Plus,Mensal,Cartão,Indicação,4,79.9,0,2.3,15.7,5,9,1,0,0,0
CLI11768,Plus,Mensal,Cartão,Indicação,21,79.9,0,11.0,27.4,7,9,1,0,0,0
CLI11769,Essencial,Mensal,Cartão,Mídia paga,53,42.42,15,5.3,8.2,2,7,2,1,0,0
CLI11770,Essencial,Anual,Cartão,Parceiro,24,44.91,10,2.3,51.3,12,6,2,0,0,0
CLI11771,Essencial,Mensal,Pix,Busca orgânica,49,47.4,5,3.1,31.6,2,7,0,3,0,0
CLI11772,Plus,Mensal,Pix,Indicação,5,67.92,15,3.9,49.8,12,7,1,1,1,0
CLI11773,Essencial,Mensal,Cartão,Busca orgânica,25,44.91,10,4.7,3.9,3,10,1,0,0,0
CLI11774,Plus,Mensal,Boleto,Indicação,19,67.92,15,9.3,3.0,4,10,1,0,0,0
CLI11775,Essencial,Mensal,Cartão,Parceiro,9,44.91,10,0.9,24.3,11,5,1,2,1,0
CLI11776,Essencial,Mensal,Débito automático,Indicação,24,49.9,0,2.8,18.6,5,9,0,0,0,0
CLI11777,Essencial,Mensal,Débito automático,Indicação,20,49.9,0,4.2,14.4,4,6,1,0,0,0
CLI11778,Essencial,Anual,Débito automático,Busca orgânica,62,42.42,15,5.0,47.0,7,6,0,0,0,0
CLI11779,Essencial,Mensal,Pix,Busca orgânica,54,47.4,5,4.3,15.6,1,6,1,0,0,0
CLI11780,Premium,Mensal,Cartão,Mídia paga,21,119.9,0,1.8,15.3,5,6,0,0,1,0
CLI11781,Essencial,Anual,Débito automático,Busca orgânica,23,44.91,10,1.8,56.0,9,7,0,0,0,0
CLI11782,Plus,Mensal,Pix,Parceiro,15,75.9,5,3.5,26.0,10,5,0,0,0,1
CLI11783,Plus,Mensal,Débito automático,Mídia paga,10,79.9,0,8.2,1.8,1,8,0,0,0,0
CLI11784,Plus,Anual,Cartão,Indicação,28,79.9,0,4.3,15.6,6,9,1,1,0,0
CLI11785,Plus,Mensal,Boleto,Indicação,5,71.91,10,4.8,46.9,7,7,0,1,1,0
CLI11786,Essencial,Anual,Boleto,Busca orgânica,18,44.91,10,6.1,16.6,5,7,1,1,0,0
CLI11787,Plus,Mensal,Débito automático,Busca orgânica,10,63.92,20,5.9,14.6,5,8,1,0,0,0
CLI11788,Essencial,Anual,Boleto,Busca orgânica,34,44.91,10,1.7,18.4,10,8,2,1,0,0
CLI11789,Plus,Mensal,Cartão,Indicação,43,71.91,10,7.2,65.4,11,5,1,0,0,1
CLI11790,Essencial,Mensal,Cartão,Indicação,23,44.91,10,9.8,48.3,13,6,2,1,0,0
CLI11791,Plus,Anual,Débito automático,Indicação,20,79.9,0,2.3,8.6,4,8,0,0,0,0
CLI11792,Plus,Mensal,Débito automático,Mídia paga,46,63.92,20,10.9,1.4,10,8,0,2,0,0
CLI11793,Plus,Mensal,Pix,Mídia paga,15,63.92,20,3.7,78.0,8,6,1,0,0,0
CLI11794,Essencial,Mensal,Cartão,Indicação,45,49.9,0,2.8,83.5,19,3,2,0,0,1
CLI11795,Plus,Mensal,Pix,Busca orgânica,32,67.92,15,4.0,49.4,10,6,0,1,0,0
CLI11796,Plus,Anual,Cartão,Parceiro,24,79.9,0,7.4,34.7,7,9,1,1,0,0
CLI11797,Plus,Mensal,Débito automático,Indicação,60,71.91,10,5.1,17.6,4,8,0,0,1,0
CLI11798,Essencial,Mensal,Boleto,Indicação,45,49.9,0,1.6,20.0,3,8,1,0,0,0
CLI11799,Essencial,Mensal,Cartão,Busca orgânica,8,39.92,20,11.4,38.2,13,8,1,1,1,0
CLI11800,Essencial,Mensal,Débito automático,Indicação,18,42.42,15,4.3,73.5,16,4,2,1,0,0
CLI11801,Plus,Anual,Cartão,Indicação,11,67.92,15,5.0,36.9,14,7,2,0,0,1
CLI11802,Essencial,Mensal,Pix,Parceiro,21,49.9,0,4.6,34.7,7,8,1,0,0,1
CLI11803,Plus,Mensal,Boleto,Mídia paga,51,79.9,0,1.8,13.5,1,7,1,2,1,0
CLI11804,Plus,Mensal,Cartão,Mídia paga,41,75.9,5,6.0,4.6,4,7,0,1,0,0
CLI11805,Plus,Mensal,Cartão,Parceiro,9,67.92,15,4.8,8.5,2,7,2,0,0,0
CLI11806,Plus,Mensal,Boleto,Indicação,16,79.9,0,2.0,3.7,3,7,0,1,0,1
CLI11807,Plus,Anual,Cartão,Parceiro,19,79.9,0,2.4,51.8,8,5,2,0,0,0
CLI11808,Plus,Mensal,Cartão,Parceiro,31,75.9,5,4.6,18.3,3,8,0,1,0,0
CLI11809,Essencial,Mensal,Cartão,Mídia paga,34,39.92,20,3.7,16.1,7,6,2,0,1,0
CLI11810,Premium,Anual,Cartão,Parceiro,5,95.92,20,9.8,6.6,6,5,2,0,0,0
CLI11811,Premium,Mensal,Cartão,Mídia paga,53,95.92,20,1.8,5.5,3,7,1,0,0,0
CLI11812,Plus,Anual,Débito automático,Busca orgânica,20,75.9,5,4.3,15.1,4,7,1,0,0,0
CLI11813,Premium,Mensal,Pix,Busca orgânica,48,95.92,20,5.7,14.8,6,8,2,0,0,0
CLI11814,Premium,Mensal,Cartão,Mídia paga,8,95.92,20,4.5,14.7,3,7,1,0,1,0
CLI11815,Plus,Mensal,Débito automático,Mídia paga,6,67.92,15,3.2,33.6,6,7,1,0,0,0
CLI11816,Plus,Mensal,Cartão,Busca orgânica,33,75.9,5,8.7,49.9,6,6,1,1,0,0
CLI11817,Plus,Anual,Cartão,Indicação,17,79.9,0,2.1,10.1,7,5,1,2,0,0
CLI11818,Essencial,Mensal,Boleto,Indicação,21,44.91,10,3.0,45.0,7,6,1,0,0,1
CLI11819,Essencial,Mensal,Débito automático,Indicação,20,49.9,0,7.5,32.9,1,2,1,0,0,0
CLI11820,Essencial,Anual,Pix,Busca orgânica,31,49.9,0,1.8,32.2,9,3,3,0,0,0
CLI11821,Plus,Mensal,Pix,Indicação,29,75.9,5,5.4,33.8,8,6,1,1,1,0
CLI11822,Essencial,Mensal,Débito automático,Indicação,37,42.42,15,4.5,4.4,2,8,0,1,1,0
CLI11823,Plus,Mensal,Pix,Parceiro,58,75.9,5,7.1,12.6,6,6,0,0,0,0
CLI11824,Plus,Mensal,Cartão,Busca orgânica,83,79.9,0,1.3,14.4,5,6,1,0,1,1
CLI11825,Plus,Anual,Cartão,Parceiro,49,75.9,5,2.6,23.8,6,8,0,0,0,0
CLI11826,Essencial,Mensal,Cartão,Indicação,42,49.9,0,1.4,37.4,4,4,3,1,0,1
CLI11827,Plus,Mensal,Boleto,Busca orgânica,24,79.9,0,8.4,68.5,14,5,0,0,1,0
CLI11828,Essencial,Mensal,Débito automático,Mídia paga,2,49.9,0,2.9,53.1,11,4,1,0,1,1
CLI11829,Essencial,Mensal,Cartão,Parceiro,17,47.4,5,5.5,7.1,7,8,1,0,0,0
CLI11830,Essencial,Mensal,Cartão,Mídia paga,33,49.9,0,10.5,46.0,6,4,0,2,0,0
CLI11831,Essencial,Mensal,Boleto,Parceiro,5,44.91,10,2.3,12.0,7,7,1,0,0,0
CLI11832,Essencial,Mensal,Cartão,Indicação,36,44.91,10,7.2,21.5,3,8,0,1,0,0
CLI11833,Plus,Mensal,Débito automático,Busca orgânica,7,75.9,5,4.0,27.7,11,6,0,0,1,0
CLI11834,Essencial,Mensal,Débito automático,Parceiro,15,49.9,0,1.3,25.5,5,8,1,0,0,0
CLI11835,Essencial,Mensal,Boleto,Busca orgânica,20,49.9,0,2.4,19.0,7,10,0,0,1,0
CLI11836,Premium,Mensal,Cartão,Indicação,12,113.9,5,13.7,28.9,5,7,1,0,0,0
CLI11837,Plus,Mensal,Débito automático,Indicação,16,79.9,0,9.9,25.2,4,8,0,0,0,0
CLI11838,Premium,Anual,Cartão,Mídia paga,35,113.9,5,7.3,22.4,6,6,1,1,0,0
CLI11839,Plus,Mensal,Boleto,Indicação,39,75.9,5,6.4,69.3,9,5,0,0,0,0
CLI11840,Essencial,Mensal,Cartão,Busca orgânica,39,47.4,5,2.9,19.9,5,4,2,3,0,0
CLI11841,Premium,Anual,Pix,Indicação,38,113.9,5,17.4,53.4,8,7,0,0,0,0
CLI11842,Premium,Mensal,Pix,Indicação,47,95.92,20,5.8,2.5,4,7,2,1,1,0
CLI11843,Plus,Mensal,Débito automático,Busca orgânica,46,71.91,10,7.7,10.6,4,8,0,0,0,0
CLI11844,Plus,Anual,Cartão,Indicação,52,79.9,0,3.1,32.6,7,5,2,0,0,0
CLI11845,Essencial,Mensal,Cartão,Mídia paga,34,49.9,0,3.4,24.7,6,6,0,0,0,1
CLI11846,Plus,Mensal,Débito automático,Indicação,49,63.92,20,0.6,32.7,5,7,1,0,0,0
CLI11847,Plus,Mensal,Cartão,Mídia paga,67,63.92,20,4.0,14.3,3,9,1,1,0,0
CLI11848,Plus,Mensal,Cartão,Busca orgânica,11,75.9,5,6.1,8.6,3,7,0,1,0,0
CLI11849,Essencial,Mensal,Cartão,Busca orgânica,39,42.42,15,4.8,72.2,6,6,1,0,0,1
CLI11850,Essencial,Mensal,Boleto,Mídia paga,8,44.91,10,5.3,45.7,7,7,1,0,1,0
CLI11851,Essencial,Mensal,Pix,Busca orgânica,31,49.9,0,3.9,64.0,12,7,1,0,0,0
CLI11852,Essencial,Mensal,Débito automático,Indicação,14,44.91,10,4.2,22.5,7,6,1,0,0,0
CLI11853,Essencial,Mensal,Boleto,Busca orgânica,49,49.9,0,3.5,32.3,5,7,1,1,0,0
CLI11854,Premium,Mensal,Débito automático,Busca orgânica,37,113.9,5,11.9,8.0,5,7,3,0,0,0
CLI11855,Essencial,Mensal,Cartão,Indicação,41,42.42,15,3.9,4.4,6,9,0,1,0,0
CLI11856,Essencial,Mensal,Cartão,Mídia paga,19,47.4,5,5.7,36.6,8,6,0,0,0,0
CLI11857,Essencial,Mensal,Débito automático,Busca orgânica,62,44.91,10,1.5,30.1,4,8,0,1,0,0
CLI11858,Plus,Mensal,Débito automático,Indicação,22,71.91,10,6.4,8.9,3,8,0,0,0,0
CLI11859,Plus,Anual,Cartão,Indicação,14,71.91,10,4.3,7.1,6,8,0,1,0,0
CLI11860,Plus,Anual,Boleto,Indicação,19,71.91,10,1.1,67.8,10,6,1,0,0,0
CLI11861,Premium,Mensal,Cartão,Indicação,13,119.9,0,1.9,36.0,0,9,1,0,0,0
CLI11862,Premium,Mensal,Cartão,Busca orgânica,17,101.92,15,2.5,16.8,4,8,0,1,0,0
CLI11863,Premium,Anual,Pix,Indicação,22,107.91,10,5.8,30.2,11,7,2,0,1,0
CLI11864,Plus,Mensal,Boleto,Busca orgânica,57,75.9,5,3.4,13.9,9,8,2,1,0,0
CLI11865,Essencial,Anual,Cartão,Indicação,7,42.42,15,5.1,15.3,3,7,0,0,0,0
CLI11866,Plus,Anual,Cartão,Parceiro,17,79.9,0,8.8,13.6,6,10,0,0,0,0
CLI11867,Essencial,Anual,Pix,Mídia paga,39,49.9,0,3.7,21.3,10,4,0,0,1,1
CLI11868,Plus,Mensal,Boleto,Mídia paga,27,79.9,0,10.2,17.8,6,7,0,0,1,0
CLI11869,Essencial,Mensal,Cartão,Busca orgânica,39,42.42,15,2.4,12.6,4,6,1,2,1,1
CLI11870,Essencial,Mensal,Cartão,Indicação,70,44.91,10,4.1,23.1,5,8,1,0,0,0
CLI11871,Essencial,Mensal,Boleto,Busca orgânica,25,47.4,5,2.2,32.2,6,5,0,2,0,0
CLI11872,Plus,Anual,Débito automático,Busca orgânica,13,67.92,15,6.4,55.6,10,5,2,0,1,0
CLI11873,Plus,Anual,Cartão,Mídia paga,24,67.92,15,7.7,64.3,11,6,0,1,1,0
CLI11874,Essencial,Mensal,Cartão,Parceiro,19,44.91,10,5.9,68.6,12,5,0,0,0,1
CLI11875,Plus,Mensal,Pix,Indicação,18,63.92,20,5.0,60.5,10,6,0,1,0,1
CLI11876,Essencial,Anual,Cartão,Indicação,13,39.92,20,2.0,49.0,8,6,0,0,0,0
CLI11877,Plus,Anual,Cartão,Mídia paga,52,75.9,5,4.7,29.6,12,9,0,0,0,0
CLI11878,Essencial,Anual,Cartão,Indicação,7,44.91,10,4.0,16.2,7,6,1,0,0,1
CLI11879,Essencial,Mensal,Boleto,Mídia paga,45,39.92,20,2.3,9.5,6,8,0,0,0,0
CLI11880,Plus,Anual,Débito automático,Mídia paga,39,67.92,15,8.3,7.3,4,9,1,0,0,0
CLI11881,Plus,Mensal,Pix,Mídia paga,5,75.9,5,20.2,22.9,5,7,2,0,0,0
CLI11882,Premium,Mensal,Cartão,Indicação,32,119.9,0,3.4,9.9,4,8,0,1,0,0
CLI11883,Plus,Mensal,Cartão,Indicação,9,79.9,0,8.3,27.0,7,5,1,0,0,0
CLI11884,Premium,Mensal,Boleto,Mídia paga,24,119.9,0,4.9,81.4,13,4,3,3,0,1
CLI11885,Essencial,Anual,Débito automático,Busca orgânica,23,49.9,0,1.6,23.9,3,7,1,0,0,0
CLI11886,Essencial,Mensal,Cartão,Mídia paga,15,44.91,10,1.2,16.7,2,5,2,1,1,1
CLI11887,Premium,Mensal,Débito automático,Busca orgânica,23,113.9,5,8.0,35.6,12,7,1,1,0,0
CLI11888,Essencial,Mensal,Cartão,Busca orgânica,58,47.4,5,1.8,52.5,8,7,1,2,0,1
CLI11889,Plus,Anual,Cartão,Indicação,8,79.9,0,4.7,39.7,8,7,2,1,0,0
CLI11890,Essencial,Mensal,Cartão,Mídia paga,21,47.4,5,2.5,26.5,3,6,0,0,0,0
CLI11891,Plus,Mensal,Boleto,Busca orgânica,8,79.9,0,4.2,59.7,12,5,0,1,0,1
CLI11892,Essencial,Mensal,Débito automático,Busca orgânica,84,44.91,10,1.4,18.4,8,5,2,0,1,0
CLI11893,Plus,Mensal,Pix,Busca orgânica,15,63.92,20,12.5,20.5,5,3,3,0,1,0
CLI11894,Plus,Mensal,Cartão,Mídia paga,14,67.92,15,5.9,45.7,9,6,1,0,0,0
CLI11895,Essencial,Mensal,Débito automático,Mídia paga,92,49.9,0,2.2,8.4,3,9,3,0,0,0
CLI11896,Essencial,Mensal,Cartão,Indicação,35,44.91,10,1.9,50.0,14,5,0,0,0,0
CLI11897,Essencial,Anual,Cartão,Indicação,47,49.9,0,5.0,21.7,8,6,1,0,0,0
CLI11898,Essencial,Anual,Débito automático,Mídia paga,3,47.4,5,5.3,17.3,10,6,0,1,1,1
CLI11899,Essencial,Mensal,Débito automático,Mídia paga,44,47.4,5,1.4,13.5,1,6,1,0,1,0
CLI11900,Premium,Mensal,Cartão,Busca orgânica,17,119.9,0,3.4,40.6,8,5,2,1,0,0
CLI11901,Essencial,Mensal,Cartão,Busca orgânica,39,47.4,5,9.5,40.7,6,7,0,1,0,0
CLI11902,Essencial,Mensal,Débito automático,Mídia paga,41,44.91,10,2.2,5.6,4,10,1,0,1,0
CLI11903,Essencial,Mensal,Cartão,Mídia paga,6,44.91,10,3.0,9.3,2,9,0,0,0,0
CLI11904,Essencial,Anual,Pix,Busca orgânica,8,49.9,0,2.3,47.6,9,7,1,0,0,0
CLI11905,Essencial,Anual,Débito automático,Indicação,10,49.9,0,3.4,71.1,13,5,1,0,0,1
CLI11906,Plus,Mensal,Pix,Mídia paga,42,71.91,10,2.0,60.6,8,6,0,0,0,0
CLI11907,Plus,Anual,Cartão,Busca orgânica,9,71.91,10,9.8,15.2,5,8,0,0,0,0
CLI11908,Plus,Anual,Débito automático,Mídia paga,6,75.9,5,4.3,36.0,9,9,0,0,0,0
CLI11909,Essencial,Mensal,Boleto,Mídia paga,11,44.91,10,1.0,26.6,4,8,0,0,0,0
CLI11910,Plus,Anual,Débito automático,Busca orgânica,4,67.92,15,4.5,22.9,9,6,0,0,1,0
CLI11911,Premium,Anual,Cartão,Busca orgânica,24,119.9,0,9.7,63.7,11,5,2,1,0,0
CLI11912,Premium,Anual,Boleto,Indicação,15,113.9,5,3.3,14.4,5,9,0,1,0,0
CLI11913,Premium,Anual,Cartão,Mídia paga,12,113.9,5,8.9,26.8,8,10,0,0,0,0
CLI11914,Essencial,Mensal,Cartão,Parceiro,55,44.91,10,6.4,43.1,8,6,4,0,1,0
CLI11915,Premium,Mensal,Cartão,Parceiro,24,113.9,5,3.1,37.0,6,6,0,1,0,0
CLI11916,Plus,Anual,Cartão,Mídia paga,28,71.91,10,3.0,2.1,2,5,0,0,0,0
CLI11917,Plus,Mensal,Cartão,Mídia paga,23,79.9,0,3.5,46.2,6,6,2,0,0,0
CLI11918,Plus,Mensal,Débito automático,Mídia paga,33,79.9,0,12.6,53.1,6,6,1,1,0,0
CLI11919,Premium,Mensal,Cartão,Busca orgânica,51,119.9,0,9.0,26.7,6,6,2,1,0,0
CLI11920,Essencial,Mensal,Cartão,Parceiro,25,49.9,0,2.5,47.2,12,3,4,0,0,1
CLI11921,Plus,Mensal,Débito automático,Busca orgânica,38,79.9,0,6.9,57.4,12,6,0,1,1,0
CLI11922,Plus,Anual,Cartão,Mídia paga,25,63.92,20,5.6,26.6,5,4,2,0,0,0
CLI11923,Plus,Mensal,Pix,Indicação,17,71.91,10,2.2,29.9,8,8,2,0,0,0
CLI11924,Plus,Mensal,Boleto,Busca orgânica,32,75.9,5,9.6,45.8,15,7,1,1,0,1
CLI11925,Essencial,Mensal,Cartão,Busca orgânica,63,49.9,0,5.6,3.2,5,7,0,1,0,0
CLI11926,Essencial,Mensal,Cartão,Busca orgânica,45,44.91,10,4.3,25.5,4,7,0,1,0,0
CLI11927,Essencial,Anual,Cartão,Mídia paga,8,39.92,20,2.0,6.6,4,8,0,1,0,0
CLI11928,Plus,Anual,Débito automático,Parceiro,33,79.9,0,11.1,25.2,6,8,1,0,1,0
CLI11929,Plus,Anual,Cartão,Mídia paga,12,79.9,0,7.4,33.1,4,8,0,0,1,0
CLI11930,Premium,Mensal,Boleto,Busca orgânica,29,101.92,15,14.6,75.0,19,5,1,0,0,0
CLI11931,Plus,Anual,Débito automático,Mídia paga,7,79.9,0,4.2,13.6,5,7,0,0,1,0
CLI11932,Plus,Mensal,Pix,Busca orgânica,28,67.92,15,20.5,36.7,5,5,3,0,0,0
CLI11933,Essencial,Mensal,Boleto,Busca orgânica,13,49.9,0,3.3,48.2,10,6,2,2,0,1
CLI11934,Plus,Anual,Cartão,Parceiro,26,67.92,15,5.2,9.3,5,5,0,1,0,0
CLI11935,Premium,Mensal,Débito automático,Indicação,19,119.9,0,20.6,32.3,6,5,2,0,1,0
CLI11936,Plus,Mensal,Débito automático,Mídia paga,21,71.91,10,16.1,28.4,7,6,0,0,0,0
CLI11937,Premium,Anual,Débito automático,Indicação,64,119.9,0,11.2,16.4,5,9,0,0,0,0
CLI11938,Premium,Mensal,Pix,Parceiro,29,107.91,10,6.1,16.7,9,6,3,0,0,0
CLI11939,Essencial,Anual,Cartão,Mídia paga,22,49.9,0,5.3,28.3,6,7,3,2,0,0
CLI11940,Plus,Mensal,Débito automático,Busca orgânica,55,71.91,10,4.3,26.2,8,5,1,0,0,0
CLI11941,Plus,Mensal,Pix,Indicação,46,75.9,5,2.7,34.0,9,10,0,1,0,0
CLI11942,Essencial,Anual,Débito automático,Indicação,14,49.9,0,3.4,7.8,5,10,2,0,0,0
CLI11943,Essencial,Mensal,Débito automático,Indicação,62,47.4,5,6.5,22.0,3,4,0,1,1,0
CLI11944,Essencial,Mensal,Pix,Mídia paga,7,39.92,20,3.9,0.6,5,7,1,1,1,0
CLI11945,Essencial,Mensal,Boleto,Mídia paga,13,44.91,10,1.1,26.2,7,10,0,0,0,0
CLI11946,Plus,Mensal,Cartão,Indicação,31,79.9,0,6.5,4.9,4,4,2,3,0,1
CLI11947,Essencial,Mensal,Cartão,Busca orgânica,32,39.92,20,0.7,19.2,6,4,1,1,1,0
CLI11948,Essencial,Anual,Cartão,Busca orgânica,59,44.91,10,5.1,56.3,13,7,1,0,0,1
CLI11949,Plus,Mensal,Cartão,Mídia paga,22,79.9,0,3.0,5.7,3,7,0,2,0,0
CLI11950,Essencial,Mensal,Pix,Busca orgânica,61,39.92,20,6.2,42.2,8,7,2,0,0,0
CLI11951,Premium,Mensal,Cartão,Mídia paga,96,113.9,5,8.4,33.5,10,6,0,1,0,1
CLI11952,Essencial,Mensal,Débito automático,Mídia paga,16,47.4,5,7.9,13.0,6,7,1,1,0,0
CLI11953,Essencial,Mensal,Boleto,Busca orgânica,25,49.9,0,2.2,3.1,4,7,1,2,0,0
CLI11954,Premium,Anual,Débito automático,Busca orgânica,14,95.92,20,5.8,17.0,6,7,1,0,0,0
CLI11955,Premium,Mensal,Cartão,Busca orgânica,14,119.9,0,1.5,0.8,1,10,0,1,0,0
CLI11956,Plus,Mensal,Boleto,Parceiro,27,71.91,10,6.4,15.5,2,8,1,0,1,0
CLI11957,Plus,Mensal,Débito automático,Indicação,18,71.91,10,5.1,6.9,5,7,1,0,1,0
CLI11958,Essencial,Mensal,Débito automático,Busca orgânica,14,44.91,10,0.5,18.9,6,7,0,0,0,1
CLI11959,Plus,Mensal,Cartão,Mídia paga,17,79.9,0,5.4,87.1,13,6,0,0,1,1
CLI11960,Essencial,Mensal,Débito automático,Busca orgânica,16,47.4,5,1.5,9.4,9,10,0,0,0,0
CLI11961,Plus,Mensal,Cartão,Busca orgânica,29,79.9,0,4.6,36.4,3,5,0,1,1,1
CLI11962,Essencial,Mensal,Cartão,Busca orgânica,10,49.9,0,9.4,1.5,2,8,1,0,0,0
CLI11963,Plus,Anual,Cartão,Indicação,42,75.9,5,6.4,30.6,7,8,1,1,0,0
CLI11964,Essencial,Anual,Débito automático,Mídia paga,45,47.4,5,3.2,4.3,3,8,0,0,0,0
CLI11965,Essencial,Mensal,Cartão,Mídia paga,2,47.4,5,1.5,37.5,7,8,1,1,0,1
CLI11966,Essencial,Anual,Cartão,Parceiro,43,49.9,0,2.6,56.2,9,6,0,1,1,0
CLI11967,Plus,Mensal,Pix,Busca orgânica,18,79.9,0,5.1,20.2,4,8,1,0,0,0
CLI11968,Essencial,Mensal,Cartão,Busca orgânica,18,49.9,0,2.7,16.3,8,8,0,1,1,0
CLI11969,Plus,Mensal,Cartão,Busca orgânica,31,71.91,10,3.3,16.0,6,7,0,1,0,0
CLI11970,Essencial,Mensal,Débito automático,Indicação,18,42.42,15,6.8,7.3,1,8,2,1,1,0
CLI11971,Plus,Anual,Boleto,Mídia paga,28,75.9,5,4.7,35.7,5,6,0,0,1,0
CLI11972,Essencial,Mensal,Débito automático,Indicação,27,49.9,0,3.3,9.4,5,8,0,0,1,0
CLI11973,Premium,Mensal,Débito automático,Busca orgânica,25,119.9,0,12.6,58.2,14,8,0,0,0,0
CLI11974,Essencial,Mensal,Cartão,Indicação,41,49.9,0,2.3,23.6,6,9,2,1,0,0
CLI11975,Essencial,Anual,Cartão,Indicação,28,47.4,5,4.1,22.5,7,4,2,0,0,0
CLI11976,Essencial,Mensal,Pix,Mídia paga,9,49.9,0,4.3,3.9,5,9,1,0,1,0
CLI11977,Essencial,Anual,Boleto,Parceiro,37,49.9,0,4.2,4.8,5,9,1,0,0,0
CLI11978,Plus,Mensal,Cartão,Mídia paga,7,63.92,20,6.0,0.1,3,7,0,1,1,0
CLI11979,Essencial,Mensal,Cartão,Busca orgânica,69,47.4,5,4.0,69.6,7,6,1,0,0,1
CLI11980,Premium,Anual,Débito automático,Busca orgânica,13,119.9,0,22.6,10.4,5,9,0,0,0,0
CLI11981,Plus,Mensal,Pix,Mídia paga,13,79.9,0,8.1,27.3,5,8,1,0,0,0
CLI11982,Essencial,Mensal,Cartão,Mídia paga,64,39.92,20,0.8,29.7,3,5,0,4,0,1
CLI11983,Essencial,Mensal,Débito automático,Mídia paga,22,44.91,10,2.8,30.7,6,7,1,1,0,0
CLI11984,Essencial,Anual,Pix,Indicação,20,49.9,0,2.1,51.6,6,5,2,0,0,0
CLI11985,Essencial,Anual,Boleto,Mídia paga,19,49.9,0,3.7,20.6,6,7,2,1,1,0
CLI11986,Essencial,Mensal,Cartão,Indicação,23,44.91,10,5.8,49.7,16,6,1,1,1,0
CLI11987,Essencial,Anual,Cartão,Busca orgânica,60,44.91,10,3.8,20.2,3,7,1,0,0,0
CLI11988,Essencial,Mensal,Cartão,Parceiro,18,44.91,10,1.2,36.7,8,7,0,0,1,0
CLI11989,Premium,Mensal,Cartão,Parceiro,61,119.9,0,11.3,14.0,5,9,1,0,1,0
CLI11990,Plus,Anual,Cartão,Busca orgânica,29,67.92,15,2.5,37.0,10,7,1,1,0,0
CLI11991,Premium,Anual,Cartão,Mídia paga,53,107.91,10,9.9,29.4,3,7,1,0,0,0
CLI11992,Essencial,Anual,Cartão,Busca orgânica,18,44.91,10,0.9,7.2,1,6,1,0,0,0
CLI11993,Premium,Anual,Pix,Indicação,49,119.9,0,18.1,26.4,7,5,2,1,1,0
CLI11994,Essencial,Mensal,Cartão,Mídia paga,12,49.9,0,3.3,10.9,3,6,2,0,1,0
CLI11995,Essencial,Anual,Cartão,Mídia paga,29,49.9,0,2.3,67.1,10,5,1,0,0,0
CLI11996,Plus,Mensal,Cartão,Busca orgânica,11,79.9,0,1.9,31.6,9,8,1,1,1,1
CLI11997,Essencial,Mensal,Cartão,Mídia paga,16,49.9,0,4.4,54.3,11,5,1,0,1,1
CLI11998,Essencial,Anual,Cartão,Indicação,11,44.91,10,4.0,8.1,4,5,3,0,0,0
CLI11999,Plus,Mensal,Boleto,Busca orgânica,51,71.91,10,0.7,62.1,15,6,0,0,0,0
CLI12000,Plus,Mensal,Pix,Parceiro,29,75.9,5,5.8,1.8,7,7,1,0,0,0
